Open time,Open,High,Low,Close,Volume,Close time,Quote asset volume,Number of trades,Taker buy base asset volume,Taker buy quote asset volume,Ignore
2018-01-01 00:00:00.000000 UTC,13715.65,13818.55,12750.0,13380.0,8609.915844,2018-01-01 23:59:59.999000 UTC,114799747.44197056,105595,3961.938946,52809747.44038045,0
2018-01-02 00:00:00.000000 UTC,13382.16,15473.49,12890.02,14675.11,20078.092111,2018-01-02 23:59:59.999000 UTC,279717107.4337192,177728,11346.326739,158080088.68331683,0
2018-01-03 00:00:00.000000 UTC,14690.0,15307.56,14150.0,14919.51,15905.667639,2018-01-03 23:59:59.999000 UTC,236116868.33619007,162787,8994.953566,133587333.24534808,0
2018-01-04 00:00:00.000000 UTC,14919.51,15280.0,13918.04,15059.54,21329.649574,2018-01-04 23:59:59.999000 UTC,312781583.79830784,170310,12680.812951,186116793.0115893,0
2018-01-05 00:00:00.000000 UTC,15059.56,17176.24,14600.0,16960.39,23251.491125,2018-01-05 23:59:59.999000 UTC,369321956.4868375,192969,13346.622293,211829900.67898223,0
2018-01-06 00:00:00.000000 UTC,16960.39,17143.13,16011.21,17069.79,18571.457508,2018-01-06 23:59:59.999000 UTC,309216920.9864104,158242,11007.164056,183417769.0623772,0
2018-01-07 00:00:00.000000 UTC,17069.79,17099.96,15610.0,16150.03,12493.125558,2018-01-07 23:59:59.999000 UTC,206194706.37068355,120269,6779.320508,112151163.1274352,0
2018-01-08 00:00:00.000000 UTC,16218.85,16322.3,12812.0,14902.54,26600.609912,2018-01-08 23:59:59.999000 UTC,396569997.15746266,208642,13756.844389,206049582.13668823,0
2018-01-09 00:00:00.000000 UTC,14902.54,15500.0,14011.05,14400.0,14315.004253,2018-01-09 23:59:59.999000 UTC,210630187.45766863,156656,6841.233287,100698572.9000214,0
2018-01-10 00:00:00.000000 UTC,14401.0,14955.66,13131.31,14907.09,17411.001655,2018-01-10 23:59:59.999000 UTC,244011366.763028,161476,8529.554675,119570139.80645348,0
2018-01-11 00:00:00.000000 UTC,14940.0,14968.68,11400.0,13238.78,33554.723751,2018-01-11 23:59:59.999000 UTC,446587594.6937379,239416,16422.01998,218762237.37910992,0
2018-01-12 00:00:00.000000 UTC,13238.76,14109.78,12500.0,13740.01,16417.162137,2018-01-12 23:59:59.999000 UTC,222516076.27145907,134452,8117.312075,110040020.181478,0
2018-01-13 00:00:00.000000 UTC,13749.95,14580.0,13706.15,14210.0,12221.508528,2018-01-13 23:59:59.999000 UTC,173086488.54788405,123639,5574.178408,78958098.9463857,0
2018-01-14 00:00:00.000000 UTC,14210.0,14339.5,12569.2,13474.99,17017.894329,2018-01-14 23:59:59.999000 UTC,226525305.12938112,152364,8288.382911,110381556.67259862,0
2018-01-15 00:00:00.000000 UTC,13477.98,14249.99,13147.79,13539.93,14652.094705,2018-01-15 23:59:59.999000 UTC,200614554.538343,145362,7431.063272,101748315.63707082,0
2018-01-16 00:00:00.000000 UTC,13500.0,13542.93,9035.0,10900.0,63401.169175,2018-01-16 23:59:59.999000 UTC,722150828.1494024,418243,30353.401717,346777069.9337464,0
2018-01-17 00:00:00.000000 UTC,10899.99,11680.99,9037.94,10988.79,72331.796646,2018-01-17 23:59:59.999000 UTC,744154180.1312059,517293,35412.798137,365047291.4303791,0
2018-01-18 00:00:00.000000 UTC,10972.59,11878.82,10435.33,10961.97,48464.434937,2018-01-18 23:59:59.999000 UTC,541289614.0584047,393112,23814.382845,266091805.66522688,0
2018-01-19 00:00:00.000000 UTC,10960.0,11795.0,10360.0,11474.98,34129.375421,2018-01-19 23:59:59.999000 UTC,382773499.2265792,273271,16871.416355,189259676.8922224,0
2018-01-20 00:00:00.000000 UTC,11474.98,13099.0,11412.45,12799.94,28768.857827,2018-01-20 23:59:59.999000 UTC,358561107.78097045,251647,14389.196005,179183657.90470728,0
2018-01-21 00:00:00.000000 UTC,12799.8,12799.8,10965.0,11530.0,41379.773426,2018-01-21 23:59:59.999000 UTC,485289230.8188924,360207,20574.760061,241154449.9818349,0
2018-01-22 00:00:00.000000 UTC,11530.0,11926.35,9900.24,10760.05,43752.606791,2018-01-22 23:59:59.999000 UTC,475716514.20869696,363264,21300.575828,231677479.125622,0
2018-01-23 00:00:00.000000 UTC,10760.05,11399.0,9905.0,10799.18,37473.922552,2018-01-23 23:59:59.999000 UTC,399419413.2329807,355286,18747.793828,199899519.2732997,0
2018-01-24 00:00:00.000000 UTC,10799.14,11570.48,10500.0,11349.99,27158.587762,2018-01-24 23:59:59.999000 UTC,299470607.4302002,293429,13087.393088,144335221.62540215,0
2018-01-25 00:00:00.000000 UTC,11349.96,11794.05,10950.21,11175.27,20839.954183,2018-01-25 23:59:59.999000 UTC,236081364.97365227,221040,10201.386919,115584688.24733494,0
2018-01-26 00:00:00.000000 UTC,11184.7,11643.0,10311.15,11089.0,33056.87196,2018-01-26 23:59:59.999000 UTC,360482470.17375433,314720,15330.789553,167328952.39330244,0
2018-01-27 00:00:00.000000 UTC,11089.0,11650.0,10842.69,11491.0,18860.768345,2018-01-27 23:59:59.999000 UTC,212663199.53348225,207478,9208.937963,103935891.79616304,0
2018-01-28 00:00:00.000000 UTC,11499.98,12244.0,11408.0,11879.95,16887.339524,2018-01-28 23:59:59.999000 UTC,200211582.9434541,206247,7342.786997,87011013.8320475,0
2018-01-29 00:00:00.000000 UTC,11879.95,11975.02,11139.55,11251.0,14170.377538,2018-01-29 23:59:59.999000 UTC,162110154.87880376,169199,6016.496871,68819972.52308752,0
2018-01-30 00:00:00.000000 UTC,11250.11,11308.42,9900.0,10237.51,25554.372946,2018-01-30 23:59:59.999000 UTC,268978329.50861526,259212,11388.096419,119864289.07103088,0
2018-01-31 00:00:00.000000 UTC,10230.0,10425.85,9700.0,10285.1,18015.956805,2018-01-31 23:59:59.999000 UTC,181644207.11316264,201422,8782.584442,88609272.64228792,0
2018-02-01 00:00:00.000000 UTC,10285.1,10335.0,8750.99,9224.52,33564.764311,2018-02-01 23:59:59.999000 UTC,317636345.9843711,316020,15430.003849,146130725.8704748,0
2018-02-02 00:00:00.000000 UTC,9224.52,9250.0,8010.02,8873.03,49971.626975,2018-02-02 23:59:59.999000 UTC,434236483.7044874,453411,23113.503584,201292749.5150992,0
2018-02-03 00:00:00.000000 UTC,8873.03,9473.01,8229.0,9199.96,28725.000735,2018-02-03 23:59:59.999000 UTC,256834729.0599109,327519,14182.838146,127068644.49604894,0
2018-02-04 00:00:00.000000 UTC,9199.96,9368.0,7930.0,8184.81,32014.308449,2018-02-04 23:59:59.999000 UTC,274912288.421322,356134,13805.29579,118884553.20936234,0
2018-02-05 00:00:00.000000 UTC,8179.99,8382.8,6625.0,6939.99,63403.182579,2018-02-05 23:59:59.999000 UTC,471166218.7134473,533510,29857.35839,222022401.0169236,0
2018-02-06 00:00:00.000000 UTC,6939.63,7878.0,6000.01,7652.14,100201.500307,2018-02-06 23:59:59.999000 UTC,684364276.3666689,785996,49565.020794,339117633.4088549,0
2018-02-07 00:00:00.000000 UTC,7655.02,8476.0,7150.01,7599.0,60778.460497,2018-02-07 23:59:59.999000 UTC,477935038.8117769,514893,30084.836266,237137973.4531389,0
2018-02-08 00:00:00.000000 UTC,7599.0,7844.0,7572.09,7784.02,1521.537318,2018-02-08 23:59:59.999000 UTC,11770168.04386595,12417,844.258813,6532638.63751892,0
2018-02-09 00:00:00.000000 UTC,7789.9,8738.0,7789.9,8683.92,20482.910825,2018-02-09 23:59:59.999000 UTC,173348469.81187892,273091,10404.040792,88117562.12096503,0
2018-02-10 00:00:00.000000 UTC,8683.93,9065.78,8120.0,8533.98,49381.512653,2018-02-10 23:59:59.999000 UTC,423411421.93098,537578,24506.723294,210253734.3806545,0
2018-02-11 00:00:00.000000 UTC,8533.99,8549.0,7726.53,8063.88,45025.187952,2018-02-11 23:59:59.999000 UTC,366966437.2498885,524626,23180.34192,188849914.3499584,0
2018-02-12 00:00:00.000000 UTC,8063.82,8989.0,8053.0,8903.0,41987.85049,2018-02-12 23:59:59.999000 UTC,362440826.9943769,477660,20916.949742,180528457.55458465,0
2018-02-13 00:00:00.000000 UTC,8903.0,8950.0,8351.0,8539.9,35454.972956,2018-02-13 23:59:59.999000 UTC,305165143.6969234,401893,16558.45568,142530987.43930227,0
2018-02-14 00:00:00.000000 UTC,8535.17,9489.6,8533.0,9449.99,40811.952867,2018-02-14 23:59:59.999000 UTC,370126692.728233,514897,20508.463444,185896385.02591047,0
2018-02-15 00:00:00.000000 UTC,9449.98,10219.5,9301.5,10000.09,52427.596715,2018-02-15 23:59:59.999000 UTC,512388484.73178285,608349,25805.098892,252255267.88356847,0
2018-02-16 00:00:00.000000 UTC,10000.89,10323.37,9666.0,10159.98,38161.205974,2018-02-16 23:59:59.999000 UTC,381103299.2238848,405310,18313.004466,182947133.88868245,0
2018-02-17 00:00:00.000000 UTC,10156.07,11075.07,10050.0,11039.55,41882.108407,2018-02-17 23:59:59.999000 UTC,446012696.1692673,413585,21147.624789,225229265.7256356,0
2018-02-18 00:00:00.000000 UTC,11039.55,11274.0,10080.0,10383.43,61137.380728,2018-02-18 23:59:59.999000 UTC,649423311.3100228,537534,29593.863774,314511909.4893312,0
2018-02-19 00:00:00.000000 UTC,10375.01,11250.0,10270.33,11153.0,40831.417131,2018-02-19 23:59:59.999000 UTC,443766562.68306607,366882,20619.877129,224193685.4379528,0
2018-02-20 00:00:00.000000 UTC,11147.11,11786.01,11100.59,11200.99,48153.354288,2018-02-20 23:59:59.999000 UTC,551573232.2429588,432197,24211.49181,277480902.01411927,0
2018-02-21 00:00:00.000000 UTC,11195.07,11304.03,10200.0,10437.6,68113.818754,2018-02-21 23:59:59.999000 UTC,731537130.492186,542340,32338.074002,347436564.666544,0
2018-02-22 00:00:00.000000 UTC,10439.02,10933.44,9679.0,9811.04,67060.166483,2018-02-22 23:59:59.999000 UTC,682006373.869588,506273,33029.297624,336067441.6325065,0
2018-02-23 00:00:00.000000 UTC,9815.55,10435.0,9570.19,10131.04,57202.70237,2018-02-23 23:59:59.999000 UTC,571800753.4709765,467480,28031.011368,280171693.0729712,0
2018-02-24 00:00:00.000000 UTC,10131.04,10496.97,9352.0,9694.51,40888.156299,2018-02-24 23:59:59.999000 UTC,405618586.64803785,337918,18646.870961,185164883.45171747,0
2018-02-25 00:00:00.000000 UTC,9694.51,9847.0,9274.8,9590.0,28373.517586,2018-02-25 23:59:59.999000 UTC,271286599.1260862,233567,13956.661533,133525539.44882144,0
2018-02-26 00:00:00.000000 UTC,9590.0,10444.32,9350.0,10324.0,34878.292756,2018-02-26 23:59:59.999000 UTC,347559259.73845184,285276,17045.768706,169936003.38761607,0
2018-02-27 00:00:00.000000 UTC,10321.0,10870.0,10121.0,10569.04,30705.385123,2018-02-27 23:59:59.999000 UTC,324295371.1414657,240542,15187.083738,160450471.4557678,0
2018-02-28 00:00:00.000000 UTC,10584.33,11098.0,10300.0,10326.76,30800.983782,2018-02-28 23:59:59.999000 UTC,327914696.13067526,277886,14412.84633,153537202.10196504,0
2018-03-01 00:00:00.000000 UTC,10325.64,11060.41,10240.0,10920.0,25092.55393,2018-03-01 23:59:59.999000 UTC,268172535.3811293,230428,12785.4045,136788817.23158327,0
2018-03-02 00:00:00.000000 UTC,10923.36,11200.0,10770.0,11039.0,23910.71009,2018-03-02 23:59:59.999000 UTC,262936307.0078576,211691,11893.333632,130864918.8230748,0
2018-03-03 00:00:00.000000 UTC,11038.99,11544.0,11015.01,11464.48,21287.15328,2018-03-03 23:59:59.999000 UTC,241749497.9024717,190444,10842.682784,123142920.22314858,0
2018-03-04 00:00:00.000000 UTC,11464.47,11565.0,11050.02,11515.0,17295.918653,2018-03-04 23:59:59.999000 UTC,194849579.1250208,168359,8197.401595,92437014.46393472,0
2018-03-05 00:00:00.000000 UTC,11515.0,11710.0,11415.01,11454.0,15144.231063,2018-03-05 23:59:59.999000 UTC,174866951.39806527,164318,7668.823714,88588986.3365785,0
2018-03-06 00:00:00.000000 UTC,11455.0,11455.0,10555.48,10716.48,29515.572363,2018-03-06 23:59:59.999000 UTC,323842216.64859617,250306,13482.297196,147874120.62232068,0
2018-03-07 00:00:00.000000 UTC,10716.48,10899.0,9389.31,9910.0,50647.67108,2018-03-07 23:59:59.999000 UTC,514808033.4879209,396721,24022.451231,244164771.36009568,0
2018-03-08 00:00:00.000000 UTC,9910.0,10099.0,9060.0,9271.64,41109.473226,2018-03-08 23:59:59.999000 UTC,394641280.63843673,336514,20257.455838,194608716.9350392,0
2018-03-09 00:00:00.000000 UTC,9267.07,9410.0,8329.0,9227.0,64112.291407,2018-03-09 23:59:59.999000 UTC,567082901.1319405,462712,31166.414848,275735446.01075995,0
2018-03-10 00:00:00.000000 UTC,9230.0,9490.0,8667.07,8770.22,37180.012857,2018-03-10 23:59:59.999000 UTC,341210248.41481787,288066,17639.827276,161991786.13432977,0
2018-03-11 00:00:00.000000 UTC,8770.22,9740.0,8450.0,9533.57,44325.973386,2018-03-11 23:59:59.999000 UTC,403491260.9275316,333367,21150.206944,192897625.6114657,0
2018-03-12 00:00:00.000000 UTC,9533.57,9888.88,8780.0,9131.34,42230.77793,2018-03-12 23:59:59.999000 UTC,395562731.86503726,336642,19369.697756,181454623.85622355,0
2018-03-13 00:00:00.000000 UTC,9131.34,9474.0,8823.0,9150.0,40191.409358,2018-03-13 23:59:59.999000 UTC,367353984.7132836,342734,19856.457047,181534440.7752947,0
2018-03-14 00:00:00.000000 UTC,9151.92,9333.78,7900.28,8170.0,49708.094108,2018-03-14 23:59:59.999000 UTC,426058009.75594646,399127,22883.329725,196344166.24842268,0
2018-03-15 00:00:00.000000 UTC,8184.01,8430.0,7650.0,8240.98,52291.022277,2018-03-15 23:59:59.999000 UTC,422130717.47310126,400529,26414.160251,213358245.6744019,0
2018-03-16 00:00:00.000000 UTC,8240.98,8611.64,7900.0,8260.0,38815.409893,2018-03-16 23:59:59.999000 UTC,322355002.16519487,255807,20049.433993,166563494.40168035,0
2018-03-17 00:00:00.000000 UTC,8260.0,8348.62,7721.99,7824.8,33110.206329,2018-03-17 23:59:59.999000 UTC,265973111.6176285,292041,15677.257361,125987772.43325073,0
2018-03-18 00:00:00.000000 UTC,7824.01,8317.4,7322.0,8189.99,59488.231711,2018-03-18 23:59:59.999000 UTC,458311733.5188204,423336,28216.510794,217530802.6198248,0
2018-03-19 00:00:00.000000 UTC,8189.0,8705.23,8088.4,8600.0,55297.084942,2018-03-19 23:59:59.999000 UTC,462654338.9821279,360414,27263.324764,228208487.5469021,0
2018-03-20 00:00:00.000000 UTC,8595.01,9050.0,8280.0,8909.98,44865.105835,2018-03-20 23:59:59.999000 UTC,387879393.4706143,298261,22849.035238,197422831.30082303,0
2018-03-21 00:00:00.000000 UTC,8909.96,9177.01,8750.6,8885.0,39972.405371,2018-03-21 23:59:59.999000 UTC,358157473.3612324,293696,19047.486799,170758402.39723507,0
2018-03-22 00:00:00.000000 UTC,8884.82,9100.0,8465.1,8722.9,40617.556809,2018-03-22 23:59:59.999000 UTC,354804129.3433086,276449,19567.563618,171050710.2125002,0
2018-03-23 00:00:00.000000 UTC,8720.0,8909.0,8269.0,8898.03,39991.007666,2018-03-23 23:59:59.999000 UTC,340755592.544531,278571,20106.789387,171487640.92907605,0
2018-03-24 00:00:00.000000 UTC,8898.04,8999.95,8491.0,8546.86,35466.609572,2018-03-24 23:59:59.999000 UTC,313254829.9051367,270300,17302.10809,152967779.86486968,0
2018-03-25 00:00:00.000000 UTC,8531.25,8669.85,8365.77,8470.15,29001.769316,2018-03-25 23:59:59.999000 UTC,247023172.30795503,215660,14379.264362,122528263.982816,0
2018-03-26 00:00:00.000000 UTC,8470.14,8514.89,7831.0,8134.23,44033.59566,2018-03-26 23:59:59.999000 UTC,358429758.8731952,310462,20957.25692,170723432.32235476,0
2018-03-27 00:00:00.000000 UTC,8134.22,8215.94,7730.0,7795.51,37427.64805,2018-03-27 23:59:59.999000 UTC,297609656.4404365,266540,18462.382105,146860645.0354061,0
2018-03-28 00:00:00.000000 UTC,7795.51,8109.0,7728.0,7949.3,26401.33167,2018-03-28 23:59:59.999000 UTC,209186093.1831796,183620,13685.417143,108484584.61222105,0
2018-03-29 00:00:00.000000 UTC,7949.3,7975.0,6941.11,7090.14,54620.915125,2018-03-29 23:59:59.999000 UTC,405591158.6323181,359537,24584.811548,182402558.2111396,0
2018-03-30 00:00:00.000000 UTC,7090.16,7292.43,6600.1,6840.23,65306.031976,2018-03-30 23:59:59.999000 UTC,450352009.170998,400057,31944.390579,220453635.6071132,0
2018-03-31 00:00:00.000000 UTC,6840.24,7223.36,6777.0,6923.91,36868.539087,2018-03-31 23:59:59.999000 UTC,258341534.47236213,240293,19086.033607,133763988.34700295,0
2018-04-01 00:00:00.000000 UTC,6922.0,7049.98,6430.0,6813.01,44071.430463,2018-04-01 23:59:59.999000 UTC,297470498.81956285,260942,21899.30066,147951173.82212943,0
2018-04-02 00:00:00.000000 UTC,6813.01,7125.0,6765.0,7056.0,32123.560072,2018-04-02 23:59:59.999000 UTC,224322159.41331607,206780,16365.683591,114292405.85810466,0
2018-04-03 00:00:00.000000 UTC,7063.97,7520.0,7011.01,7405.21,37787.331811,2018-04-03 23:59:59.999000 UTC,277080072.7617128,248143,19218.850485,140892233.113676,0
2018-04-04 00:00:00.000000 UTC,7405.21,7427.52,6707.0,6796.1,42227.183804,2018-04-04 23:59:59.999000 UTC,297443582.7461225,277249,20299.402203,142890978.60995668,0
2018-04-05 00:00:00.000000 UTC,6796.1,6902.0,6566.69,6770.76,39029.73146,2018-04-05 23:59:59.999000 UTC,263446941.1321242,238476,18991.102712,128270766.86646058,0
2018-04-06 00:00:00.000000 UTC,6770.0,6850.0,6500.0,6601.39,27455.01192,2018-04-06 23:59:59.999000 UTC,182139799.80865908,162456,13778.063462,91424043.79892384,0
2018-04-07 00:00:00.000000 UTC,6601.39,7070.0,6586.28,6895.8,32269.578267,2018-04-07 23:59:59.999000 UTC,222323863.54144785,178577,16460.736226,113334533.85269152,0
2018-04-08 00:00:00.000000 UTC,6895.81,7109.13,6880.0,7018.0,21427.673165,2018-04-08 23:59:59.999000 UTC,149967346.66269,152461,11211.615946,78468498.47255658,0
2018-04-09 00:00:00.000000 UTC,7011.04,7185.0,6611.0,6782.72,34078.297206,2018-04-09 23:59:59.999000 UTC,234309953.7503344,212669,17046.428596,117289580.04655164,0
2018-04-10 00:00:00.000000 UTC,6781.55,6890.0,6656.0,6843.9,22326.728095,2018-04-10 23:59:59.999000 UTC,151417844.2663968,147755,11456.447936,77704393.55925176,0
2018-04-11 00:00:00.000000 UTC,6839.56,6990.0,6787.0,6953.79,23997.871177,2018-04-11 23:59:59.999000 UTC,165264003.41270605,155607,12530.65891,86309556.51736282,0
2018-04-12 00:00:00.000000 UTC,6953.78,8012.23,6743.2,7923.0,64861.595987,2018-04-12 23:59:59.999000 UTC,485176252.48933566,404588,33198.867785,248243486.4673706,0
2018-04-13 00:00:00.000000 UTC,7922.99,8233.39,7732.0,7877.41,55044.523148,2018-04-13 23:59:59.999000 UTC,439884522.7119489,351905,27485.083044,219615109.06229925,0
2018-04-14 00:00:00.000000 UTC,7877.48,8186.0,7810.0,7999.01,31621.286357,2018-04-14 23:59:59.999000 UTC,252868761.32061628,194500,16283.466045,130249061.31563611,0
2018-04-15 00:00:00.000000 UTC,8004.0,8429.54,7999.02,8355.0,27946.720444,2018-04-15 23:59:59.999000 UTC,230287099.58430216,181778,14619.464101,120469031.17164706,0
2018-04-16 00:00:00.000000 UTC,8355.07,8419.0,7867.0,8064.92,36664.069715,2018-04-16 23:59:59.999000 UTC,295817536.4749528,226748,17912.938455,144490340.31244087,0
2018-04-17 00:00:00.000000 UTC,8064.92,8173.7,7825.4,7885.02,32152.603567,2018-04-17 23:59:59.999000 UTC,258221765.57371348,221228,15662.79502,125845498.64315924,0
2018-04-18 00:00:00.000000 UTC,7890.96,8236.43,7868.0,8173.0,26969.04457,2018-04-18 23:59:59.999000 UTC,217649160.1101789,183472,14559.152289,117565317.94569089,0
2018-04-19 00:00:00.000000 UTC,8173.99,8296.0,8080.0,8278.0,27113.847464,2018-04-19 23:59:59.999000 UTC,222675105.7884542,196821,13747.595928,112939221.70278835,0
2018-04-20 00:00:00.000000 UTC,8273.84,8930.0,8177.09,8856.98,39795.337485,2018-04-20 23:59:59.999000 UTC,337288580.42571294,289687,21087.903673,178802594.3551453,0
2018-04-21 00:00:00.000000 UTC,8852.12,9035.0,8565.0,8915.31,40872.229909,2018-04-21 23:59:59.999000 UTC,358915978.10403395,295374,21145.842391,185753264.88447425,0
2018-04-22 00:00:00.000000 UTC,8915.31,9020.67,8727.68,8787.02,29458.25348,2018-04-22 23:59:59.999000 UTC,261804372.9093471,229871,14937.899116,132830238.35538778,0
2018-04-23 00:00:00.000000 UTC,8785.7,8985.0,8745.0,8934.01,25838.114709,2018-04-23 23:59:59.999000 UTC,229754640.59668773,190944,13246.605059,117823053.82786416,0
2018-04-24 00:00:00.000000 UTC,8934.0,9731.01,8922.0,9619.99,46268.790106,2018-04-24 23:59:59.999000 UTC,431210048.0625035,326608,24784.71044,231061865.29310417,0
2018-04-25 00:00:00.000000 UTC,9618.96,9759.82,8730.0,8869.99,81110.037589,2018-04-25 23:59:59.999000 UTC,745137762.9688668,477363,38824.013806,356851505.69270617,0
2018-04-26 00:00:00.000000 UTC,8869.99,9307.48,8651.62,9266.0,43300.304245,2018-04-26 23:59:59.999000 UTC,385046648.1378661,285850,22640.669137,201458888.2401515,0
2018-04-27 00:00:00.000000 UTC,9267.03,9395.0,8889.0,8915.35,37241.347036,2018-04-27 23:59:59.999000 UTC,342805674.55176014,268471,18517.604275,170503662.7235787,0
2018-04-28 00:00:00.000000 UTC,8915.35,9427.48,8870.0,9348.0,34759.62842,2018-04-28 23:59:59.999000 UTC,321653866.2001887,257288,18251.631451,169069669.9073968,0
2018-04-29 00:00:00.000000 UTC,9348.0,9570.51,9163.74,9419.0,38149.850035,2018-04-29 23:59:59.999000 UTC,357004895.9636862,311494,19364.945182,181366653.81958613,0
2018-04-30 00:00:00.000000 UTC,9417.04,9458.64,9124.99,9246.01,35002.033875,2018-04-30 23:59:59.999000 UTC,325019389.2499412,285951,17461.189029,162179073.43816054,0
2018-05-01 00:00:00.000000 UTC,9246.01,9248.99,8800.49,9071.48,41018.463633,2018-05-01 23:59:59.999000 UTC,368688349.6216845,268741,20050.167844,180200005.01268,0
2018-05-02 00:00:00.000000 UTC,9071.48,9268.0,8970.2,9247.84,26123.543961,2018-05-02 23:59:59.999000 UTC,238421833.7581133,188258,13960.455528,127439644.78329857,0
2018-05-03 00:00:00.000000 UTC,9247.81,9844.0,9168.4,9750.0,38768.388288,2018-05-03 23:59:59.999000 UTC,366028365.2271445,282581,21093.140343,199234352.40239447,0
2018-05-04 00:00:00.000000 UTC,9750.0,9830.04,9520.85,9713.99,28681.588879,2018-05-04 23:59:59.999000 UTC,277565997.63316435,210165,14779.499554,143070410.02237806,0
2018-05-05 00:00:00.000000 UTC,9714.0,10020.0,9682.0,9864.0,24990.018345,2018-05-05 23:59:59.999000 UTC,246807563.50646487,212076,13011.844293,128527642.99648473,0
2018-05-06 00:00:00.000000 UTC,9863.99,9970.0,9417.03,9659.01,27690.351559,2018-05-06 23:59:59.999000 UTC,267359420.3035901,229309,13297.506959,128427770.52523224,0
2018-05-07 00:00:00.000000 UTC,9661.02,9689.67,9181.0,9365.0,33787.640012,2018-05-07 23:59:59.999000 UTC,316015961.44182944,230754,15818.0488,147985335.4458844,0
2018-05-08 00:00:00.000000 UTC,9365.0,9475.7,9060.54,9187.56,25533.831889,2018-05-08 23:59:59.999000 UTC,236418155.6869352,189159,13086.547467,121220083.42296956,0
2018-05-09 00:00:00.000000 UTC,9178.0,9390.0,8965.0,9310.0,25673.524899,2018-05-09 23:59:59.999000 UTC,235736782.28825977,192337,13597.268159,124869560.73820227,0
2018-05-10 00:00:00.000000 UTC,9310.0,9395.12,8970.0,9002.2,25055.063718,2018-05-10 23:59:59.999000 UTC,231595002.59561664,221075,12548.13816,116002381.57104652,0
2018-05-11 00:00:00.000000 UTC,9002.21,9016.8,8341.0,8400.0,48227.048061,2018-05-11 23:59:59.999000 UTC,418859806.4816156,365538,22767.458667,197915875.7459889,0
2018-05-12 00:00:00.000000 UTC,8405.94,8646.88,8153.0,8465.94,40241.32081,2018-05-12 23:59:59.999000 UTC,337899865.8601308,310305,19545.974195,164142437.41951767,0
2018-05-13 00:00:00.000000 UTC,8475.44,8763.36,8298.0,8679.71,25632.869362,2018-05-13 23:59:59.999000 UTC,219455683.08035555,215590,12797.047912,109577063.5715992,0
2018-05-14 00:00:00.000000 UTC,8679.71,8879.99,8277.0,8663.34,37389.666533,2018-05-14 23:59:59.999000 UTC,320583612.23009104,292731,18408.055641,157869523.76782727,0
2018-05-15 00:00:00.000000 UTC,8663.37,8859.99,8401.3,8462.0,28126.956136,2018-05-15 23:59:59.999000 UTC,242341031.0616692,360379,13977.497647,120464422.6243128,0
2018-05-16 00:00:00.000000 UTC,8462.0,8488.0,8083.01,8330.0,31130.718908,2018-05-16 23:59:59.999000 UTC,257056552.43007565,300842,15627.101368,129113378.7751384,0
2018-05-17 00:00:00.000000 UTC,8330.0,8464.0,7979.0,8041.46,25439.844799,2018-05-17 23:59:59.999000 UTC,209489039.34104192,310780,12489.264499,103022237.77329308,0
2018-05-18 00:00:00.000000 UTC,8038.82,8273.21,7911.9,8239.81,23476.158251,2018-05-18 23:59:59.999000 UTC,189870380.8577869,183913,12352.9627,99971085.72894707,0
2018-05-19 00:00:00.000000 UTC,8238.01,8390.8,8095.73,8233.49,17193.424276,2018-05-19 23:59:59.999000 UTC,141878775.40909585,134185,8731.948551,72082928.16544355,0
2018-05-20 00:00:00.000000 UTC,8233.49,8609.0,8163.9,8526.98,19957.057109,2018-05-20 23:59:59.999000 UTC,167440553.7493928,161265,10632.450955,89177519.97189689,0
2018-05-21 00:00:00.000000 UTC,8526.97,8595.31,8305.0,8381.24,21516.596486,2018-05-21 23:59:59.999000 UTC,181750674.8213496,184158,10738.686399,90716245.79029092,0
2018-05-22 00:00:00.000000 UTC,8386.89,8400.18,7935.11,7977.11,23710.902858,2018-05-22 23:59:59.999000 UTC,194335432.4375409,192154,11801.527076,96803604.56147256,0
2018-05-23 00:00:00.000000 UTC,7977.12,8031.9,7425.0,7501.95,42910.666774,2018-05-23 23:59:59.999000 UTC,331238049.64074606,306812,20890.889274,161412820.79758897,0
2018-05-24 00:00:00.000000 UTC,7501.95,7730.73,7266.99,7575.01,37845.446595,2018-05-24 23:59:59.999000 UTC,284286378.50810045,253694,19012.981252,142901418.78045785,0
2018-05-25 00:00:00.000000 UTC,7578.99,7649.55,7308.15,7457.0,26739.95664,2018-05-25 23:59:59.999000 UTC,199749585.9695036,239025,13830.870235,103360633.04654914,0
2018-05-26 00:00:00.000000 UTC,7456.99,7620.0,7300.0,7333.96,19464.086071,2018-05-26 23:59:59.999000 UTC,145636226.4590289,212344,10377.955643,77725757.25385071,0
2018-05-27 00:00:00.000000 UTC,7334.0,7400.0,7231.11,7338.99,18706.945515,2018-05-27 23:59:59.999000 UTC,136710618.49801704,198341,10258.276953,74990830.63101184,0
2018-05-28 00:00:00.000000 UTC,7338.99,7437.0,7058.02,7099.0,27219.438963,2018-05-28 23:59:59.999000 UTC,196788994.26580808,233392,14409.48781,104233730.17813648,0
2018-05-29 00:00:00.000000 UTC,7099.0,7540.0,7032.95,7461.29,39407.21183,2018-05-29 23:59:59.999000 UTC,288070643.9128678,237359,21855.93031,159656478.14262193,0
2018-05-30 00:00:00.000000 UTC,7467.98,7569.0,7260.5,7375.96,32041.583623,2018-05-30 23:59:59.999000 UTC,237956894.04949045,242079,17205.948916,127816792.77222247,0
2018-05-31 00:00:00.000000 UTC,7382.07,7699.0,7327.51,7485.01,30776.063102,2018-05-31 23:59:59.999000 UTC,231017579.83413267,274399,17009.013231,127645145.71489055,0
2018-06-01 00:00:00.000000 UTC,7485.01,7608.55,7355.54,7521.01,28259.124078,2018-06-01 23:59:59.999000 UTC,211458512.1230823,303069,15701.205431,117516855.67846663,0
2018-06-02 00:00:00.000000 UTC,7521.01,7697.33,7437.0,7640.03,26720.690219,2018-06-02 23:59:59.999000 UTC,203370447.69065264,290131,15540.051124,118295998.95554544,0
2018-06-03 00:00:00.000000 UTC,7636.81,7786.69,7600.0,7714.26,27505.158951,2018-06-03 23:59:59.999000 UTC,211737376.85348508,349636,15760.910668,121340420.79636246,0
2018-06-04 00:00:00.000000 UTC,7714.26,7760.52,7446.5,7487.0,32258.835115,2018-06-04 23:59:59.999000 UTC,244167051.18701583,307003,17730.335818,134226423.79685757,0
2018-06-05 00:00:00.000000 UTC,7487.0,7679.49,7358.0,7625.0,31722.973384,2018-06-05 23:59:59.999000 UTC,237722147.65258065,236865,17315.688399,129807510.9227184,0
2018-06-06 00:00:00.000000 UTC,7626.64,7699.0,7467.05,7658.84,27229.991898,2018-06-06 23:59:59.999000 UTC,207006657.7801965,257573,15071.587869,114621117.15696232,0
2018-06-07 00:00:00.000000 UTC,7658.79,7765.0,7620.0,7691.08,25062.227202,2018-06-07 23:59:59.999000 UTC,192949056.8419996,244186,14415.555201,110989280.27224816,0
2018-06-08 00:00:00.000000 UTC,7691.08,7703.5,7531.0,7603.44,23396.804671,2018-06-08 23:59:59.999000 UTC,178204158.39968467,321734,13038.958337,99303699.20240831,0
2018-06-09 00:00:00.000000 UTC,7603.44,7683.98,7450.0,7491.73,19339.885176,2018-06-09 23:59:59.999000 UTC,147171153.412775,278971,10653.462123,81075317.67777646,0
2018-06-10 00:00:00.000000 UTC,7491.73,7491.73,6622.81,6764.99,52342.020032,2018-06-10 23:59:59.999000 UTC,367338754.56308055,471088,25976.246666,182618941.7599088,0
2018-06-11 00:00:00.000000 UTC,6765.0,6922.0,6610.0,6872.0,34552.162303,2018-06-11 23:59:59.999000 UTC,233056682.85777128,203442,18716.667057,126255580.927273,0
2018-06-12 00:00:00.000000 UTC,6872.0,6890.51,6435.0,6530.0,36722.211191,2018-06-12 23:59:59.999000 UTC,245787800.8012235,224658,19299.735508,129341137.97553147,0
2018-06-13 00:00:00.000000 UTC,6530.0,6627.6,6118.68,6292.78,46185.5181,2018-06-13 23:59:59.999000 UTC,295395681.6623412,266517,25367.243359,162375277.4384803,0
2018-06-14 00:00:00.000000 UTC,6292.78,6720.0,6260.0,6635.98,44478.130837,2018-06-14 23:59:59.999000 UTC,289074808.78413,256384,23838.218565,154927680.45566285,0
2018-06-15 00:00:00.000000 UTC,6638.67,6666.66,6362.31,6388.9,30018.329905,2018-06-15 23:59:59.999000 UTC,196192096.14553955,184938,16192.452447,105856682.82114992,0
2018-06-16 00:00:00.000000 UTC,6380.01,6560.0,6320.86,6483.98,22277.241147,2018-06-16 23:59:59.999000 UTC,143760033.69408152,140470,12750.635784,82290350.53863607,0
2018-06-17 00:00:00.000000 UTC,6482.5,6589.03,6422.0,6449.61,19847.247688,2018-06-17 23:59:59.999000 UTC,129120718.76299886,129759,11208.656933,72949865.16298054,0
2018-06-18 00:00:00.000000 UTC,6444.06,6794.38,6380.0,6712.46,31821.434995,2018-06-18 23:59:59.999000 UTC,208570443.95997888,180773,17674.592693,115843959.76406445,0
2018-06-19 00:00:00.000000 UTC,6711.39,6841.74,6653.0,6741.21,24311.421143,2018-06-19 23:59:59.999000 UTC,163420093.794135,160490,12849.740659,86385611.9854134,0
2018-06-20 00:00:00.000000 UTC,6740.0,6817.23,6551.81,6761.51,26359.752452,2018-06-20 23:59:59.999000 UTC,175935335.65057912,166074,13647.933531,91142872.89139906,0
2018-06-21 00:00:00.000000 UTC,6763.21,6795.0,6672.57,6718.84,25428.854048,2018-06-21 23:59:59.999000 UTC,171149859.23602843,159783,15152.496274,101995867.72331424,0
2018-06-22 00:00:00.000000 UTC,6717.69,6733.97,5918.94,6045.0,52157.370833,2018-06-22 23:59:59.999000 UTC,327460666.9145165,300515,25336.720438,158994318.27114403,0
2018-06-23 00:00:00.000000 UTC,6045.92,6260.0,6008.48,6149.98,26622.788589,2018-06-23 23:59:59.999000 UTC,162755765.84514263,170164,15110.741399,92413061.16412096,0
2018-06-24 00:00:00.000000 UTC,6149.98,6259.8,5750.0,6136.97,47445.998955,2018-06-24 23:59:59.999000 UTC,284095336.0578902,275996,25966.417247,155558130.88157263,0
2018-06-25 00:00:00.000000 UTC,6137.95,6350.0,6061.97,6252.0,39164.515306,2018-06-25 23:59:59.999000 UTC,242859915.8036461,218384,21986.057384,136305269.99012783,0
2018-06-26 00:00:00.000000 UTC,6252.0,6272.54,6035.0,6070.78,19377.240484,2018-06-26 23:59:59.999000 UTC,119676555.56449406,113431,9824.659592,60710073.42453224,0
2018-06-27 00:00:00.000000 UTC,6065.89,6190.43,5971.0,6133.73,19225.671098,2018-06-27 23:59:59.999000 UTC,117103011.80356832,99481,10381.014136,63236432.02491027,0
2018-06-28 00:00:00.000000 UTC,6134.73,6173.01,5827.0,5853.98,30585.266026,2018-06-28 23:59:59.999000 UTC,185247010.87925187,156241,16422.378159,99598694.73730522,0
2018-06-29 00:00:00.000000 UTC,5851.01,6300.0,5780.0,6197.92,33911.287278,2018-06-29 23:59:59.999000 UTC,201409363.91549844,212542,18727.192128,111291346.32526273,0
2018-06-30 00:00:00.000000 UTC,6197.92,6528.99,6186.03,6390.07,37919.61284,2018-06-30 23:59:59.999000 UTC,241568568.0310778,230915,20036.025726,127666717.38353091,0
2018-07-01 00:00:00.000000 UTC,6391.08,6441.06,6251.0,6356.81,27562.965974,2018-07-01 23:59:59.999000 UTC,175096501.49486908,183060,15580.033848,98972791.71265252,0
2018-07-02 00:00:00.000000 UTC,6360.82,6685.0,6271.62,6615.29,36230.452264,2018-07-02 23:59:59.999000 UTC,235524330.64865333,242589,18966.910907,123205676.19274496,0
2018-07-03 00:00:00.000000 UTC,6615.29,6679.35,6463.01,6513.86,38657.781691,2018-07-03 23:59:59.999000 UTC,254550438.13768885,232914,20503.625399,135047837.8167885,0
2018-07-04 00:00:00.000000 UTC,6511.01,6784.92,6441.11,6586.98,23571.892777,2018-07-04 23:59:59.999000 UTC,156277884.33011597,146203,12244.070908,81263604.85511883,0
2018-07-05 00:00:00.000000 UTC,6585.53,6712.0,6453.33,6529.2,35071.972898,2018-07-05 23:59:59.999000 UTC,230809190.3074052,216533,19214.780702,126481460.0087366,0
2018-07-06 00:00:00.000000 UTC,6529.2,6648.54,6425.0,6609.78,29397.094748,2018-07-06 23:59:59.999000 UTC,192230903.67599213,193854,16292.945157,106560209.09449027,0
2018-07-07 00:00:00.000000 UTC,6609.79,6818.16,6508.88,6756.98,23973.876886,2018-07-07 23:59:59.999000 UTC,158034155.17779145,145449,12894.823579,85004234.47737303,0
2018-07-08 00:00:00.000000 UTC,6753.48,6780.0,6667.44,6712.1,24622.947794,2018-07-08 23:59:59.999000 UTC,165941351.79836008,145349,13146.632642,88613261.77225646,0
2018-07-09 00:00:00.000000 UTC,6712.1,6802.06,6612.24,6662.12,26732.40655,2018-07-09 23:59:59.999000 UTC,179250573.66648534,147315,14384.135477,96490394.6402318,0
2018-07-10 00:00:00.000000 UTC,6662.78,6681.0,6263.0,6296.91,38560.672702,2018-07-10 23:59:59.999000 UTC,249099760.1897497,189913,19261.135859,124490444.6988554,0
2018-07-11 00:00:00.000000 UTC,6296.91,6406.0,6278.99,6378.07,28715.498487,2018-07-11 23:59:59.999000 UTC,182357469.02807087,151869,15667.909412,99524638.10405175,0
2018-07-12 00:00:00.000000 UTC,6378.07,6380.28,6070.0,6250.57,31306.663348,2018-07-12 23:59:59.999000 UTC,194325733.7875043,150985,16067.766611,99754110.04002684,0
2018-07-13 00:00:00.000000 UTC,6251.4,6350.0,6110.0,6214.57,26375.325286,2018-07-13 23:59:59.999000 UTC,164467999.80925834,144757,13191.157016,82276362.81213073,0
2018-07-14 00:00:00.000000 UTC,6214.57,6335.0,6178.0,6251.99,17783.071999,2018-07-14 23:59:59.999000 UTC,110959488.24719918,108052,9833.313029,61362055.0050005,0
2018-07-15 00:00:00.000000 UTC,6250.9,6395.0,6225.4,6353.01,22979.211508,2018-07-15 23:59:59.999000 UTC,145409822.7448766,114997,13590.240175,85970280.535022,0
2018-07-16 00:00:00.000000 UTC,6354.15,6747.3,6330.4,6723.35,36204.87708,2018-07-16 23:59:59.999000 UTC,237104112.45049536,201733,20149.634808,131922164.85268562,0
2018-07-17 00:00:00.000000 UTC,6723.33,7468.99,6652.04,7317.44,52105.423459,2018-07-17 23:59:59.999000 UTC,364669305.0369064,276178,28049.11657,195977152.69184417,0
2018-07-18 00:00:00.000000 UTC,7317.44,7588.08,7225.38,7381.9,59487.64345,2018-07-18 23:59:59.999000 UTC,440669913.2083524,327949,31196.382316,231133137.3680125,0
2018-07-19 00:00:00.000000 UTC,7381.88,7576.28,7270.0,7466.21,41218.256437,2018-07-19 23:59:59.999000 UTC,305198281.13948625,235597,22682.956421,167927663.73101327,0
2018-07-20 00:00:00.000000 UTC,7468.86,7700.0,7273.0,7337.53,46140.313447,2018-07-20 23:59:59.999000 UTC,342862693.0959096,251391,24006.584622,178428687.4942052,0
2018-07-21 00:00:00.000000 UTC,7337.47,7458.47,7211.0,7398.78,28886.490291,2018-07-21 23:59:59.999000 UTC,212126417.2287315,164901,16427.382562,120688066.37566295,0
2018-07-22 00:00:00.000000 UTC,7399.25,7582.4,7335.5,7394.79,30270.21844,2018-07-22 23:59:59.999000 UTC,225619234.83744207,144711,17086.758292,127390550.71923564,0
2018-07-23 00:00:00.000000 UTC,7394.78,7833.0,7375.0,7721.01,41646.346671,2018-07-23 23:59:59.999000 UTC,320156546.58240986,219776,22756.449926,174955411.03556776,0
2018-07-24 00:00:00.000000 UTC,7721.65,8486.0,7696.0,8397.24,60121.163749,2018-07-24 23:59:59.999000 UTC,487117211.68189824,326329,32980.508325,266991169.60952124,0
2018-07-25 00:00:00.000000 UTC,8397.24,8491.77,8050.0,8175.64,48257.649124,2018-07-25 23:59:59.999000 UTC,398119757.80385005,277935,25447.806526,209867505.7687837,0
2018-07-26 00:00:00.000000 UTC,8175.63,8315.69,7850.06,7920.0,43223.481682,2018-07-26 23:59:59.999000 UTC,352101207.6799552,235681,22366.994995,182431837.4994889,0
2018-07-27 00:00:00.000000 UTC,7920.0,8285.0,7805.0,8188.57,43671.005891,2018-07-27 23:59:59.999000 UTC,350881696.75270694,227397,23168.935319,186142745.1886693,0
2018-07-28 00:00:00.000000 UTC,8188.57,8246.54,8067.0,8225.04,26215.173839,2018-07-28 23:59:59.999000 UTC,214357817.0314018,144170,13976.708689,114326656.22009628,0
2018-07-29 00:00:00.000000 UTC,8225.04,8294.51,8115.0,8211.0,25531.226185,2018-07-29 23:59:59.999000 UTC,209564023.05224952,144331,14226.697109,116797668.8754396,0
2018-07-30 00:00:00.000000 UTC,8210.99,8273.0,7866.0,8173.92,39692.416542,2018-07-30 23:59:59.999000 UTC,321599782.180698,206911,20676.100069,167753771.91739196,0
2018-07-31 00:00:00.000000 UTC,8171.4,8180.0,7633.0,7730.93,48296.915587,2018-07-31 23:59:59.999000 UTC,379841367.2024023,239132,24273.184891,190885799.45286345,0
2018-08-01 00:00:00.000000 UTC,7735.67,7750.0,7430.0,7604.58,42582.312932,2018-08-01 23:59:59.999000 UTC,322252070.44348675,208008,22159.785618,167734477.27458394,0
2018-08-02 00:00:00.000000 UTC,7600.08,7709.46,7455.72,7525.71,37665.696684,2018-08-02 23:59:59.999000 UTC,285656680.7015636,175627,21216.838126,160971512.85409075,0
2018-08-03 00:00:00.000000 UTC,7525.71,7540.0,7282.44,7418.78,44669.486047,2018-08-03 23:59:59.999000 UTC,330599837.7285522,226727,23397.041835,173144499.51146755,0
2018-08-04 00:00:00.000000 UTC,7412.27,7494.81,6926.0,7009.84,36288.42601,2018-08-04 23:59:59.999000 UTC,262282965.4857332,199335,17770.555156,128601932.84105052,0
2018-08-05 00:00:00.000000 UTC,7009.84,7089.87,6882.29,7024.19,32894.849782,2018-08-05 23:59:59.999000 UTC,229992627.52322164,148658,18335.956341,128216222.18516617,0
2018-08-06 00:00:00.000000 UTC,7024.19,7160.0,6821.0,6934.82,32760.191643,2018-08-06 23:59:59.999000 UTC,229071781.1153668,177378,17486.151576,122304301.71216844,0
2018-08-07 00:00:00.000000 UTC,6935.0,7150.46,6670.0,6720.06,45438.473501,2018-08-07 23:59:59.999000 UTC,316365882.1031662,247202,24012.696862,167343592.15417215,0
2018-08-08 00:00:00.000000 UTC,6720.63,6721.54,6123.0,6285.0,59550.536319,2018-08-08 23:59:59.999000 UTC,382460776.49398136,305603,30204.484969,194091707.7978788,0
2018-08-09 00:00:00.000000 UTC,6283.27,6622.81,6178.6,6529.79,51941.185111,2018-08-09 23:59:59.999000 UTC,332880900.89059937,248573,28290.848883,181381407.1101644,0
2018-08-10 00:00:00.000000 UTC,6529.79,6575.88,6026.39,6144.01,59034.974902,2018-08-10 23:59:59.999000 UTC,374699380.94849145,289661,31034.532468,197214827.29198256,0
2018-08-11 00:00:00.000000 UTC,6148.13,6488.0,5971.0,6232.35,47133.418555,2018-08-11 23:59:59.999000 UTC,291056267.0892287,236173,26083.971425,160978348.30636576,0
2018-08-12 00:00:00.000000 UTC,6222.55,6472.3,6130.0,6308.33,38567.770712,2018-08-12 23:59:59.999000 UTC,243227298.87942725,190399,20954.747314,132190051.41706526,0
2018-08-13 00:00:00.000000 UTC,6308.56,6545.0,6145.04,6246.35,53895.828783,2018-08-13 23:59:59.999000 UTC,341552293.0073,239602,29517.276269,187178430.2802032,0
2018-08-14 00:00:00.000000 UTC,6248.25,6250.33,5880.0,6188.08,50186.745091,2018-08-14 23:59:59.999000 UTC,303179556.3624503,252004,25530.653498,154285607.85051605,0
2018-08-15 00:00:00.000000 UTC,6188.08,6609.0,6172.11,6267.16,68806.687026,2018-08-15 23:59:59.999000 UTC,439109005.4034304,329413,37144.042168,237077628.52971667,0
2018-08-16 00:00:00.000000 UTC,6265.27,6480.0,6205.6,6311.75,48515.254618,2018-08-16 23:59:59.999000 UTC,307755605.1624039,228942,26023.549007,165123672.3296188,0
2018-08-17 00:00:00.000000 UTC,6316.0,6585.0,6285.4,6584.49,57851.610803,2018-08-17 23:59:59.999000 UTC,374472431.7235812,296730,32407.884552,209831423.4286213,0
2018-08-18 00:00:00.000000 UTC,6579.04,6620.0,6288.0,6387.96,53742.322172,2018-08-18 23:59:59.999000 UTC,345964004.3657212,276121,29469.810485,189808853.55518275,0
2018-08-19 00:00:00.000000 UTC,6387.96,6541.0,6300.0,6477.53,45190.847994,2018-08-19 23:59:59.999000 UTC,289271954.5532653,190758,25368.613272,162405728.97807813,0
2018-08-20 00:00:00.000000 UTC,6477.53,6530.0,6220.0,6254.84,49435.55526,2018-08-20 23:59:59.999000 UTC,317617945.7492608,237055,26468.017091,170185693.09984115,0
2018-08-21 00:00:00.000000 UTC,6251.0,6500.0,6235.08,6480.0,41569.947408,2018-08-21 23:59:59.999000 UTC,265458342.7817206,180578,23219.823973,148276323.26185247,0
2018-08-22 00:00:00.000000 UTC,6479.98,6882.54,6251.2,6360.89,77909.391359,2018-08-22 23:59:59.999000 UTC,512501182.2029021,326562,40431.002002,266272244.801362,0
2018-08-23 00:00:00.000000 UTC,6362.57,6576.99,6342.28,6525.01,40358.166825,2018-08-23 23:59:59.999000 UTC,259786384.55491504,187637,22134.603236,142492145.48212317,0
2018-08-24 00:00:00.000000 UTC,6525.0,6725.0,6440.5,6681.64,38305.675322,2018-08-24 23:59:59.999000 UTC,251513064.47447148,180167,21280.935824,139769204.2073669,0
2018-08-25 00:00:00.000000 UTC,6686.98,6789.0,6650.61,6733.64,19220.505929,2018-08-25 23:59:59.999000 UTC,129083702.47542232,122483,9829.849484,66019304.90679335,0
2018-08-26 00:00:00.000000 UTC,6733.64,6775.27,6568.0,6700.0,20107.297208,2018-08-26 23:59:59.999000 UTC,134117930.3957502,130769,9897.250377,66041984.74840774,0
2018-08-27 00:00:00.000000 UTC,6700.0,6940.51,6646.5,6908.64,37747.078747,2018-08-27 23:59:59.999000 UTC,254214730.3171242,205441,21458.101843,144536972.8579014,0
2018-08-28 00:00:00.000000 UTC,6907.26,7135.0,6860.0,7076.11,48352.917163,2018-08-28 23:59:59.999000 UTC,338220284.29016566,252033,26495.589966,185343334.34057817,0
2018-08-29 00:00:00.000000 UTC,7077.0,7133.81,6912.34,7031.22,43252.487392,2018-08-29 23:59:59.999000 UTC,304565438.4850058,223772,23716.20275,167062558.37522662,0
2018-08-30 00:00:00.000000 UTC,7033.21,7063.63,6784.81,6984.84,44716.77462,2018-08-30 23:59:59.999000 UTC,309357226.58362526,230848,24453.041781,169234472.84231016,0
2018-08-31 00:00:00.000000 UTC,6984.84,7089.0,6888.0,7011.21,40467.400638,2018-08-31 23:59:59.999000 UTC,282722730.0613196,203142,21668.412208,151377811.8924784,0
2018-09-01 00:00:00.000000 UTC,7011.21,7275.0,7008.74,7200.01,40323.414093,2018-09-01 23:59:59.999000 UTC,287299347.7691456,217286,22552.716145,160667815.7528499,0
2018-09-02 00:00:00.000000 UTC,7201.57,7345.45,7127.0,7302.01,39814.840352,2018-09-02 23:59:59.999000 UTC,288526018.71327895,210282,22422.52063,162523675.69236815,0
2018-09-03 00:00:00.000000 UTC,7302.0,7338.28,7191.63,7263.02,32396.018371,2018-09-03 23:59:59.999000 UTC,235393601.4251404,173846,16914.880588,122917873.88750283,0
2018-09-04 00:00:00.000000 UTC,7263.0,7410.0,7227.17,7359.06,35300.640518,2018-09-04 23:59:59.999000 UTC,258978411.271086,183178,19983.177591,146619387.998844,0
2018-09-05 00:00:00.000000 UTC,7359.05,7397.3,6682.0,6700.0,63715.256267,2018-09-05 23:59:59.999000 UTC,449463489.0579976,308813,31531.579021,222719950.68442565,0
2018-09-06 00:00:00.000000 UTC,6697.27,6725.0,6265.0,6516.01,60644.464227,2018-09-06 23:59:59.999000 UTC,390391932.2091176,280845,32332.549533,208137324.51688048,0
2018-09-07 00:00:00.000000 UTC,6516.84,6544.0,6320.0,6395.54,38906.28805,2018-09-07 23:59:59.999000 UTC,250716129.9051897,194451,21463.035571,138344836.356928,0
2018-09-08 00:00:00.000000 UTC,6395.54,6478.0,6111.0,6185.05,38215.032171,2018-09-08 23:59:59.999000 UTC,241711345.37120345,180831,19615.084193,124201124.4482174,0
2018-09-09 00:00:00.000000 UTC,6185.06,6441.0,6141.53,6250.81,37053.92382,2018-09-09 23:59:59.999000 UTC,233583450.10542047,176709,20804.78067,131143409.64187044,0
2018-09-10 00:00:00.000000 UTC,6252.26,6373.98,6221.0,6312.0,32439.456432,2018-09-10 23:59:59.999000 UTC,204178349.9698747,165286,18454.695984,116171984.1646136,0
2018-09-11 00:00:00.000000 UTC,6311.99,6404.0,6169.68,6294.91,33104.88859,2018-09-11 23:59:59.999000 UTC,208346648.80045933,173335,18417.973606,115940661.5120764,0
2018-09-12 00:00:00.000000 UTC,6293.0,6360.0,6192.37,6338.62,31433.645939,2018-09-12 23:59:59.999000 UTC,197398009.0125667,165590,17211.99689,108098184.76419269,0
2018-09-13 00:00:00.000000 UTC,6338.62,6535.0,6337.4,6487.38,40465.063107,2018-09-13 23:59:59.999000 UTC,260985165.19184464,215637,21685.302869,139897583.37583557,0
2018-09-14 00:00:00.000000 UTC,6487.39,6584.99,6385.62,6476.63,37173.339277,2018-09-14 23:59:59.999000 UTC,241466662.6480057,198375,19926.092246,129446503.53889132,0
2018-09-15 00:00:00.000000 UTC,6476.63,6565.45,6466.13,6514.96,25243.656612,2018-09-15 23:59:59.999000 UTC,164557841.0798692,141362,13631.32786,88868550.64006232,0
2018-09-16 00:00:00.000000 UTC,6514.96,6524.62,6370.0,6505.0,27568.132897,2018-09-16 23:59:59.999000 UTC,178614079.15149954,145921,15277.360294,99017939.48392932,0
2018-09-17 00:00:00.000000 UTC,6500.08,6533.84,6201.0,6248.69,35987.254738,2018-09-17 23:59:59.999000 UTC,228970700.7504221,196924,18132.460484,115435845.03181572,0
2018-09-18 00:00:00.000000 UTC,6248.69,6390.0,6224.98,6336.45,32620.86667,2018-09-18 23:59:59.999000 UTC,205736329.40707865,169055,18134.695327,114376447.08866696,0
2018-09-19 00:00:00.000000 UTC,6336.39,6517.7,6123.0,6391.89,39044.080082,2018-09-19 23:59:59.999000 UTC,247455364.5237956,198215,21198.526375,134463617.32427764,0
2018-09-20 00:00:00.000000 UTC,6392.0,6540.0,6325.0,6492.0,25189.024728,2018-09-20 23:59:59.999000 UTC,161844271.63360685,153686,13565.498887,87206867.75902455,0
2018-09-21 00:00:00.000000 UTC,6492.0,6784.86,6491.0,6759.02,51779.343463,2018-09-21 23:59:59.999000 UTC,345746941.9999864,292494,28398.418773,189708795.74198133,0
2018-09-22 00:00:00.000000 UTC,6759.01,6839.03,6627.0,6723.05,29349.690667,2018-09-22 23:59:59.999000 UTC,197210670.89197847,145720,16554.964632,111254665.99411064,0
2018-09-23 00:00:00.000000 UTC,6723.05,6788.23,6661.75,6708.0,30286.229773,2018-09-23 23:59:59.999000 UTC,203479219.38640648,168354,17052.636547,114584135.91268952,0
2018-09-24 00:00:00.000000 UTC,6706.81,6730.0,6557.0,6581.39,35305.73991,2018-09-24 23:59:59.999000 UTC,234355999.54311827,185297,18662.448471,123915474.8670641,0
2018-09-25 00:00:00.000000 UTC,6581.42,6584.01,6325.02,6447.54,40301.029452,2018-09-25 23:59:59.999000 UTC,258927200.8310643,219965,21316.072862,136948219.4725573,0
2018-09-26 00:00:00.000000 UTC,6445.11,6557.99,6379.7,6465.12,33484.54207,2018-09-26 23:59:59.999000 UTC,216859675.30134344,184238,18833.139688,121969834.649462,0
2018-09-27 00:00:00.000000 UTC,6467.84,6750.0,6434.0,6689.13,33087.428297,2018-09-27 23:59:59.999000 UTC,216914853.24175173,182590,18395.789811,120651951.00860988,0
2018-09-28 00:00:00.000000 UTC,6689.12,6814.8,6540.88,6634.58,42399.448523,2018-09-28 23:59:59.999000 UTC,283144987.50423056,211849,23688.506549,158267801.16155452,0
2018-09-29 00:00:00.000000 UTC,6634.58,6636.0,6464.57,6596.38,30255.9597,2018-09-29 23:59:59.999000 UTC,198424303.60660568,171027,16037.032751,105227105.4169398,0
2018-09-30 00:00:00.000000 UTC,6597.66,6662.0,6533.0,6626.57,27764.724519,2018-09-30 23:59:59.999000 UTC,183438992.37719536,153447,15201.004317,100438551.14193349,0
2018-10-01 00:00:00.000000 UTC,6626.57,6667.09,6510.0,6611.61,20621.506894,2018-10-01 23:59:59.999000 UTC,136115256.9683068,129733,11063.811859,73056146.10206315,0
2018-10-02 00:00:00.000000 UTC,6610.0,6640.0,6494.0,6525.79,28245.810088,2018-10-02 23:59:59.999000 UTC,185725492.2802391,147274,15115.821022,99418910.24218991,0
2018-10-03 00:00:00.000000 UTC,6525.79,6549.0,6430.0,6510.0,28451.969138,2018-10-03 23:59:59.999000 UTC,184622957.0249073,150607,15296.711506,99276382.4347858,0
2018-10-04 00:00:00.000000 UTC,6510.01,6643.46,6505.09,6593.79,20074.300818,2018-10-04 23:59:59.999000 UTC,132348680.67600606,96824,11077.852512,73043810.82721473,0
2018-10-05 00:00:00.000000 UTC,6591.69,6697.0,6543.08,6635.65,16096.552392,2018-10-05 23:59:59.999000 UTC,106264514.65757656,86701,8593.749956,56749217.58541545,0
2018-10-06 00:00:00.000000 UTC,6635.65,6651.0,6566.77,6594.27,10939.505391,2018-10-06 23:59:59.999000 UTC,72247942.41429408,62065,5212.866094,34437347.9568216,0
2018-10-07 00:00:00.000000 UTC,6596.44,6640.0,6525.0,6615.26,17406.831762,2018-10-07 23:59:59.999000 UTC,114489082.7536428,82844,8768.20828,57668448.4121986,0
2018-10-08 00:00:00.000000 UTC,6615.26,6715.6,6587.0,6673.01,23123.419541,2018-10-08 23:59:59.999000 UTC,153704602.4302414,135156,12334.914967,81982575.94542176,0
2018-10-09 00:00:00.000000 UTC,6673.01,6685.38,6607.0,6656.61,15354.779469,2018-10-09 23:59:59.999000 UTC,102115186.42882323,101956,7606.922999,50595009.05115302,0
2018-10-10 00:00:00.000000 UTC,6656.67,6659.95,6530.0,6631.0,15390.661444,2018-10-10 23:59:59.999000 UTC,101609680.88217255,99789,6819.654895,45031596.85703905,0
2018-10-11 00:00:00.000000 UTC,6630.21,6633.92,6205.0,6252.68,48712.400332,2018-10-11 23:59:59.999000 UTC,308153124.4458242,253224,24435.254184,154456787.97385907,0
2018-10-12 00:00:00.000000 UTC,6252.71,6360.0,6209.0,6298.01,29004.071419,2018-10-12 23:59:59.999000 UTC,183030273.0112748,148077,15890.432857,100299391.3204982,0
2018-10-13 00:00:00.000000 UTC,6298.0,6345.0,6285.07,6332.93,19098.070025,2018-10-13 23:59:59.999000 UTC,120728650.99596693,108981,9423.156468,59568245.33199458,0
2018-10-14 00:00:00.000000 UTC,6332.92,6416.0,6308.0,6339.34,15627.411314,2018-10-14 23:59:59.999000 UTC,99527294.08483064,96113,7127.368587,45405725.82626989,0
2018-10-15 00:00:00.000000 UTC,6339.34,7680.0,6300.0,6752.5,90748.031246,2018-10-15 23:59:59.999000 UTC,627984505.5555727,456913,47214.804053,326438267.175792,0
2018-10-16 00:00:00.000000 UTC,6752.5,6900.0,6670.0,6759.27,27557.957764,2018-10-16 23:59:59.999000 UTC,186122772.22286084,175075,14204.011904,95928783.40007888,0
2018-10-17 00:00:00.000000 UTC,6762.76,6811.12,6676.01,6740.89,26641.431379,2018-10-17 23:59:59.999000 UTC,179641733.16423723,158746,13752.475923,92735373.87392446,0
2018-10-18 00:00:00.000000 UTC,6739.01,6796.0,6567.0,6618.96,20116.521941,2018-10-18 23:59:59.999000 UTC,134777360.1544343,138002,9735.654593,65252041.08921054,0
2018-10-19 00:00:00.000000 UTC,6618.96,6648.14,6523.0,6528.88,20772.60077,2018-10-19 23:59:59.999000 UTC,136686215.6690547,112337,11702.532344,76995910.01401609,0
2018-10-20 00:00:00.000000 UTC,6528.88,6617.65,6505.55,6588.4,19240.722247,2018-10-20 23:59:59.999000 UTC,126325797.49570584,110809,10487.007277,68848403.0365021,0
2018-10-21 00:00:00.000000 UTC,6585.72,6663.9,6580.0,6590.11,6515.357792,2018-10-21 23:59:59.999000 UTC,43146401.58918715,68018,3352.959844,22204439.20522993,0
2018-10-22 00:00:00.000000 UTC,6590.12,6639.0,6535.27,6581.2,16213.69266,2018-10-22 23:59:59.999000 UTC,106815019.55165032,101673,8401.545594,55341971.19307679,0
2018-10-23 00:00:00.000000 UTC,6581.2,6595.0,6515.45,6553.51,13856.601756,2018-10-23 23:59:59.999000 UTC,90969791.0251596,86938,7288.048932,47847204.0370594,0
2018-10-24 00:00:00.000000 UTC,6553.51,6630.0,6547.53,6565.5,11951.543977,2018-10-24 23:59:59.999000 UTC,78795617.02141578,90762,5551.62038,36598642.16926681,0
2018-10-25 00:00:00.000000 UTC,6566.81,6575.09,6502.8,6528.09,10342.701244,2018-10-25 23:59:59.999000 UTC,67691945.44596253,75563,5366.160777,35118312.45154271,0
2018-10-26 00:00:00.000000 UTC,6528.13,6600.0,6515.01,6538.63,9443.504156,2018-10-26 23:59:59.999000 UTC,61792487.79642334,77985,4680.041861,30622521.98363894,0
2018-10-27 00:00:00.000000 UTC,6538.63,6558.35,6463.04,6505.6,7776.907864,2018-10-27 23:59:59.999000 UTC,50667220.04441258,86848,3826.22774,24926178.8679294,0
2018-10-28 00:00:00.000000 UTC,6505.6,6514.17,6453.0,6489.93,5743.933728,2018-10-28 23:59:59.999000 UTC,37298357.26271342,71647,2728.508889,17719438.99521591,0
2018-10-29 00:00:00.000000 UTC,6489.93,6505.01,6315.0,6344.5,13827.224067,2018-10-29 23:59:59.999000 UTC,88484721.03624511,135586,6536.422181,41839860.73171636,0
2018-10-30 00:00:00.000000 UTC,6344.5,6395.0,6317.01,6330.87,8877.175385,2018-10-30 23:59:59.999000 UTC,56393439.18288881,95116,4547.135696,28892142.58988397,0
2018-10-31 00:00:00.000000 UTC,6330.01,6428.0,6245.02,6371.93,12148.888216,2018-10-31 23:59:59.999000 UTC,76970488.28166042,111552,6037.752817,38272580.58381576,0
2018-11-01 00:00:00.000000 UTC,6369.52,6442.65,6348.66,6410.0,9099.035841,2018-11-01 23:59:59.999000 UTC,58031686.8315247,89601,4560.735608,29086134.32882036,0
2018-11-02 00:00:00.000000 UTC,6410.0,6460.34,6388.2,6433.98,9739.440679,2018-11-02 23:59:59.999000 UTC,62589428.22024873,109482,4961.635216,31889801.28230129,0
2018-11-03 00:00:00.000000 UTC,6432.8,6439.97,6345.0,6387.09,7661.241476,2018-11-03 23:59:59.999000 UTC,48934237.93991929,83836,3635.868957,23226775.94830495,0
2018-11-04 00:00:00.000000 UTC,6388.0,6525.0,6359.0,6485.85,10592.394943,2018-11-04 23:59:59.999000 UTC,68169573.18695,126200,5716.258624,36792110.49723886,0
2018-11-05 00:00:00.000000 UTC,6485.85,6504.39,6431.02,6468.99,8987.882156,2018-11-05 23:59:59.999000 UTC,58127213.13931594,114235,4555.523431,29465680.23859559,0
2018-11-06 00:00:00.000000 UTC,6468.99,6531.31,6445.18,6519.11,11926.565699,2018-11-06 23:59:59.999000 UTC,77336101.18719475,150475,5734.321131,37189108.73306704,0
2018-11-07 00:00:00.000000 UTC,6522.73,6615.15,6509.0,6578.46,14271.591117,2018-11-07 23:59:59.999000 UTC,93820576.63463956,151060,7059.087973,46413326.05582056,0
2018-11-08 00:00:00.000000 UTC,6578.46,6594.0,6468.22,6479.84,13259.789282,2018-11-08 23:59:59.999000 UTC,86450363.67835227,145405,6370.531258,41543352.29678714,0
2018-11-09 00:00:00.000000 UTC,6479.84,6511.53,6391.01,6419.99,11787.616583,2018-11-09 23:59:59.999000 UTC,75997777.50255908,117043,5993.771062,38655506.51281597,0
2018-11-10 00:00:00.000000 UTC,6419.99,6475.55,6411.0,6433.05,7714.829926,2018-11-10 23:59:59.999000 UTC,49745307.64123968,97746,3714.135468,23951565.83481469,0
2018-11-11 00:00:00.000000 UTC,6435.16,6462.14,6355.0,6449.81,8213.507117,2018-11-11 23:59:59.999000 UTC,52709099.31784609,98435,3799.700665,24388849.49935703,0
2018-11-12 00:00:00.000000 UTC,6450.71,6497.0,6421.0,6453.07,10132.782567,2018-11-12 23:59:59.999000 UTC,65390882.14088421,123144,5162.630429,33319237.91336477,0
2018-11-13 00:00:00.000000 UTC,6451.68,6498.0,6391.15,6457.66,11790.564933,2018-11-13 23:59:59.999000 UTC,76142983.15196352,150940,6176.466277,39897081.36738298,0
2018-11-14 00:00:00.000000 UTC,6458.98,6482.84,5656.87,5922.41,46478.964003,2018-11-14 23:59:59.999000 UTC,279632622.8943677,319011,20429.546888,122727749.8468148,0
2018-11-15 00:00:00.000000 UTC,5917.2,5939.54,5403.42,5753.4,47700.829401,2018-11-15 23:59:59.999000 UTC,270133503.66131264,303825,24424.593996,138413226.3312415,0
2018-11-16 00:00:00.000000 UTC,5757.09,5782.89,5549.25,5655.94,38721.802274,2018-11-16 23:59:59.999000 UTC,219097215.966752,221493,20864.470681,118076678.41618489,0
2018-11-17 00:00:00.000000 UTC,5650.57,5656.6,5565.43,5628.29,26411.241413,2018-11-17 23:59:59.999000 UTC,148072393.10210443,171403,14662.946203,82212555.95855413,0
2018-11-18 00:00:00.000000 UTC,5630.49,5738.17,5617.0,5662.0,23844.999347,2018-11-18 23:59:59.999000 UTC,134893236.9862243,154817,12870.692954,72812616.98964535,0
2018-11-19 00:00:00.000000 UTC,5661.94,5664.0,4855.0,4910.03,70580.892856,2018-11-19 23:59:59.999000 UTC,368688743.45440894,378495,34832.065477,181961869.36940217,0
2018-11-20 00:00:00.000000 UTC,4913.4,5048.24,4326.0,4558.86,117380.95159,2018-11-20 23:59:59.999000 UTC,548036628.7293574,596769,60016.157716,280209159.00641763,0
2018-11-21 00:00:00.000000 UTC,4559.91,4787.2,4413.85,4661.07,61071.829475,2018-11-21 23:59:59.999000 UTC,281264433.4846592,301920,31538.610809,145270590.60586113,0
2018-11-22 00:00:00.000000 UTC,4661.08,4721.77,4335.0,4370.0,34531.119143,2018-11-22 23:59:59.999000 UTC,157459733.72414753,180335,17104.716369,78079163.83838251,0
2018-11-23 00:00:00.000000 UTC,4370.9,4484.0,4222.94,4420.61,49371.920322,2018-11-23 23:59:59.999000 UTC,215283656.1153948,227935,25825.008932,112703529.40285808,0
2018-11-24 00:00:00.000000 UTC,4415.63,4527.0,3824.69,3932.44,61693.111006,2018-11-24 23:59:59.999000 UTC,258702927.69916424,275070,30242.189194,127231531.5661508,0
2018-11-25 00:00:00.000000 UTC,3933.68,4233.0,3652.66,4085.78,101693.975588,2018-11-25 23:59:59.999000 UTC,398253568.5292384,428171,53212.171,208468641.38665485,0
2018-11-26 00:00:00.000000 UTC,4088.69,4206.0,3701.0,3862.2,94504.865717,2018-11-26 23:59:59.999000 UTC,373230308.2847775,413339,48232.505531,190643829.05834308,0
2018-11-27 00:00:00.000000 UTC,3864.45,3940.0,3689.12,3875.21,67480.607212,2018-11-27 23:59:59.999000 UTC,257593168.12182525,288731,36322.283916,138747058.9298063,0
2018-11-28 00:00:00.000000 UTC,3875.63,4394.47,3874.27,4264.85,91983.567949,2018-11-28 23:59:59.999000 UTC,382697308.297627,386714,47319.594419,196769358.5655052,0
2018-11-29 00:00:00.000000 UTC,4262.06,4450.38,4125.65,4295.84,73980.198669,2018-11-29 23:59:59.999000 UTC,316809038.40988266,316601,36962.473603,158303080.30548847,0
2018-11-30 00:00:00.000000 UTC,4295.72,4341.36,3943.0,4041.32,67758.446283,2018-11-30 23:59:59.999000 UTC,278810574.935784,288098,33803.976753,139232146.69274852,0
2018-12-01 00:00:00.000000 UTC,4041.27,4299.99,3963.01,4190.02,44840.073481,2018-12-01 23:59:59.999000 UTC,186157614.3155972,205472,22425.41131,93092891.05095032,0
2018-12-02 00:00:00.000000 UTC,4190.98,4312.99,4103.04,4161.01,38912.15479,2018-12-02 23:59:59.999000 UTC,162917339.00647366,178087,19632.485758,82236824.78200336,0
2018-12-03 00:00:00.000000 UTC,4160.55,4179.0,3827.0,3884.01,49094.369163,2018-12-03 23:59:59.999000 UTC,195055919.54337287,207134,23219.634345,92281403.0479723,0
2018-12-04 00:00:00.000000 UTC,3884.76,4085.0,3781.0,3951.64,48489.551613,2018-12-04 23:59:59.999000 UTC,191673423.706266,220815,23934.235906,94658347.08020414,0
2018-12-05 00:00:00.000000 UTC,3950.98,3970.0,3745.0,3769.84,44004.799448,2018-12-05 23:59:59.999000 UTC,169404368.19157183,199011,20500.981593,78965669.66403113,0
2018-12-06 00:00:00.000000 UTC,3768.44,3899.99,3500.0,3508.75,68378.796943,2018-12-06 23:59:59.999000 UTC,254722331.4949405,293512,32658.461385,121928277.43586436,0
2018-12-07 00:00:00.000000 UTC,3508.75,3549.99,3224.6,3403.55,95145.457442,2018-12-07 23:59:59.999000 UTC,322364604.2802089,413521,47770.637792,161888033.89864397,0
2018-12-08 00:00:00.000000 UTC,3403.57,3495.0,3222.0,3410.93,55365.949949,2018-12-08 23:59:59.999000 UTC,187909876.2489473,253650,29371.741091,99748773.25286004,0
2018-12-09 00:00:00.000000 UTC,3411.36,3658.0,3394.04,3545.37,45956.893296,2018-12-09 23:59:59.999000 UTC,161618597.82859048,194567,23399.945608,82219737.9350548,0
2018-12-10 00:00:00.000000 UTC,3548.49,3610.0,3370.11,3432.88,40989.244553,2018-12-10 23:59:59.999000 UTC,142507933.07357892,192599,20615.038255,71728122.27762426,0
2018-12-11 00:00:00.000000 UTC,3434.01,3480.0,3324.32,3380.39,35920.864154,2018-12-11 23:59:59.999000 UTC,121841475.29281934,162266,18443.626714,62566361.86365689,0
2018-12-12 00:00:00.000000 UTC,3379.23,3492.0,3350.0,3445.0,33922.931286,2018-12-12 23:59:59.999000 UTC,116227185.79240072,152067,18127.198706,62102213.79885198,0
2018-12-13 00:00:00.000000 UTC,3446.38,3460.0,3255.5,3302.06,40040.917013,2018-12-13 23:59:59.999000 UTC,134817053.72748312,160471,19671.315079,66262762.30044974,0
2018-12-14 00:00:00.000000 UTC,3302.06,3335.39,3177.0,3224.17,44492.983807,2018-12-14 23:59:59.999000 UTC,145101409.49359843,184525,22546.670128,73559210.30184719,0
2018-12-15 00:00:00.000000 UTC,3225.19,3276.5,3156.26,3211.72,29796.041436,2018-12-15 23:59:59.999000 UTC,95588793.64058843,139806,16044.57843,51480397.90105426,0
2018-12-16 00:00:00.000000 UTC,3211.71,3294.0,3186.0,3228.67,24628.808538,2018-12-16 23:59:59.999000 UTC,80068159.40481837,125565,13109.773513,42626126.40565618,0
2018-12-17 00:00:00.000000 UTC,3229.22,3585.0,3216.0,3509.08,66762.216388,2018-12-17 23:59:59.999000 UTC,228758085.6184612,283815,34567.214438,118345866.95801295,0
2018-12-18 00:00:00.000000 UTC,3509.03,3678.59,3424.47,3652.98,61369.615257,2018-12-18 23:59:59.999000 UTC,216563775.025232,296433,32075.600521,113218237.08727913,0
2018-12-19 00:00:00.000000 UTC,3653.0,3912.73,3622.55,3662.22,94137.341014,2018-12-19 23:59:59.999000 UTC,352638213.53853136,434026,48106.758907,180189225.2989942,0
2018-12-20 00:00:00.000000 UTC,3660.01,4120.0,3635.0,4049.62,101543.835986,2018-12-20 23:59:59.999000 UTC,399967057.78281647,500506,52772.933168,207803692.00369185,0
2018-12-21 00:00:00.000000 UTC,4051.86,4139.99,3764.0,3838.66,82343.850112,2018-12-21 23:59:59.999000 UTC,325803279.9626696,436187,41365.888997,163730611.7927524,0
2018-12-22 00:00:00.000000 UTC,3840.25,3979.0,3785.0,3948.91,42822.350872,2018-12-22 23:59:59.999000 UTC,165085567.58556616,249148,22602.324084,87158242.38930173,0
2018-12-23 00:00:00.000000 UTC,3948.91,4021.53,3870.0,3929.71,40117.531529,2018-12-23 23:59:59.999000 UTC,158756356.8176238,258417,20216.880715,80034022.88002953,0
2018-12-24 00:00:00.000000 UTC,3929.71,4198.0,3924.83,4008.01,64647.809129,2018-12-24 23:59:59.999000 UTC,264628967.0659108,400403,33124.508698,135645529.90615216,0
2018-12-25 00:00:00.000000 UTC,4010.11,4020.0,3646.41,3745.79,62725.629432,2018-12-25 23:59:59.999000 UTC,235584302.95256105,356377,31541.976272,118404280.4976858,0
2018-12-26 00:00:00.000000 UTC,3745.56,3837.15,3656.74,3777.74,42629.375817,2018-12-26 23:59:59.999000 UTC,159705204.50415567,267746,22292.219845,83539027.8284803,0
2018-12-27 00:00:00.000000 UTC,3777.74,3813.98,3535.0,3567.91,44097.392912,2018-12-27 23:59:59.999000 UTC,161915849.87310502,262733,22249.473824,81803859.05606578,0
2018-12-28 00:00:00.000000 UTC,3567.89,3887.25,3540.04,3839.26,45964.304987,2018-12-28 23:59:59.999000 UTC,170638519.2472785,251040,24449.924653,90747704.9025186,0
2018-12-29 00:00:00.000000 UTC,3839.0,3892.0,3670.0,3695.32,38874.373903,2018-12-29 23:59:59.999000 UTC,148205200.1077372,244844,19522.193046,74500753.17536026,0
2018-12-30 00:00:00.000000 UTC,3696.71,3903.5,3657.9,3801.91,33222.369262,2018-12-30 23:59:59.999000 UTC,124966229.52022897,218929,17427.342285,65587964.90351099,0
2018-12-31 00:00:00.000000 UTC,3803.12,3810.0,3630.33,3702.9,29991.77835,2018-12-31 23:59:59.999000 UTC,111847216.11708207,190308,15523.796134,57912258.76286516,0
2019-01-01 00:00:00.000000 UTC,3701.23,3810.16,3642.0,3797.14,23741.687033,2019-01-01 23:59:59.999000 UTC,88149249.09230462,154227,12919.155899,47973435.866858,0
2019-01-02 00:00:00.000000 UTC,3796.45,3882.14,3750.45,3858.56,35156.463369,2019-01-02 23:59:59.999000 UTC,133876627.2465106,218538,17921.600114,68277897.66105787,0
2019-01-03 00:00:00.000000 UTC,3857.57,3862.74,3730.0,3766.78,29406.948359,2019-01-03 23:59:59.999000 UTC,111657372.69526468,199812,14793.083267,56172495.42692984,0
2019-01-04 00:00:00.000000 UTC,3767.2,3823.64,3703.57,3792.01,29519.554671,2019-01-04 23:59:59.999000 UTC,111034550.64066195,192232,15579.303258,58616203.97789647,0
2019-01-05 00:00:00.000000 UTC,3790.09,3840.99,3751.0,3770.96,30490.667751,2019-01-05 23:59:59.999000 UTC,115893501.27515878,203673,14908.914175,56667455.38615935,0
2019-01-06 00:00:00.000000 UTC,3771.12,4027.71,3740.0,3987.6,36553.806709,2019-01-06 23:59:59.999000 UTC,142198812.18914708,240496,19772.887008,76903705.93007119,0
2019-01-07 00:00:00.000000 UTC,3987.62,4017.9,3921.53,3975.45,31869.846264,2019-01-07 23:59:59.999000 UTC,126830380.4928724,221219,16404.352241,65287611.65056139,0
2019-01-08 00:00:00.000000 UTC,3976.76,4069.8,3903.0,3955.13,38901.423122,2019-01-08 23:59:59.999000 UTC,154778846.54236615,242898,20047.977601,79781104.89538665,0
2019-01-09 00:00:00.000000 UTC,3955.45,4006.81,3930.04,3966.65,28989.439511,2019-01-09 23:59:59.999000 UTC,115218950.31554872,209240,14984.33702,59559010.745234,0
2019-01-10 00:00:00.000000 UTC,3966.06,3996.01,3540.0,3585.88,59402.22851,2019-01-10 23:59:59.999000 UTC,221789348.03469807,374760,28288.322574,105616252.06340843,0
2019-01-11 00:00:00.000000 UTC,3585.88,3658.0,3465.0,3601.31,38338.654733,2019-01-11 23:59:59.999000 UTC,137560743.6248598,264996,19907.350586,71430015.64522146,0
2019-01-12 00:00:00.000000 UTC,3601.31,3618.19,3530.0,3583.13,21999.928354,2019-01-12 23:59:59.999000 UTC,78908770.67658037,175679,11645.598846,41778835.50680978,0
2019-01-13 00:00:00.000000 UTC,3584.1,3611.1,3441.3,3476.81,26385.757454,2019-01-13 23:59:59.999000 UTC,92882249.46737902,183113,13692.42064,48229503.0153272,0
2019-01-14 00:00:00.000000 UTC,3477.56,3671.87,3467.02,3626.09,35235.211215,2019-01-14 23:59:59.999000 UTC,125631820.06705056,229452,18416.416902,65668831.10400985,0
2019-01-15 00:00:00.000000 UTC,3626.08,3648.42,3516.62,3553.06,34137.997459,2019-01-15 23:59:59.999000 UTC,122785440.2288754,231684,17225.622434,61971796.9125699,0
2019-01-16 00:00:00.000000 UTC,3553.06,3645.0,3543.51,3591.84,27480.179977,2019-01-16 23:59:59.999000 UTC,98504455.20666537,205159,14183.69988,50843136.81523343,0
2019-01-17 00:00:00.000000 UTC,3591.84,3634.7,3530.39,3616.21,29755.440838,2019-01-17 23:59:59.999000 UTC,106709136.97324342,217797,16010.503395,57427195.93767381,0
2019-01-18 00:00:00.000000 UTC,3613.32,3620.0,3565.75,3594.87,22713.446755,2019-01-18 23:59:59.999000 UTC,81699723.54479145,177567,12611.083757,45362975.23668103,0
2019-01-19 00:00:00.000000 UTC,3594.87,3720.0,3594.23,3665.3,22171.578123,2019-01-19 23:59:59.999000 UTC,81354185.90325992,175054,11637.258171,42690540.30785225,0
2019-01-20 00:00:00.000000 UTC,3665.75,3693.73,3475.0,3539.28,27901.938598,2019-01-20 23:59:59.999000 UTC,99767239.95381454,204941,13875.111381,49633530.63808028,0
2019-01-21 00:00:00.000000 UTC,3539.26,3559.51,3475.5,3526.9,19644.436839,2019-01-21 23:59:59.999000 UTC,69316548.76685554,160825,10462.020278,36918177.63501831,0
2019-01-22 00:00:00.000000 UTC,3526.88,3608.5,3434.85,3570.93,29336.442967,2019-01-22 23:59:59.999000 UTC,103804480.11605988,195484,15661.333001,55461347.6939766,0
2019-01-23 00:00:00.000000 UTC,3570.41,3607.98,3514.5,3552.82,24938.842698,2019-01-23 23:59:59.999000 UTC,88816396.34583545,192892,13136.693253,46789527.0087881,0
2019-01-24 00:00:00.000000 UTC,3552.97,3589.0,3529.22,3569.62,20826.25118,2019-01-24 23:59:59.999000 UTC,74037052.86632736,162159,10975.97457,39023591.88152408,0
2019-01-25 00:00:00.000000 UTC,3569.07,3587.15,3522.51,3565.29,17608.346671,2019-01-25 23:59:59.999000 UTC,62634926.45524528,153413,9690.398152,34473989.38670668,0
2019-01-26 00:00:00.000000 UTC,3566.69,3662.94,3545.0,3565.25,19476.532344,2019-01-26 23:59:59.999000 UTC,69841766.64693148,135369,10203.400315,36578851.51879908,0
2019-01-27 00:00:00.000000 UTC,3565.62,3579.0,3486.0,3550.84,22735.598162,2019-01-27 23:59:59.999000 UTC,80743416.84653682,163855,11568.567399,41100311.44740031,0
2019-01-28 00:00:00.000000 UTC,3550.05,3557.75,3380.27,3434.15,40405.111401,2019-01-28 23:59:59.999000 UTC,139258708.7643088,260799,20334.271739,70100390.81728584,0
2019-01-29 00:00:00.000000 UTC,3434.0,3443.45,3349.92,3411.04,29544.928977,2019-01-29 23:59:59.999000 UTC,100542807.46479908,189650,15626.311231,53180295.18051735,0
2019-01-30 00:00:00.000000 UTC,3410.04,3478.0,3387.1,3458.18,23968.260243,2019-01-30 23:59:59.999000 UTC,82521122.86191754,180820,13324.339628,45877250.0578734,0
2019-01-31 00:00:00.000000 UTC,3457.5,3489.2,3418.8,3434.1,29607.190253,2019-01-31 23:59:59.999000 UTC,101928346.97699684,198100,15325.828783,52764623.95051864,0
2019-02-01 00:00:00.000000 UTC,3434.1,3488.0,3401.2,3462.07,25260.476159,2019-02-01 23:59:59.999000 UTC,87075914.2326683,167520,13533.344628,46664199.94907889,0
2019-02-02 00:00:00.000000 UTC,3462.2,3526.4,3440.29,3504.77,17920.802,2019-02-02 23:59:59.999000 UTC,62134037.97539881,153234,9637.41923,33417963.69624554,0
2019-02-03 00:00:00.000000 UTC,3504.06,3511.09,3426.0,3458.11,19867.33639,2019-02-03 23:59:59.999000 UTC,68801620.06241606,138592,10126.716143,35070884.46205618,0
2019-02-04 00:00:00.000000 UTC,3458.11,3484.88,3433.31,3463.22,23131.981108,2019-02-04 23:59:59.999000 UTC,80024258.22766612,155686,12387.109781,42856551.66874073,0
2019-02-05 00:00:00.000000 UTC,3463.22,3478.97,3448.43,3471.59,25264.41503,2019-02-05 23:59:59.999000 UTC,87491347.06381486,162066,13642.823084,47248405.24357039,0
2019-02-06 00:00:00.000000 UTC,3471.57,3482.72,3380.0,3405.37,35310.244846,2019-02-06 23:59:59.999000 UTC,120500703.0051573,207024,18054.008347,61609674.49994292,0
2019-02-07 00:00:00.000000 UTC,3407.0,3426.45,3390.0,3398.4,18665.538638,2019-02-07 23:59:59.999000 UTC,63611505.78657223,148209,9971.89096,33985909.98028422,0
2019-02-08 00:00:00.000000 UTC,3398.4,3733.58,3373.1,3659.04,47968.058013,2019-02-08 23:59:59.999000 UTC,170118212.46197885,277242,25500.970345,90453750.95066436,0
2019-02-09 00:00:00.000000 UTC,3660.27,3680.02,3625.13,3665.18,24759.833719,2019-02-09 23:59:59.999000 UTC,90488500.0676624,192209,13208.14275,48274378.26417207,0
2019-02-10 00:00:00.000000 UTC,3665.18,3684.99,3609.76,3680.06,23250.602634,2019-02-10 23:59:59.999000 UTC,84696423.96233752,171099,12445.220546,45337811.06485932,0
2019-02-11 00:00:00.000000 UTC,3679.75,3684.9,3615.53,3631.05,24954.614571,2019-02-11 23:59:59.999000 UTC,90731831.90427426,172626,12713.191666,46221559.64321214,0
2019-02-12 00:00:00.000000 UTC,3631.05,3667.6,3582.34,3631.46,29479.59823,2019-02-12 23:59:59.999000 UTC,106766439.99436474,198996,14986.119629,54283275.96877608,0
2019-02-13 00:00:00.000000 UTC,3631.51,3670.0,3591.75,3609.4,25773.997648,2019-02-13 23:59:59.999000 UTC,93350740.94830574,167690,13552.84642,49100779.82827613,0
2019-02-14 00:00:00.000000 UTC,3608.34,3626.4,3568.11,3590.56,21753.501261,2019-02-14 23:59:59.999000 UTC,78367545.57945932,155215,11271.17502,40602592.45976747,0
2019-02-15 00:00:00.000000 UTC,3590.57,3653.23,3573.45,3602.47,20777.872899,2019-02-15 23:59:59.999000 UTC,74938358.18352868,151256,10840.396895,39106496.49706577,0
2019-02-16 00:00:00.000000 UTC,3602.49,3648.2,3597.91,3618.41,19565.992751,2019-02-16 23:59:59.999000 UTC,70894921.80761532,149393,10452.11973,37873280.57143865,0
2019-02-17 00:00:00.000000 UTC,3617.22,3700.11,3604.4,3667.58,25690.227779,2019-02-17 23:59:59.999000 UTC,93426433.13226132,179511,13004.164676,47317986.79403941,0
2019-02-18 00:00:00.000000 UTC,3667.62,3925.0,3655.0,3898.6,64042.730492,2019-02-18 23:59:59.999000 UTC,242898012.769226,393515,33934.973171,128779026.65413164,0
2019-02-19 00:00:00.000000 UTC,3897.35,3994.52,3856.0,3907.79,50207.172667,2019-02-19 23:59:59.999000 UTC,197091641.0474,332281,27008.597566,106038298.7503428,0
2019-02-20 00:00:00.000000 UTC,3907.35,3986.98,3870.66,3969.74,36205.14085,2019-02-20 23:59:59.999000 UTC,142571564.56112987,250176,19952.700984,78593009.217168,0
2019-02-21 00:00:00.000000 UTC,3969.74,4016.48,3901.03,3937.31,31103.884728,2019-02-21 23:59:59.999000 UTC,122714273.87417652,209571,16678.730945,65816472.08951928,0
2019-02-22 00:00:00.000000 UTC,3937.31,3988.0,3926.65,3962.0,23943.16375,2019-02-22 23:59:59.999000 UTC,94739322.74557024,179588,12932.078494,51172984.8508417,0
2019-02-23 00:00:00.000000 UTC,3962.0,4162.02,3933.15,4117.76,33657.942883,2019-02-23 23:59:59.999000 UTC,135782959.41827348,231563,17790.396815,71727695.5046879,0
2019-02-24 00:00:00.000000 UTC,4118.0,4198.0,3712.66,3743.56,62224.18689,2019-02-24 23:59:59.999000 UTC,244146803.51887,410578,30284.980963,118938981.43024276,0
2019-02-25 00:00:00.000000 UTC,3743.56,3872.66,3740.0,3827.92,38102.966245,2019-02-25 23:59:59.999000 UTC,145285565.2031707,262716,20414.125316,77851143.96719553,0
2019-02-26 00:00:00.000000 UTC,3828.44,3841.51,3777.0,3809.23,28838.748036,2019-02-26 23:59:59.999000 UTC,109932596.10609365,213897,14790.213311,56376982.48230529,0
2019-02-27 00:00:00.000000 UTC,3809.31,3838.85,3677.17,3818.07,31500.995466,2019-02-27 23:59:59.999000 UTC,119564023.12004228,201626,16214.235846,61560455.27515973,0
2019-02-28 00:00:00.000000 UTC,3818.04,3888.0,3763.87,3813.69,32561.961044,2019-02-28 23:59:59.999000 UTC,124703738.39336836,233849,16907.092301,64761233.24960861,0
2019-03-01 00:00:00.000000 UTC,3814.26,3857.0,3813.01,3823.0,23174.57217,2019-03-01 23:59:59.999000 UTC,88851336.5211179,179860,12773.952595,48982541.74343915,0
2019-03-02 00:00:00.000000 UTC,3822.17,3841.31,3772.25,3819.93,19445.838355,2019-03-02 23:59:59.999000 UTC,74175357.77882297,149854,10248.945655,39098061.94664881,0
2019-03-03 00:00:00.000000 UTC,3819.97,3835.0,3781.32,3807.75,16718.16541,2019-03-03 23:59:59.999000 UTC,63791898.99159701,127681,8854.218878,33793163.48606208,0
2019-03-04 00:00:00.000000 UTC,3807.32,3830.0,3670.69,3715.3,34742.84166,2019-03-04 23:59:59.999000 UTC,129739738.23815794,218615,18023.022407,67312533.26381876,0
2019-03-05 00:00:00.000000 UTC,3716.1,3877.1,3703.55,3857.73,32962.536162,2019-03-05 23:59:59.999000 UTC,124945530.76214452,202444,17980.127712,68134618.18206476,0
2019-03-06 00:00:00.000000 UTC,3857.58,3907.0,3813.09,3861.84,24775.11883,2019-03-06 23:59:59.999000 UTC,95417637.5889866,165101,13139.774573,50622286.0620538,0
2019-03-07 00:00:00.000000 UTC,3861.84,3905.4,3840.4,3873.64,26455.257661,2019-03-07 23:59:59.999000 UTC,102585458.38333896,180520,13365.946213,51827450.49331647,0
2019-03-08 00:00:00.000000 UTC,3873.63,3932.0,3800.0,3864.89,34730.366592,2019-03-08 23:59:59.999000 UTC,135000852.01035947,211534,17947.934228,69791058.74747884,0
2019-03-09 00:00:00.000000 UTC,3864.88,3971.75,3854.75,3943.04,30979.747653,2019-03-09 23:59:59.999000 UTC,121353606.96803357,206869,16447.346558,64429542.99978998,0
2019-03-10 00:00:00.000000 UTC,3943.43,3943.43,3881.69,3916.82,23187.561412,2019-03-10 23:59:59.999000 UTC,90693949.72150733,167920,12518.496386,48968093.08714351,0
2019-03-11 00:00:00.000000 UTC,3915.99,3936.98,3830.0,3871.61,38066.885705,2019-03-11 23:59:59.999000 UTC,147721971.09446937,209916,19416.221014,75329574.17851433,0
2019-03-12 00:00:00.000000 UTC,3871.61,3905.2,3826.06,3882.73,26921.008622,2019-03-12 23:59:59.999000 UTC,104393849.44844826,182885,13827.421065,53624520.4549435,0
2019-03-13 00:00:00.000000 UTC,3882.69,3893.56,3840.0,3866.0,24461.008757,2019-03-13 23:59:59.999000 UTC,94680049.46033752,186572,12839.146505,49699859.82552118,0
2019-03-14 00:00:00.000000 UTC,3866.0,3920.0,3810.43,3877.12,27048.74853,2019-03-14 23:59:59.999000 UTC,104673038.77602254,196651,14244.455319,55141147.28364773,0
2019-03-15 00:00:00.000000 UTC,3877.12,3939.22,3872.2,3923.76,21740.061498,2019-03-15 23:59:59.999000 UTC,84919900.71744472,163866,12025.705534,46979306.89873034,0
2019-03-16 00:00:00.000000 UTC,3924.46,4056.98,3921.98,4005.98,28568.376124,2019-03-16 23:59:59.999000 UTC,114227606.40681696,216198,15580.63108,62301622.91259946,0
2019-03-17 00:00:00.000000 UTC,4005.98,4012.0,3950.01,3981.14,18814.255577,2019-03-17 23:59:59.999000 UTC,74893913.05776027,146953,9927.116559,39524144.17139103,0
2019-03-18 00:00:00.000000 UTC,3981.85,4037.0,3953.33,3987.81,22454.47801,2019-03-18 23:59:59.999000 UTC,89526258.38910636,157876,11964.189769,47710908.05709871,0
2019-03-19 00:00:00.000000 UTC,3987.83,4031.0,3970.0,4015.53,19893.741815,2019-03-19 23:59:59.999000 UTC,79503748.36263466,147394,10745.630565,42949860.70592456,0
2019-03-20 00:00:00.000000 UTC,4017.48,4050.0,3980.5,4043.04,23432.300255,2019-03-20 23:59:59.999000 UTC,94019734.23326428,175036,12201.214279,48961351.11750316,0
2019-03-21 00:00:00.000000 UTC,4043.04,4069.32,3880.01,3980.64,35997.682119,2019-03-21 23:59:59.999000 UTC,144010401.50845116,236100,18704.221837,74835394.39208286,0
2019-03-22 00:00:00.000000 UTC,3980.85,4008.0,3968.25,3986.93,20022.606318,2019-03-22 23:59:59.999000 UTC,79861943.8108997,153703,10561.694577,42127893.35065794,0
2019-03-23 00:00:00.000000 UTC,3987.89,4018.83,3978.01,4006.01,17302.604318,2019-03-23 23:59:59.999000 UTC,69169819.8628637,143155,9491.144728,37945846.04025019,0
2019-03-24 00:00:00.000000 UTC,4006.01,4006.02,3950.0,3992.18,17179.850648,2019-03-24 23:59:59.999000 UTC,68524082.74695624,131087,8617.365925,34375232.36909545,0
2019-03-25 00:00:00.000000 UTC,3991.35,3999.3,3888.71,3936.12,33192.890217,2019-03-25 23:59:59.999000 UTC,131507366.37512892,227739,17050.634827,67573128.16531546,0
2019-03-26 00:00:00.000000 UTC,3935.47,3958.98,3894.0,3948.55,29349.537627,2019-03-26 23:59:59.999000 UTC,115330070.99071544,192418,15963.905205,62738463.8918989,0
2019-03-27 00:00:00.000000 UTC,3948.77,4048.0,3936.15,4038.05,32364.555852,2019-03-27 23:59:59.999000 UTC,129681258.0162135,224309,17964.550601,71983196.76062553,0
2019-03-28 00:00:00.000000 UTC,4039.58,4039.7,4002.0,4027.81,20089.293875,2019-03-28 23:59:59.999000 UTC,80822230.57984656,157060,10111.826276,40683986.77430117,0
2019-03-29 00:00:00.000000 UTC,4028.22,4123.71,4024.03,4103.25,30084.217444,2019-03-29 23:59:59.999000 UTC,122585822.5865048,203826,16800.509572,68459620.2724032,0
2019-03-30 00:00:00.000000 UTC,4104.24,4140.0,4052.0,4106.97,19509.292601,2019-03-30 23:59:59.999000 UTC,79853835.581824,162463,10322.148775,42255037.00428935,0
2019-03-31 00:00:00.000000 UTC,4106.99,4116.12,4082.57,4103.95,13525.087433,2019-03-31 23:59:59.999000 UTC,55472147.12701675,124046,6824.657378,27993469.17112726,0
2019-04-01 00:00:00.000000 UTC,4102.44,4158.7,4067.0,4144.56,25507.067641,2019-04-01 23:59:59.999000 UTC,105388238.14788891,184268,12915.28932,53371959.95327402,0
2019-04-02 00:00:00.000000 UTC,4144.54,4897.99,4140.54,4857.29,105383.639263,2019-04-02 23:59:59.999000 UTC,489018726.75750667,609133,55726.141684,258300768.815403,0
2019-04-03 00:00:00.000000 UTC,4857.19,5275.01,4753.5,4932.6,109890.125743,2019-04-03 23:59:59.999000 UTC,548900970.9178842,692019,55975.584761,279654422.0749142,0
2019-04-04 00:00:00.000000 UTC,4932.59,5039.08,4777.0,4898.66,61054.254168,2019-04-04 23:59:59.999000 UTC,301411332.0090243,419141,31203.308354,154090564.79115182,0
2019-04-05 00:00:00.000000 UTC,4898.64,5028.22,4880.62,5004.95,39768.552806,2019-04-05 23:59:59.999000 UTC,197660830.71096665,292375,21235.636237,105586318.20991644,0
2019-04-06 00:00:00.000000 UTC,5004.96,5205.0,4928.59,5043.89,41770.842313,2019-04-06 23:59:59.999000 UTC,210963411.61313188,281237,21796.021869,110119190.88917792,0
2019-04-07 00:00:00.000000 UTC,5042.07,5234.0,5026.0,5170.27,37615.486804,2019-04-07 23:59:59.999000 UTC,192916750.5719041,274084,19504.612832,100069310.55713652,0
2019-04-08 00:00:00.000000 UTC,5170.27,5305.0,5039.0,5236.9,50178.430782,2019-04-08 23:59:59.999000 UTC,260487077.7675668,350828,25302.165402,131396468.3473852,0
2019-04-09 00:00:00.000000 UTC,5238.38,5238.4,5076.68,5150.0,34067.012311,2019-04-09 23:59:59.999000 UTC,175633627.31637353,253381,16967.006115,87496291.75731626,0
2019-04-10 00:00:00.000000 UTC,5150.0,5422.0,5135.0,5308.25,40073.620471,2019-04-10 23:59:59.999000 UTC,210870034.51205528,260967,21269.620949,111952601.71234792,0
2019-04-11 00:00:00.000000 UTC,5307.86,5332.67,4927.0,5017.37,54696.600686,2019-04-11 23:59:59.999000 UTC,277736905.85749793,369304,26631.112409,135174561.6885292,0
2019-04-12 00:00:00.000000 UTC,5017.37,5080.58,4861.22,5048.01,33276.678614,2019-04-12 23:59:59.999000 UTC,166485761.0793121,226036,16899.590533,84561818.27888817,0
2019-04-13 00:00:00.000000 UTC,5047.0,5099.0,5004.0,5045.22,17292.456802,2019-04-13 23:59:59.999000 UTC,87375984.44461507,138674,8692.053259,43925293.92220215,0
2019-04-14 00:00:00.000000 UTC,5047.45,5152.99,5000.0,5131.3,18281.607739,2019-04-14 23:59:59.999000 UTC,92594930.42710131,131700,10043.911667,50893945.02767781,0
2019-04-15 00:00:00.000000 UTC,5131.28,5167.38,4950.0,5024.95,29057.191581,2019-04-15 23:59:59.999000 UTC,147687551.9414771,204944,14170.252402,72070166.00084409,0
2019-04-16 00:00:00.000000 UTC,5024.95,5197.72,5003.94,5173.72,24242.229493,2019-04-16 23:59:59.999000 UTC,123581651.71216355,168550,12804.633768,65290617.51599363,0
2019-04-17 00:00:00.000000 UTC,5173.72,5230.4,5146.8,5202.82,23307.536134,2019-04-17 23:59:59.999000 UTC,120972345.51821636,179490,12172.531724,63190167.89632924,0
2019-04-18 00:00:00.000000 UTC,5202.41,5287.0,5198.8,5258.44,22619.239001,2019-04-18 23:59:59.999000 UTC,118573129.86520116,167110,12104.852932,63464128.54331125,0
2019-04-19 00:00:00.000000 UTC,5258.44,5320.0,5175.0,5258.68,24611.236323,2019-04-19 23:59:59.999000 UTC,128937309.63806376,178148,12889.683344,67549701.12506343,0
2019-04-20 00:00:00.000000 UTC,5258.68,5333.42,5230.1,5291.73,19168.908274,2019-04-20 23:59:59.999000 UTC,101343660.15324436,157080,10029.272262,53029542.91017945,0
2019-04-21 00:00:00.000000 UTC,5292.91,5314.35,5165.0,5256.14,25549.570939,2019-04-21 23:59:59.999000 UTC,133929931.15068737,210494,13147.771016,68909870.81367928,0
2019-04-22 00:00:00.000000 UTC,5257.41,5400.0,5208.35,5357.14,29563.852309,2019-04-22 23:59:59.999000 UTC,156632202.9709961,210361,15828.004851,83879362.2832235,0
2019-04-23 00:00:00.000000 UTC,5357.14,5600.0,5332.41,5493.31,41262.103917,2019-04-23 23:59:59.999000 UTC,227154061.8577141,282563,21260.014469,117054771.35759218,0
2019-04-24 00:00:00.000000 UTC,5490.91,5582.2,5333.35,5415.0,48224.152413,2019-04-24 23:59:59.999000 UTC,262493252.9358424,339599,23401.18852,127419838.497842,0
2019-04-25 00:00:00.000000 UTC,5415.0,5491.84,5102.0,5219.9,49636.089948,2019-04-25 23:59:59.999000 UTC,265091565.61466023,331089,21401.171965,114223925.41789764,0
2019-04-26 00:00:00.000000 UTC,5220.47,5510.0,5161.62,5314.1,48912.294513,2019-04-26 23:59:59.999000 UTC,259659705.6513858,333183,25076.718297,133163032.45656708,0
2019-04-27 00:00:00.000000 UTC,5315.0,5342.5,5257.67,5295.69,15422.896935,2019-04-27 23:59:59.999000 UTC,81749716.42174439,145733,7918.227056,41978251.89852615,0
2019-04-28 00:00:00.000000 UTC,5295.69,5340.0,5259.48,5307.52,14371.433869,2019-04-28 23:59:59.999000 UTC,76277087.37424076,127730,7160.773725,38011547.93921391,0
2019-04-29 00:00:00.000000 UTC,5309.81,5332.0,5178.8,5238.14,19918.135079,2019-04-29 23:59:59.999000 UTC,104822151.5144498,178472,9983.622137,52529726.6306137,0
2019-04-30 00:00:00.000000 UTC,5238.14,5339.98,5192.15,5320.81,22238.06823,2019-04-30 23:59:59.999000 UTC,117309839.23079813,180989,12264.552938,64721155.04645376,0
2019-05-01 00:00:00.000000 UTC,5321.94,5402.0,5316.2,5383.2,17217.473216,2019-05-01 23:59:59.999000 UTC,92194935.6047804,161488,9636.265899,51604847.88561128,0
2019-05-02 00:00:00.000000 UTC,5383.2,5538.0,5370.0,5492.87,22795.787835,2019-05-02 23:59:59.999000 UTC,124498567.2076544,181896,11908.895892,65029410.500783,0
2019-05-03 00:00:00.000000 UTC,5494.81,5844.0,5477.57,5772.69,46297.172849,2019-05-03 23:59:59.999000 UTC,264435878.9281101,338298,24992.74319,142732584.0758724,0
2019-05-04 00:00:00.000000 UTC,5770.62,5900.0,5587.45,5829.45,39682.408991,2019-05-04 23:59:59.999000 UTC,228942582.4507792,283145,21037.299477,121524183.9274325,0
2019-05-05 00:00:00.000000 UTC,5829.83,5839.9,5696.0,5775.62,23822.543775,2019-05-05 23:59:59.999000 UTC,137653160.7660216,185365,11824.087921,68357177.93240789,0
2019-05-06 00:00:00.000000 UTC,5773.18,5805.0,5619.14,5747.79,25256.596325,2019-05-06 23:59:59.999000 UTC,144358553.85462248,230431,12922.62549,73880906.50332905,0
2019-05-07 00:00:00.000000 UTC,5749.92,6028.41,5747.74,5846.34,39905.064422,2019-05-07 23:59:59.999000 UTC,236176663.81792104,301388,21302.981217,126064101.9122562,0
2019-05-08 00:00:00.000000 UTC,5846.34,6014.72,5772.2,5987.29,23074.186907,2019-05-08 23:59:59.999000 UTC,136246055.59559172,190969,11961.036359,70660061.87146753,0
2019-05-09 00:00:00.000000 UTC,5986.66,6224.55,5983.71,6209.18,27453.011436,2019-05-09 23:59:59.999000 UTC,167489934.34358987,227841,13875.182356,84696142.54932348,0
2019-05-10 00:00:00.000000 UTC,6209.95,6468.92,6172.0,6373.33,36623.61079,2019-05-10 23:59:59.999000 UTC,231801342.4320928,283074,18548.927995,117379030.42732473,0
2019-05-11 00:00:00.000000 UTC,6375.16,7343.99,6372.85,7076.22,74022.424393,2019-05-11 23:59:59.999000 UTC,507216001.34340405,562540,40091.997215,274656200.80251044,0
2019-05-12 00:00:00.000000 UTC,7076.24,7521.78,6750.0,6967.31,86948.975339,2019-05-12 23:59:59.999000 UTC,619939454.4896551,647345,42689.589676,304720922.9083252,0
2019-05-13 00:00:00.000000 UTC,6968.24,8100.0,6870.0,7790.71,85804.735333,2019-05-13 23:59:59.999000 UTC,648012612.2927012,588497,45381.262259,342327287.016619,0
2019-05-14 00:00:00.000000 UTC,7795.62,8366.0,7599.56,7947.56,76583.722603,2019-05-14 23:59:59.999000 UTC,611103206.0032725,655426,38953.032335,310810946.93725246,0
2019-05-15 00:00:00.000000 UTC,7945.26,8249.0,7850.0,8169.87,37884.327211,2019-05-15 23:59:59.999000 UTC,305196285.2755824,347533,19660.576186,158426245.70097855,0
2019-05-16 00:00:00.000000 UTC,8169.08,8320.0,7705.0,7866.59,69630.513996,2019-05-16 23:59:59.999000 UTC,557126171.2789642,666538,35097.404158,280897013.06816626,0
2019-05-17 00:00:00.000000 UTC,7868.67,7925.0,6913.0,7355.26,88752.008159,2019-05-17 23:59:59.999000 UTC,645676487.3744029,803893,45121.474978,328348049.1630897,0
2019-05-18 00:00:00.000000 UTC,7355.28,7458.0,7156.61,7257.45,37054.944779,2019-05-18 23:59:59.999000 UTC,271170511.0509332,379504,19375.84836,141830045.16939756,0
2019-05-19 00:00:00.000000 UTC,7257.32,8275.09,7243.08,8148.48,65577.442058,2019-05-19 23:59:59.999000 UTC,517729474.35844094,583432,35593.490022,281177713.21845126,0
2019-05-20 00:00:00.000000 UTC,8147.94,8156.03,7553.0,7938.15,65859.208564,2019-05-20 23:59:59.999000 UTC,517939277.868858,610360,34629.645645,272371020.306778,0
2019-05-21 00:00:00.000000 UTC,7937.16,8042.32,7771.0,7904.87,52301.752247,2019-05-21 23:59:59.999000 UTC,413637782.3697456,554038,27272.360448,215730616.60421488,0
2019-05-22 00:00:00.000000 UTC,7904.48,8016.0,7465.0,7628.43,49136.994589,2019-05-22 23:59:59.999000 UTC,384730220.72195166,461337,24410.962662,191296198.55463496,0
2019-05-23 00:00:00.000000 UTC,7627.8,7940.98,7461.0,7851.51,49648.184701,2019-05-23 23:59:59.999000 UTC,381536239.5128484,449220,25959.859838,199607980.98608008,0
2019-05-24 00:00:00.000000 UTC,7849.95,8130.0,7766.0,7964.87,46664.785325,2019-05-24 23:59:59.999000 UTC,371381043.73160255,428676,25045.733428,199347829.0258737,0
2019-05-25 00:00:00.000000 UTC,7964.52,8091.8,7908.34,8025.41,28414.328817,2019-05-25 23:59:59.999000 UTC,227376280.5854076,264448,15037.164996,120334124.30243574,0
2019-05-26 00:00:00.000000 UTC,8023.0,8740.0,7833.42,8614.43,49652.144567,2019-05-26 23:59:59.999000 UTC,409616322.3884788,377306,26438.946803,217911336.3040824,0
2019-05-27 00:00:00.000000 UTC,8612.54,8908.32,8589.0,8756.32,51886.768793,2019-05-27 23:59:59.999000 UTC,452651204.9349024,478773,27722.369637,241864670.6517397,0
2019-05-28 00:00:00.000000 UTC,8752.52,8798.49,8510.63,8715.64,31470.551534,2019-05-28 23:59:59.999000 UTC,273791910.6314759,349123,16561.876811,144108437.06115803,0
2019-05-29 00:00:00.000000 UTC,8716.87,8750.0,8406.6,8645.68,33880.865922,2019-05-29 23:59:59.999000 UTC,292094591.01803863,352317,17575.580317,151595491.23598412,0
2019-05-30 00:00:00.000000 UTC,8646.5,9074.26,8005.0,8269.54,70379.998521,2019-05-30 23:59:59.999000 UTC,603312537.3808434,617341,34577.310598,296613619.2190466,0
2019-05-31 00:00:00.000000 UTC,8267.1,8594.0,8108.5,8555.0,44727.49162,2019-05-31 23:59:59.999000 UTC,373629673.9190144,416525,23391.68846,195418655.05339947,0
2019-06-01 00:00:00.000000 UTC,8555.0,8626.0,8442.36,8544.07,31868.234157,2019-06-01 23:59:59.999000 UTC,272098436.34069574,348375,16922.662425,144486129.11826152,0
2019-06-02 00:00:00.000000 UTC,8545.1,8814.78,8524.0,8725.98,27835.133265,2019-06-02 23:59:59.999000 UTC,241414596.7195052,299353,14585.886999,126530020.38343656,0
2019-06-03 00:00:00.000000 UTC,8726.0,8800.95,8080.8,8115.82,45692.965104,2019-06-03 23:59:59.999000 UTC,387155494.9730488,431252,22514.316859,190882595.70344344,0
2019-06-04 00:00:00.000000 UTC,8115.66,8115.66,7481.02,7687.03,74143.948941,2019-06-04 23:59:59.999000 UTC,582173398.3257968,645913,36776.597131,288822568.0432201,0
2019-06-05 00:00:00.000000 UTC,7687.04,7896.7,7572.78,7776.5,48679.656455,2019-06-05 23:59:59.999000 UTC,377635818.0044095,426120,26296.533959,204082647.8767332,0
2019-06-06 00:00:00.000000 UTC,7778.08,7868.13,7444.58,7786.7,36624.118747,2019-06-06 23:59:59.999000 UTC,282156410.54378915,371485,18877.986383,145537581.791608,0
2019-06-07 00:00:00.000000 UTC,7787.57,8100.0,7737.49,7980.53,33942.225658,2019-06-07 23:59:59.999000 UTC,269125728.1416496,323096,17193.575595,136343077.37705734,0
2019-06-08 00:00:00.000000 UTC,7978.94,8044.65,7751.0,7893.62,22657.329634,2019-06-08 23:59:59.999000 UTC,179047320.02388045,250864,11795.097294,93237148.4745482,0
2019-06-09 00:00:00.000000 UTC,7895.28,7935.0,7506.66,7628.13,31568.465157,2019-06-09 23:59:59.999000 UTC,243970971.0244344,322175,16234.631275,125591062.0391708,0
2019-06-10 00:00:00.000000 UTC,7627.57,8020.0,7511.0,7982.75,36756.078468,2019-06-10 23:59:59.999000 UTC,287125339.97011447,387179,19890.868561,155461282.83139247,0
2019-06-11 00:00:00.000000 UTC,7981.0,8010.0,7692.23,7884.9,30334.999427,2019-06-11 23:59:59.999000 UTC,238031771.51747337,309059,15793.772451,124001190.82079008,0
2019-06-12 00:00:00.000000 UTC,7884.9,8200.0,7788.99,8127.64,41597.082622,2019-06-12 23:59:59.999000 UTC,333291726.6460002,361980,22826.901026,182925127.46756545,0
2019-06-13 00:00:00.000000 UTC,8127.64,8309.82,8010.03,8218.54,30467.764341,2019-06-13 23:59:59.999000 UTC,248418184.7720466,341246,16100.161346,131293315.79862677,0
2019-06-14 00:00:00.000000 UTC,8216.44,8684.41,8144.32,8650.0,39835.246255,2019-06-14 23:59:59.999000 UTC,333475488.55375946,410072,20970.623827,175588531.48519167,0
2019-06-15 00:00:00.000000 UTC,8650.88,8864.99,8567.63,8808.7,31791.636039,2019-06-15 23:59:59.999000 UTC,276420769.2933853,335840,16798.379296,146051605.23593673,0
2019-06-16 00:00:00.000000 UTC,8810.77,9333.0,8760.0,8953.33,63289.251219,2019-06-16 23:59:59.999000 UTC,574211342.9796603,552319,33804.182046,306793742.1084928,0
2019-06-17 00:00:00.000000 UTC,8953.0,9444.0,8950.0,9313.96,47895.485374,2019-06-17 23:59:59.999000 UTC,441567296.0592663,462160,24826.97685,228962151.24115247,0
2019-06-18 00:00:00.000000 UTC,9312.13,9336.36,8950.0,9081.55,51554.569401,2019-06-18 23:59:59.999000 UTC,470271954.2987056,449730,28057.047335,255972426.13011804,0
2019-06-19 00:00:00.000000 UTC,9081.97,9304.0,8960.0,9255.49,32147.706495,2019-06-19 23:59:59.999000 UTC,293748062.6668488,306202,17533.233016,160303572.0157976,0
2019-06-20 00:00:00.000000 UTC,9253.76,9590.0,9175.2,9517.12,34556.053982,2019-06-20 23:59:59.999000 UTC,323621848.1987617,350662,18032.190714,168891671.53448427,0
2019-06-21 00:00:00.000000 UTC,9518.06,10174.99,9518.06,10159.86,50484.415892,2019-06-21 23:59:59.999000 UTC,494783687.9853515,474344,28305.732749,277616242.76671946,0
2019-06-22 00:00:00.000000 UTC,10159.86,11160.0,9921.72,10729.5,104169.447976,2019-06-22 23:59:59.999000 UTC,1112069567.6381147,923334,55336.623587,590676435.7888236,0
2019-06-23 00:00:00.000000 UTC,10729.0,11392.64,10555.18,10906.07,57445.323945,2019-06-23 23:59:59.999000 UTC,625330374.7466884,557935,30129.801033,327919162.5503831,0
2019-06-24 00:00:00.000000 UTC,10905.95,11143.63,10620.8,11056.59,43101.045285,2019-06-24 23:59:59.999000 UTC,469746663.93811727,440335,22674.413851,247193774.35494488,0
2019-06-25 00:00:00.000000 UTC,11056.59,11850.0,11026.0,11820.86,61276.686648,2019-06-25 23:59:59.999000 UTC,697773986.2691858,597798,32838.335566,373915513.2823127,0
2019-06-26 00:00:00.000000 UTC,11821.28,13970.0,11741.0,13093.8,155930.147386,2019-06-26 23:59:59.999000 UTC,1996178374.594492,1355074,76046.064206,973444882.2175624,0
2019-06-27 00:00:00.000000 UTC,13098.38,13478.04,10525.1,11329.99,173894.820889,2019-06-27 23:59:59.999000 UTC,2058443849.314,1357233,80442.119916,951733425.6087812,0
2019-06-28 00:00:00.000000 UTC,11329.99,12480.0,10982.88,12400.63,95795.203964,2019-06-28 23:59:59.999000 UTC,1129888341.3212836,883116,48847.107883,576552254.919601,0
2019-06-29 00:00:00.000000 UTC,12407.06,12441.54,11475.02,11903.13,69642.074157,2019-06-29 23:59:59.999000 UTC,829011822.2365324,732073,36061.459369,429403585.74678665,0
2019-06-30 00:00:00.000000 UTC,11903.13,12180.0,10766.03,10854.1,84512.530443,2019-06-30 23:59:59.999000 UTC,971151050.9005816,711267,42697.44,492370966.31592095,0
2019-07-01 00:00:00.000000 UTC,10854.1,11282.28,10030.0,10624.93,90962.268271,2019-07-01 23:59:59.999000 UTC,972343281.8603553,757458,44210.988365,473020897.41183615,0
2019-07-02 00:00:00.000000 UTC,10624.9,10938.75,9727.0,10842.85,109561.038728,2019-07-02 23:59:59.999000 UTC,1128353804.8007915,870148,54998.503606,566863180.5509229,0
2019-07-03 00:00:00.000000 UTC,10844.98,11991.89,10841.04,11940.0,96815.90029,2019-07-03 23:59:59.999000 UTC,1097804642.7577736,814754,49613.616744,561585673.8651912,0
2019-07-04 00:00:00.000000 UTC,11940.0,12000.0,11055.0,11145.67,66512.221892,2019-07-04 23:59:59.999000 UTC,775818897.3894848,643867,33626.851862,392411806.4334007,0
2019-07-05 00:00:00.000000 UTC,11145.67,11406.83,10796.44,10970.73,63534.350582,2019-07-05 23:59:59.999000 UTC,705853649.0264896,564857,32306.914259,359142813.9881069,0
2019-07-06 00:00:00.000000 UTC,10982.41,11665.0,10964.51,11256.49,51469.496331,2019-07-06 23:59:59.999000 UTC,585001376.155429,470692,25601.989482,291096287.944003,0
2019-07-07 00:00:00.000000 UTC,11256.45,11538.0,11094.37,11406.24,38884.795599,2019-07-07 23:59:59.999000 UTC,439439052.9455421,366769,22449.30112,253820654.34123248,0
2019-07-08 00:00:00.000000 UTC,11410.0,12338.03,11220.0,12238.6,52182.367215,2019-07-08 23:59:59.999000 UTC,618530684.4325522,507860,27740.09749,328709707.94803345,0
2019-07-09 00:00:00.000000 UTC,12238.6,12794.73,12068.0,12543.41,78442.130343,2019-07-09 23:59:59.999000 UTC,975986802.0300353,660273,40993.911974,508388352.3604959,0
2019-07-10 00:00:00.000000 UTC,12548.51,13147.08,11569.0,12108.37,109246.044997,2019-07-10 23:59:59.999000 UTC,1369749939.9675035,899391,46964.760907,588798251.124835,0
2019-07-11 00:00:00.000000 UTC,12108.11,12111.73,11000.0,11342.89,87506.461058,2019-07-11 23:59:59.999000 UTC,1007356802.218256,760057,43714.15617,503407388.6836543,0
2019-07-12 00:00:00.000000 UTC,11342.88,11885.0,11073.0,11757.22,56321.858281,2019-07-12 23:59:59.999000 UTC,649824820.7654814,537561,30291.119356,349517968.90387326,0
2019-07-13 00:00:00.000000 UTC,11757.22,11799.98,10830.0,11355.76,54245.594548,2019-07-13 23:59:59.999000 UTC,614050007.9919451,510305,26460.058236,299649536.3943535,0
2019-07-14 00:00:00.000000 UTC,11355.78,11452.0,10103.0,10174.18,72517.579236,2019-07-14 23:59:59.999000 UTC,777646151.6029468,649043,35853.69216,384643236.23562616,0
2019-07-15 00:00:00.000000 UTC,10174.18,11100.0,9860.0,10838.72,81922.426332,2019-07-15 23:59:59.999000 UTC,851028723.7031858,732206,41714.189655,433767828.4945731,0
2019-07-16 00:00:00.000000 UTC,10833.78,11028.0,9350.01,9439.59,97219.443413,2019-07-16 23:59:59.999000 UTC,982462166.6932294,796646,47295.944048,478852520.00356245,0
2019-07-17 00:00:00.000000 UTC,9430.17,9957.0,9060.0,9667.92,84942.672717,2019-07-17 23:59:59.999000 UTC,809555508.3476789,757742,43073.115146,410754257.707386,0
2019-07-18 00:00:00.000000 UTC,9668.86,10788.0,9252.0,10627.16,80283.310252,2019-07-18 23:59:59.999000 UTC,807822745.1854327,734821,42103.344745,423743857.79454607,0
2019-07-19 00:00:00.000000 UTC,10628.64,10769.71,10121.84,10504.29,56546.932133,2019-07-19 23:59:59.999000 UTC,589931612.3419864,567735,29070.357474,303508985.606864,0
2019-07-20 00:00:00.000000 UTC,10505.78,11068.99,10350.0,10740.23,47331.899848,2019-07-20 23:59:59.999000 UTC,505569016.3500829,461660,25003.62155,267188169.9395916,0
2019-07-21 00:00:00.000000 UTC,10740.27,10817.9,10288.0,10589.45,38834.287935,2019-07-21 23:59:59.999000 UTC,409661485.9985647,395452,20345.527384,214610701.2026862,0
2019-07-22 00:00:00.000000 UTC,10590.15,10683.16,10100.0,10340.31,40467.954839,2019-07-22 23:59:59.999000 UTC,421016379.36208767,389565,19335.4119,201324461.2284504,0
2019-07-23 00:00:00.000000 UTC,10343.08,10343.97,9822.0,9864.91,47624.37071,2019-07-23 23:59:59.999000 UTC,478441909.40505725,448147,24082.309129,241965620.20266604,0
2019-07-24 00:00:00.000000 UTC,9864.78,9937.0,9525.0,9763.28,43475.380377,2019-07-24 23:59:59.999000 UTC,422534162.14571214,424762,21963.773537,213526693.3881535,0
2019-07-25 00:00:00.000000 UTC,9763.4,10175.0,9720.03,9879.87,37873.354728,2019-07-25 23:59:59.999000 UTC,378938450.0817674,368176,19308.011426,193241603.01232004,0
2019-07-26 00:00:00.000000 UTC,9882.15,9889.98,9637.0,9824.0,27167.463217,2019-07-26 23:59:59.999000 UTC,265108103.13392133,299935,14006.629434,136688126.95394775,0
2019-07-27 00:00:00.000000 UTC,9824.0,10188.66,9333.0,9476.52,43809.778301,2019-07-27 23:59:59.999000 UTC,424932724.9687315,401418,21428.052318,208090741.11042413,0
2019-07-28 00:00:00.000000 UTC,9478.92,9594.99,9165.0,9541.54,29401.022937,2019-07-28 23:59:59.999000 UTC,278537286.1348134,271327,17116.433132,162267204.1584597,0
2019-07-29 00:00:00.000000 UTC,9541.54,9729.0,9395.0,9507.64,29021.937411,2019-07-29 23:59:59.999000 UTC,277497756.7684168,294468,16075.166971,153791418.10329247,0
2019-07-30 00:00:00.000000 UTC,9509.07,9714.28,9402.0,9574.21,32536.368834,2019-07-30 23:59:59.999000 UTC,310867928.28793913,283961,17211.009653,164621319.04418957,0
2019-07-31 00:00:00.000000 UTC,9575.0,10109.8,9555.0,10080.53,39515.35456,2019-07-31 23:59:59.999000 UTC,389690761.44466114,364212,21235.609604,209506872.509218,0
2019-08-01 00:00:00.000000 UTC,10080.53,10467.86,9863.46,10374.99,41727.637028,2019-08-01 23:59:59.999000 UTC,422156523.6690079,378062,22244.919467,225207082.3942673,0
2019-08-02 00:00:00.000000 UTC,10375.0,10670.0,10281.35,10523.75,42990.444221,2019-08-02 23:59:59.999000 UTC,450323284.1507597,431322,22206.135093,232638457.60696328,0
2019-08-03 00:00:00.000000 UTC,10523.75,10904.77,10497.93,10816.86,33802.318824,2019-08-03 23:59:59.999000 UTC,363852799.8717801,348893,18132.529707,195125820.4794652,0
2019-08-04 00:00:00.000000 UTC,10816.86,11040.0,10552.0,10929.23,39924.745141,2019-08-04 23:59:59.999000 UTC,431793873.4232976,353721,22066.368257,238959952.2351608,0
2019-08-05 00:00:00.000000 UTC,10929.99,11937.52,10927.8,11828.8,65153.673713,2019-08-05 23:59:59.999000 UTC,757976547.217046,622610,33530.07066,389969213.3989176,0
2019-08-06 00:00:00.000000 UTC,11830.0,12330.7,11226.7,11481.69,76705.389875,2019-08-06 23:59:59.999000 UTC,904119081.6157126,625827,37522.116972,442937542.0407164,0
2019-08-07 00:00:00.000000 UTC,11481.69,12141.17,11382.84,11975.03,69173.390353,2019-08-07 23:59:59.999000 UTC,814597979.050504,592916,36357.225918,428496665.57006496,0
2019-08-08 00:00:00.000000 UTC,11975.04,12060.0,11521.0,11999.77,51207.257174,2019-08-08 23:59:59.999000 UTC,604389131.062836,473584,27463.200763,324785966.1265964,0
2019-08-09 00:00:00.000000 UTC,11994.17,12045.68,11700.0,11879.99,39427.152588,2019-08-09 23:59:59.999000 UTC,467011047.9414285,410902,20074.421911,238009297.579604,0
2019-08-10 00:00:00.000000 UTC,11879.98,11985.0,11270.0,11309.31,42633.087048,2019-08-10 23:59:59.999000 UTC,492217964.4905557,399237,17111.125076,197997879.10911432,0
2019-08-11 00:00:00.000000 UTC,11309.24,11600.0,11112.11,11549.97,26772.90691,2019-08-11 23:59:59.999000 UTC,304862403.351449,306234,15007.4382,171032610.99181715,0
2019-08-12 00:00:00.000000 UTC,11539.08,11577.89,11235.32,11396.08,17568.227075,2019-08-12 23:59:59.999000 UTC,200325471.60414097,255966,9200.430879,104948602.15277772,0
2019-08-13 00:00:00.000000 UTC,11398.35,11456.16,10788.45,10892.71,33234.72968,2019-08-13 23:59:59.999000 UTC,368994475.5461124,337834,13483.5587,149693332.12683108,0
2019-08-14 00:00:00.000000 UTC,10893.36,10897.48,9928.1,10050.37,54451.847499,2019-08-14 23:59:59.999000 UTC,567724729.1059059,534507,26080.631381,271971667.5509817,0
2019-08-15 00:00:00.000000 UTC,10055.16,10460.0,9911.0,10293.93,38174.45112,2019-08-15 23:59:59.999000 UTC,387705855.0879112,373368,19588.082918,199059445.6042564,0
2019-08-16 00:00:00.000000 UTC,10296.77,10536.03,9750.0,10331.54,51758.142918,2019-08-16 23:59:59.999000 UTC,527258446.3977765,504740,25818.031537,263301246.8984917,0
2019-08-17 00:00:00.000000 UTC,10331.15,10465.14,10000.0,10216.02,29000.581201,2019-08-17 23:59:59.999000 UTC,297776329.0305825,332795,14672.94974,150792759.3452331,0
2019-08-18 00:00:00.000000 UTC,10216.05,10500.0,10080.0,10306.78,24085.395172,2019-08-18 23:59:59.999000 UTC,248508872.4599864,265705,12961.478557,133774771.71696788,0
2019-08-19 00:00:00.000000 UTC,10306.17,10930.0,10258.6,10915.54,37243.319217,2019-08-19 23:59:59.999000 UTC,396233441.0274596,337022,20591.436572,219085855.34458047,0
2019-08-20 00:00:00.000000 UTC,10914.73,10949.96,10560.0,10760.51,32298.921679,2019-08-20 23:59:59.999000 UTC,346664453.1367265,305065,16017.544729,172082522.17892724,0
2019-08-21 00:00:00.000000 UTC,10760.51,10804.13,9858.0,10142.57,47355.719282,2019-08-21 23:59:59.999000 UTC,482889274.517917,458814,21565.830561,219533134.86528105,0
2019-08-22 00:00:00.000000 UTC,10140.82,10242.0,9762.0,10099.88,34059.642738,2019-08-22 23:59:59.999000 UTC,341371442.9068388,401148,17921.9543,179746967.2352143,0
2019-08-23 00:00:00.000000 UTC,10099.9,10445.0,10019.79,10389.55,27550.336173,2019-08-23 23:59:59.999000 UTC,282732431.7520724,326866,14798.816338,151926638.08027625,0
2019-08-24 00:00:00.000000 UTC,10388.16,10419.42,9890.0,10134.35,27692.456844,2019-08-24 23:59:59.999000 UTC,279962133.6257099,313227,13623.564841,137726211.36364344,0
2019-08-25 00:00:00.000000 UTC,10134.61,10333.0,9906.97,10142.69,26271.657398,2019-08-25 23:59:59.999000 UTC,265132761.31704283,289956,12885.717735,130202473.09027292,0
2019-08-26 00:00:00.000000 UTC,10142.69,10604.0,10137.93,10372.25,41687.511599,2019-08-26 23:59:59.999000 UTC,432249835.49069726,405316,22666.595452,235202578.4360121,0
2019-08-27 00:00:00.000000 UTC,10373.6,10391.08,10051.08,10185.05,28402.775383,2019-08-27 23:59:59.999000 UTC,289340681.0789518,292888,13852.442138,141207845.02919284,0
2019-08-28 00:00:00.000000 UTC,10185.69,10299.0,9601.01,9721.0,42110.555375,2019-08-28 23:59:59.999000 UTC,420034883.00315255,381293,19430.822573,194055407.18003407,0
2019-08-29 00:00:00.000000 UTC,9721.0,9724.0,9320.0,9498.44,35532.69491,2019-08-29 23:59:59.999000 UTC,337838761.5572865,343887,17536.268448,166811264.08255094,0
2019-08-30 00:00:00.000000 UTC,9499.01,9696.0,9350.41,9584.54,26834.318104,2019-08-30 23:59:59.999000 UTC,255854874.4507745,259270,14227.872851,135696420.41983488,0
2019-08-31 00:00:00.000000 UTC,9582.76,9684.51,9420.75,9587.47,17130.290074,2019-08-31 23:59:59.999000 UTC,164116756.46299693,199188,8558.148214,82010834.33875087,0
2019-09-01 00:00:00.000000 UTC,9588.74,9830.0,9520.0,9724.98,19545.404843,2019-09-01 23:59:59.999000 UTC,188513289.12235728,191324,11545.610598,111464034.38112412,0
2019-09-02 00:00:00.000000 UTC,9723.59,10450.0,9712.5,10340.0,44740.248093,2019-09-02 23:59:59.999000 UTC,448462178.630381,354155,25140.296125,251933840.30794755,0
2019-09-03 00:00:00.000000 UTC,10340.0,10773.0,10272.0,10615.28,47998.376781,2019-09-03 23:59:59.999000 UTC,505617667.3992669,416076,24734.303264,260488377.88812712,0
2019-09-04 00:00:00.000000 UTC,10611.85,10799.0,10369.89,10567.02,43943.889026,2019-09-04 23:59:59.999000 UTC,463526509.325937,383457,22244.067656,234731325.60204145,0
2019-09-05 00:00:00.000000 UTC,10565.92,10900.0,10450.0,10564.49,33970.960639,2019-09-05 23:59:59.999000 UTC,358861340.7897901,309846,16535.147807,174901090.47337496,0
2019-09-06 00:00:00.000000 UTC,10563.13,10905.87,10150.0,10298.73,58799.640959,2019-09-06 23:59:59.999000 UTC,623662984.3843305,455334,29952.944427,318275724.07277405,0
2019-09-07 00:00:00.000000 UTC,10298.71,10558.0,10288.57,10455.88,27637.877392,2019-09-07 23:59:59.999000 UTC,287851131.1802577,272011,14673.489216,152825898.95080233,0
2019-09-08 00:00:00.000000 UTC,10455.9,10592.5,10208.0,10381.18,23984.672018,2019-09-08 23:59:59.999000 UTC,249900964.37153128,237752,10588.592458,110370036.72549054,0
2019-09-09 00:00:00.000000 UTC,10381.24,10480.0,10068.5,10303.12,39835.727608,2019-09-09 23:59:59.999000 UTC,409724831.9471226,330459,18729.472684,192814736.82347485,0
2019-09-10 00:00:00.000000 UTC,10302.58,10384.99,9953.0,10098.15,28915.412225,2019-09-10 23:59:59.999000 UTC,294323839.5070076,286763,13432.256822,136876441.42321572,0
2019-09-11 00:00:00.000000 UTC,10098.19,10293.0,9880.0,10158.33,31953.824562,2019-09-11 23:59:59.999000 UTC,321637085.47650874,309120,16583.813097,167086058.18780476,0
2019-09-12 00:00:00.000000 UTC,10158.75,10448.81,10040.0,10415.01,34511.162755,2019-09-12 23:59:59.999000 UTC,353390090.96777725,317881,18550.853202,190066356.88701728,0
2019-09-13 00:00:00.000000 UTC,10415.01,10439.0,10153.0,10342.06,30280.339776,2019-09-13 23:59:59.999000 UTC,311632094.25618845,304947,16763.854663,172561765.6530662,0
2019-09-14 00:00:00.000000 UTC,10344.13,10419.99,10222.33,10335.02,23621.533519,2019-09-14 23:59:59.999000 UTC,244063007.0902248,253929,13495.986691,139491411.26572925,0
2019-09-15 00:00:00.000000 UTC,10332.81,10360.0,10252.15,10302.01,18047.654013,2019-09-15 23:59:59.999000 UTC,185853330.43704256,194733,8221.803055,84690636.88555922,0
2019-09-16 00:00:00.000000 UTC,10303.34,10355.0,10078.0,10251.31,28971.401657,2019-09-16 23:59:59.999000 UTC,296325130.1709013,274368,13385.302253,137008707.88664532,0
2019-09-17 00:00:00.000000 UTC,10249.68,10275.0,10128.01,10187.82,22914.324563,2019-09-17 23:59:59.999000 UTC,233944812.560508,287483,11195.430673,114314296.20572507,0
2019-09-18 00:00:00.000000 UTC,10187.48,10258.02,10100.0,10156.99,24250.249303,2019-09-18 23:59:59.999000 UTC,247024351.59799168,299466,11753.109111,119777298.85924058,0
2019-09-19 00:00:00.000000 UTC,10156.41,10325.0,9653.0,10244.29,44826.282579,2019-09-19 23:59:59.999000 UTC,447676492.9840264,429727,22623.287763,226404409.68236712,0
2019-09-20 00:00:00.000000 UTC,10243.7,10281.0,10061.39,10168.59,25088.491069,2019-09-20 23:59:59.999000 UTC,255205290.2118373,267032,12054.384888,122687240.60518864,0
2019-09-21 00:00:00.000000 UTC,10167.92,10176.7,9900.0,9986.39,20544.175196,2019-09-21 23:59:59.999000 UTC,206034034.50803515,245439,9285.851479,93152981.29234466,0
2019-09-22 00:00:00.000000 UTC,9985.15,10089.0,9853.97,10028.87,22049.275256,2019-09-22 23:59:59.999000 UTC,220133631.61284167,253713,11200.611921,111864717.13240464,0
2019-09-23 00:00:00.000000 UTC,10028.05,10049.99,9615.77,9702.25,31937.232356,2019-09-23 23:59:59.999000 UTC,314390584.62646127,332817,14940.112496,147108768.54457945,0
2019-09-24 00:00:00.000000 UTC,9702.2,9794.99,7800.0,8493.14,94007.345203,2019-09-24 23:59:59.999000 UTC,838996309.1611282,748712,42986.253127,383608082.5686317,0
2019-09-25 00:00:00.000000 UTC,8497.55,8730.0,8215.64,8430.05,60783.892258,2019-09-25 23:59:59.999000 UTC,512437200.3611044,544806,30489.471994,257118054.5490336,0
2019-09-26 00:00:00.000000 UTC,8430.05,8465.99,7750.0,8063.73,67930.853749,2019-09-26 23:59:59.999000 UTC,552794530.866682,522062,33363.51365,271728779.6995455,0
2019-09-27 00:00:00.000000 UTC,8063.49,8265.0,7852.15,8177.91,43882.924625,2019-09-27 23:59:59.999000 UTC,352800745.20792854,369518,23224.861135,186790633.03646183,0
2019-09-28 00:00:00.000000 UTC,8177.47,8315.0,8001.09,8198.81,34473.605165,2019-09-28 23:59:59.999000 UTC,280672404.6804955,319113,18215.039863,148326185.32000545,0
2019-09-29 00:00:00.000000 UTC,8199.38,8229.13,7890.0,8043.82,31544.211388,2019-09-29 23:59:59.999000 UTC,253660600.3252929,322501,15507.400781,124764250.17575432,0
2019-09-30 00:00:00.000000 UTC,8043.04,8337.26,7710.0,8289.34,55865.48726,2019-09-30 23:59:59.999000 UTC,449120676.8427603,455556,29052.010951,233783108.2316931,0
2019-10-01 00:00:00.000000 UTC,8289.97,8500.0,8173.05,8292.44,43479.58742,2019-10-01 23:59:59.999000 UTC,363040860.0000876,387712,22520.155804,188075198.9756879,0
2019-10-02 00:00:00.000000 UTC,8292.67,8373.91,8151.22,8359.94,26243.386644,2019-10-02 23:59:59.999000 UTC,216325351.8586446,261430,13652.36085,112568257.1336314,0
2019-10-03 00:00:00.000000 UTC,8360.0,8393.0,8060.0,8223.96,30488.284058,2019-10-03 23:59:59.999000 UTC,250291751.27141392,281307,15321.407535,125826457.09252052,0
2019-10-04 00:00:00.000000 UTC,8224.43,8232.41,8005.0,8137.13,26476.330404,2019-10-04 23:59:59.999000 UTC,215325611.6822151,259012,13236.810255,107708233.74574783,0
2019-10-05 00:00:00.000000 UTC,8137.09,8183.41,8012.98,8126.19,21907.615564,2019-10-05 23:59:59.999000 UTC,177252877.0029691,237769,10620.069822,85943843.84390093,0
2019-10-06 00:00:00.000000 UTC,8127.55,8153.87,7785.0,7854.25,34676.104049,2019-10-06 23:59:59.999000 UTC,275447898.032875,325795,16437.310141,130619830.6335686,0
2019-10-07 00:00:00.000000 UTC,7855.3,8299.92,7762.0,8190.09,52202.072297,2019-10-07 23:59:59.999000 UTC,420921679.8442632,482605,28088.649704,226592301.6438216,0
2019-10-08 00:00:00.000000 UTC,8190.82,8325.0,8088.75,8168.39,35452.657423,2019-10-08 23:59:59.999000 UTC,290675248.1414453,395685,16893.73714,138551354.17557934,0
2019-10-09 00:00:00.000000 UTC,8170.79,8670.0,8115.0,8560.74,55038.704378,2019-10-09 23:59:59.999000 UTC,462845251.8136103,537805,29211.87169,245678414.8292902,0
2019-10-10 00:00:00.000000 UTC,8562.15,8644.0,8414.52,8558.03,39137.946167,2019-10-10 23:59:59.999000 UTC,333925412.3041418,406932,20587.713971,175682847.81235147,0
2019-10-11 00:00:00.000000 UTC,8557.82,8779.51,8212.38,8258.5,50405.284418,2019-10-11 23:59:59.999000 UTC,424413201.53293216,471818,24618.017135,207347909.97597685,0
2019-10-12 00:00:00.000000 UTC,8257.95,8400.0,8250.0,8300.09,21339.334098,2019-10-12 23:59:59.999000 UTC,177707852.5948189,280633,11644.429544,96979920.3984342,0
2019-10-13 00:00:00.000000 UTC,8301.98,8451.37,8160.0,8275.01,27840.739953,2019-10-13 23:59:59.999000 UTC,232149438.3639587,320051,14035.914654,117101482.90464428,0
2019-10-14 00:00:00.000000 UTC,8275.24,8388.85,8203.0,8348.2,29810.663253,2019-10-14 23:59:59.999000 UTC,247530733.18003485,345679,15273.003755,126831374.41473168,0
2019-10-15 00:00:00.000000 UTC,8346.86,8403.0,8090.0,8159.29,32773.062476,2019-10-15 23:59:59.999000 UTC,270727559.77701086,399447,16822.940015,139031758.65565604,0
2019-10-16 00:00:00.000000 UTC,8159.3,8181.16,7917.0,7991.74,34733.593966,2019-10-16 23:59:59.999000 UTC,279586845.5362138,421026,17198.827976,138510455.77691367,0
2019-10-17 00:00:00.000000 UTC,7995.02,8124.92,7929.03,8070.58,29656.949158,2019-10-17 23:59:59.999000 UTC,238343204.48251528,356490,15922.046058,127960055.04589143,0
2019-10-18 00:00:00.000000 UTC,8070.71,8115.0,7816.01,7947.01,31353.181416,2019-10-18 23:59:59.999000 UTC,248931322.1008505,399783,15692.63445,124639536.56963076,0
2019-10-19 00:00:00.000000 UTC,7946.89,8098.1,7866.92,7948.01,26627.889388,2019-10-19 23:59:59.999000 UTC,211909734.13572004,349746,13886.838244,110541248.1750374,0
2019-10-20 00:00:00.000000 UTC,7949.87,8297.0,7870.0,8223.35,34286.452654,2019-10-20 23:59:59.999000 UTC,275899861.65387124,396091,18042.423677,145235373.21216157,0
2019-10-21 00:00:00.000000 UTC,8223.35,8333.0,8142.03,8197.27,30448.679539,2019-10-21 23:59:59.999000 UTC,250117281.63661337,367169,16584.000384,136247602.03863662,0
2019-10-22 00:00:00.000000 UTC,8197.28,8297.99,8000.0,8020.0,34651.828663,2019-10-22 23:59:59.999000 UTC,283535483.41051364,384699,16767.036824,137253195.95826292,0
2019-10-23 00:00:00.000000 UTC,8020.06,8047.59,7300.0,7466.62,63897.457098,2019-10-23 23:59:59.999000 UTC,488220760.6464156,610241,28473.730302,217502083.43670303,0
2019-10-24 00:00:00.000000 UTC,7468.47,7503.68,7337.99,7412.41,32714.383265,2019-10-24 23:59:59.999000 UTC,243246414.9489239,403778,16705.376355,124225722.47547963,0
2019-10-25 00:00:00.000000 UTC,7412.41,8799.0,7361.0,8655.02,90748.218174,2019-10-25 23:59:59.999000 UTC,737329544.8835196,775418,49588.976612,402740312.18785393,0
2019-10-26 00:00:00.000000 UTC,8655.88,10370.0,8470.38,9230.0,162588.585413,2019-10-26 23:59:59.999000 UTC,1522244166.4108484,1185369,81590.336531,764040095.621218,0
2019-10-27 00:00:00.000000 UTC,9230.0,9794.98,9074.34,9529.93,93833.541604,2019-10-27 23:59:59.999000 UTC,887438297.7462668,799978,47320.55467,447629005.3965626,0
2019-10-28 00:00:00.000000 UTC,9528.23,9902.1,9160.0,9205.14,80174.217323,2019-10-28 23:59:59.999000 UTC,759178942.9488419,681128,39754.681501,376584590.21858096,0
2019-10-29 00:00:00.000000 UTC,9204.45,9550.0,9072.0,9407.62,64158.462446,2019-10-29 23:59:59.999000 UTC,600611324.6356996,559589,32787.049174,307062268.4199178,0
2019-10-30 00:00:00.000000 UTC,9407.62,9409.84,9001.01,9154.72,55241.786434,2019-10-30 23:59:59.999000 UTC,506584830.0313323,524035,27416.561748,251452283.2053046,0
2019-10-31 00:00:00.000000 UTC,9154.02,9405.0,8913.0,9140.85,54376.024902,2019-10-31 23:59:59.999000 UTC,498152743.7348088,490183,27252.203536,249802680.66380808,0
2019-11-01 00:00:00.000000 UTC,9140.86,9279.0,9030.0,9231.61,43594.814115,2019-11-01 23:59:59.999000 UTC,398803069.00908464,478002,22843.605042,209045155.8809569,0
2019-11-02 00:00:00.000000 UTC,9231.4,9373.74,9186.21,9289.52,28923.060828,2019-11-02 23:59:59.999000 UTC,268119579.73009112,325421,15316.187863,141991067.1533321,0
2019-11-03 00:00:00.000000 UTC,9289.85,9362.57,9066.14,9194.71,27894.378279,2019-11-03 23:59:59.999000 UTC,256664259.6621914,326024,13611.806558,125328511.00426772,0
2019-11-04 00:00:00.000000 UTC,9196.46,9513.68,9115.84,9393.35,45894.456277,2019-11-04 23:59:59.999000 UTC,426792003.1749065,453749,24741.815925,230142613.2075244,0
2019-11-05 00:00:00.000000 UTC,9392.4,9454.95,9175.76,9308.66,45935.873665,2019-11-05 23:59:59.999000 UTC,428156963.0785469,492885,22809.239558,212668961.3761961,0
2019-11-06 00:00:00.000000 UTC,9307.73,9440.91,9250.01,9339.05,37336.170372,2019-11-06 23:59:59.999000 UTC,348607499.83121693,402997,18947.024127,176929534.86037743,0
2019-11-07 00:00:00.000000 UTC,9339.16,9375.0,9101.0,9216.2,39117.470853,2019-11-07 23:59:59.999000 UTC,361217475.05834645,401984,19603.523572,181092296.0400377,0
2019-11-08 00:00:00.000000 UTC,9214.0,9261.0,8696.0,8773.73,62107.289243,2019-11-08 23:59:59.999000 UTC,555589995.9935858,567331,30046.129291,268900339.2631225,0
2019-11-09 00:00:00.000000 UTC,8773.74,8880.0,8724.88,8809.41,29469.481405,2019-11-09 23:59:59.999000 UTC,259733491.8299089,326730,14990.422246,132136096.26889738,0
2019-11-10 00:00:00.000000 UTC,8809.18,9147.19,8750.0,9039.47,34422.029797,2019-11-10 23:59:59.999000 UTC,307316853.90375423,375946,17722.19709,158219187.66195828,0
2019-11-11 00:00:00.000000 UTC,9040.16,9072.32,8618.68,8733.27,44888.053545,2019-11-11 23:59:59.999000 UTC,394585996.3292871,415982,22111.943057,194310323.8567873,0
2019-11-12 00:00:00.000000 UTC,8733.36,8888.0,8567.6,8821.94,40366.629471,2019-11-12 23:59:59.999000 UTC,352675938.430593,406765,20225.03456,176773688.17197937,0
2019-11-13 00:00:00.000000 UTC,8821.91,8844.99,8702.0,8777.12,26810.116918,2019-11-13 23:59:59.999000 UTC,235060554.1241016,281593,13524.993035,118583622.59890504,0
2019-11-14 00:00:00.000000 UTC,8777.54,8800.0,8582.6,8646.68,33468.468961,2019-11-14 23:59:59.999000 UTC,290104306.9530332,337019,16272.816785,141092283.63703057,0
2019-11-15 00:00:00.000000 UTC,8646.38,8790.0,8400.0,8471.73,46087.417751,2019-11-15 23:59:59.999000 UTC,394708981.3155723,423919,22568.290117,193359510.76146767,0
2019-11-16 00:00:00.000000 UTC,8471.62,8543.0,8400.0,8491.02,20902.299752,2019-11-16 23:59:59.999000 UTC,177222838.38564816,231473,10703.629784,90759494.93371467,0
2019-11-17 00:00:00.000000 UTC,8490.74,8635.0,8350.68,8502.4,27009.037082,2019-11-17 23:59:59.999000 UTC,229995700.81158423,259594,13607.516179,115878483.61499643,0
2019-11-18 00:00:00.000000 UTC,8502.87,8503.52,8060.0,8187.17,43017.69094,2019-11-18 23:59:59.999000 UTC,358706174.8252184,366263,20525.116924,171255974.96099597,0
2019-11-19 00:00:00.000000 UTC,8186.5,8218.63,8003.0,8133.64,43556.061025,2019-11-19 23:59:59.999000 UTC,353463792.04443395,357382,21816.725084,177061624.17883486,0
2019-11-20 00:00:00.000000 UTC,8133.83,8264.29,8038.4,8098.01,32466.23098,2019-11-20 23:59:59.999000 UTC,263387575.485922,288843,16751.186459,135913703.28376597,0
2019-11-21 00:00:00.000000 UTC,8098.56,8134.73,7500.0,7627.74,58418.780261,2019-11-21 23:59:59.999000 UTC,455166676.2781802,430062,26902.369851,209669250.00512213,0
2019-11-22 00:00:00.000000 UTC,7627.79,7750.0,6790.0,7268.23,126603.140259,2019-11-22 23:59:59.999000 UTC,917881536.262084,817604,60867.912182,441369226.6062732,0
2019-11-23 00:00:00.000000 UTC,7268.23,7344.48,7080.01,7311.57,50449.894755,2019-11-23 23:59:59.999000 UTC,364446217.3737604,414045,25882.631466,187044325.0693693,0
2019-11-24 00:00:00.000000 UTC,7311.1,7330.39,6861.0,6903.28,67890.206483,2019-11-24 23:59:59.999000 UTC,481922941.3269758,446014,33387.528695,237048588.0634904,0
2019-11-25 00:00:00.000000 UTC,6900.23,7377.69,6515.0,7109.57,119645.735197,2019-11-25 23:59:59.999000 UTC,831628458.3049068,679721,60533.393613,421590444.0656638,0
2019-11-26 00:00:00.000000 UTC,7109.99,7340.0,7017.48,7156.14,65722.39769,2019-11-26 23:59:59.999000 UTC,469602476.91268086,433933,33301.349941,237985219.12113363,0
2019-11-27 00:00:00.000000 UTC,7154.75,7655.0,6840.0,7508.52,92452.87349,2019-11-27 23:59:59.999000 UTC,671646609.1695509,582055,47058.028744,342164140.1831574,0
2019-11-28 00:00:00.000000 UTC,7507.9,7643.0,7360.0,7419.49,56933.981109,2019-11-28 23:59:59.999000 UTC,427572714.9456008,388953,28876.708952,216954965.9916893,0
2019-11-29 00:00:00.000000 UTC,7418.52,7850.0,7362.3,7739.68,60745.300873,2019-11-29 23:59:59.999000 UTC,463006956.68515134,412929,31576.88619,240751084.86781704,0
2019-11-30 00:00:00.000000 UTC,7740.99,7810.0,7441.0,7541.89,46989.433619,2019-11-30 23:59:59.999000 UTC,358749026.3607554,346506,23743.610337,181318684.7679096,0
2019-12-01 00:00:00.000000 UTC,7540.63,7541.85,7210.0,7390.89,60769.342313,2019-12-01 23:59:59.999000 UTC,446524917.2059704,420573,31120.002932,228709227.474782,0
2019-12-02 00:00:00.000000 UTC,7391.5,7420.56,7151.1,7294.28,46330.25604,2019-12-02 23:59:59.999000 UTC,337889295.5101809,326881,24043.616393,175417845.96777073,0
2019-12-03 00:00:00.000000 UTC,7294.42,7400.0,7241.35,7292.71,33149.477487,2019-12-03 23:59:59.999000 UTC,242379261.1043476,265391,16639.294837,121693871.29329205,0
2019-12-04 00:00:00.000000 UTC,7292.71,7750.0,7067.0,7194.32,83153.701586,2019-12-04 23:59:59.999000 UTC,608670609.9747069,516250,41870.640469,306646928.0153292,0
2019-12-05 00:00:00.000000 UTC,7194.59,7485.0,7150.0,7389.0,59306.678855,2019-12-05 23:59:59.999000 UTC,434738864.7840124,430359,30794.874009,225785929.45196423,0
2019-12-06 00:00:00.000000 UTC,7389.0,7590.03,7305.0,7527.47,48189.087944,2019-12-06 23:59:59.999000 UTC,356905919.01556,367854,25901.014334,191894551.37719464,0
2019-12-07 00:00:00.000000 UTC,7527.8,7619.62,7470.16,7488.21,31498.684173,2019-12-07 23:59:59.999000 UTC,237000924.85530463,263592,16179.184922,121730405.77530764,0
2019-12-08 00:00:00.000000 UTC,7487.31,7564.0,7374.86,7510.11,29856.897631,2019-12-08 23:59:59.999000 UTC,223314325.61846468,257514,15295.64625,114410839.18893658,0
2019-12-09 00:00:00.000000 UTC,7510.11,7650.0,7273.0,7338.64,46621.887493,2019-12-09 23:59:59.999000 UTC,347471155.4826833,359648,23733.126317,176936408.77023643,0
2019-12-10 00:00:00.000000 UTC,7338.64,7407.6,7157.1,7224.13,49723.76214,2019-12-10 23:59:59.999000 UTC,363127435.3955167,439637,24739.064153,180700991.44760168,0
2019-12-11 00:00:00.000000 UTC,7224.15,7275.5,7125.66,7210.0,30093.091944,2019-12-11 23:59:59.999000 UTC,217095653.86658928,268269,15475.539172,111646214.45842431,0
2019-12-12 00:00:00.000000 UTC,7210.0,7295.0,7080.3,7198.08,42288.600932,2019-12-12 23:59:59.999000 UTC,303657479.492691,331414,20847.384026,149736412.31992897,0
2019-12-13 00:00:00.000000 UTC,7197.76,7309.05,7190.76,7258.48,27609.873795,2019-12-13 23:59:59.999000 UTC,199836160.23365223,252135,14299.033256,103507284.73033176,0
2019-12-14 00:00:00.000000 UTC,7257.37,7271.77,7012.0,7064.05,29561.985967,2019-12-14 23:59:59.999000 UTC,211004228.015854,276819,14397.273743,102799669.53690346,0
2019-12-15 00:00:00.000000 UTC,7064.14,7200.3,7008.35,7118.59,26395.778137,2019-12-15 23:59:59.999000 UTC,187402764.5635312,262651,13778.880146,97846824.91339022,0
2019-12-16 00:00:00.000000 UTC,7119.6,7150.0,6836.0,6891.72,43863.993059,2019-12-16 23:59:59.999000 UTC,307508569.8925137,371202,21512.688371,150883357.87501085,0
2019-12-17 00:00:00.000000 UTC,6891.44,6942.21,6560.0,6623.82,53865.069929,2019-12-17 23:59:59.999000 UTC,364087469.8222779,454097,26510.453951,179268531.68762407,0
2019-12-18 00:00:00.000000 UTC,6623.84,7440.0,6435.0,7277.83,95636.651251,2019-12-18 23:59:59.999000 UTC,654057202.1588289,714073,49843.650817,341707270.92404455,0
2019-12-19 00:00:00.000000 UTC,7277.83,7380.0,7038.31,7150.3,55509.049075,2019-12-19 23:59:59.999000 UTC,397407677.058565,439761,27456.528272,196558003.60942763,0
2019-12-20 00:00:00.000000 UTC,7151.31,7220.0,7079.5,7187.83,32132.069205,2019-12-20 23:59:59.999000 UTC,229842650.4214953,312766,16641.052689,119044689.29161473,0
2019-12-21 00:00:00.000000 UTC,7188.01,7190.58,7105.0,7132.75,19467.174028,2019-12-21 23:59:59.999000 UTC,139069157.08645767,212162,10119.761012,72297064.99889134,0
2019-12-22 00:00:00.000000 UTC,7131.59,7518.54,7122.47,7501.44,39137.45515,2019-12-22 23:59:59.999000 UTC,285577206.9406348,356612,20625.436732,150554135.68143037,0
2019-12-23 00:00:00.000000 UTC,7500.71,7695.38,7265.84,7317.09,68051.997203,2019-12-23 23:59:59.999000 UTC,510710431.7668603,530669,33444.243772,251116788.7252932,0
2019-12-24 00:00:00.000000 UTC,7317.3,7436.68,7157.04,7255.77,43629.494188,2019-12-24 23:59:59.999000 UTC,318428019.00091,384678,21552.751206,157326354.03834856,0
2019-12-25 00:00:00.000000 UTC,7255.77,7271.77,7128.86,7204.63,27492.044323,2019-12-25 23:59:59.999000 UTC,198273303.10954583,289924,14433.038991,104115922.41287488,0
2019-12-26 00:00:00.000000 UTC,7205.01,7435.0,7157.12,7202.0,36259.761076,2019-12-26 23:59:59.999000 UTC,263289798.9561876,337695,18887.865665,137178762.78933653,0
2019-12-27 00:00:00.000000 UTC,7202.0,7275.86,7076.42,7254.74,33642.701861,2019-12-27 23:59:59.999000 UTC,242214722.72289035,297262,16882.396768,121593559.33506627,0
2019-12-28 00:00:00.000000 UTC,7254.77,7365.01,7238.67,7316.14,26848.982199,2019-12-28 23:59:59.999000 UTC,196322192.43800187,272607,13894.476242,101598406.02770424,0
2019-12-29 00:00:00.000000 UTC,7315.36,7528.45,7288.0,7388.24,31387.106085,2019-12-29 23:59:59.999000 UTC,231731575.8282169,283213,15999.777828,118139507.92862746,0
2019-12-30 00:00:00.000000 UTC,7388.43,7408.24,7220.0,7246.0,29605.911782,2019-12-30 23:59:59.999000 UTC,216508875.51767525,279033,13768.256664,100676879.90295008,0
2019-12-31 00:00:00.000000 UTC,7246.0,7320.0,7145.01,7195.23,25954.453533,2019-12-31 23:59:59.999000 UTC,187518399.34504,251976,12595.930347,91036201.1378344,0
2020-01-01 00:00:00.000000 UTC,7195.24,7255.0,7175.15,7200.85,16792.388165,2020-01-01 23:59:59.999000 UTC,121214452.11606228,194010,8946.955535,64597785.21233434,0
2020-01-02 00:00:00.000000 UTC,7200.77,7212.5,6924.74,6965.71,31951.483932,2020-01-02 23:59:59.999000 UTC,225982341.3011403,302667,15141.61134,107060829.07806464,0
2020-01-03 00:00:00.000000 UTC,6965.49,7405.0,6871.04,7344.96,68428.500451,2020-01-03 23:59:59.999000 UTC,495098582.96203536,519854,35595.496273,257713113.85172856,0
2020-01-04 00:00:00.000000 UTC,7345.0,7404.0,7272.21,7354.11,29987.974977,2020-01-04 23:59:59.999000 UTC,219874240.93994808,279370,16369.382248,120035111.72407164,0
2020-01-05 00:00:00.000000 UTC,7354.19,7495.0,7318.0,7358.75,38331.085604,2020-01-05 23:59:59.999000 UTC,284848683.7891762,329209,19455.369564,144600094.38965073,0
2020-01-06 00:00:00.000000 UTC,7357.64,7795.34,7346.76,7758.0,54635.695316,2020-01-06 23:59:59.999000 UTC,413330481.2260492,449937,28853.76777,218411610.65942463,0
2020-01-07 00:00:00.000000 UTC,7758.9,8207.68,7723.71,8145.28,91171.684661,2020-01-07 23:59:59.999000 UTC,724202791.1429626,685315,46192.111549,366866967.6139318,0
2020-01-08 00:00:00.000000 UTC,8145.92,8455.0,7870.0,8055.98,112622.64264,2020-01-08 23:59:59.999000 UTC,926410232.6045058,830375,55071.109514,453284250.4545396,0
2020-01-09 00:00:00.000000 UTC,8054.72,8055.96,7750.0,7817.76,64239.51983,2020-01-09 23:59:59.999000 UTC,507258250.4748797,478800,31645.759221,249899679.33440104,0
2020-01-10 00:00:00.000000 UTC,7817.74,8199.0,7672.0,8197.02,82406.777448,2020-01-10 23:59:59.999000 UTC,652774220.3884369,606101,42361.755307,335845385.67483306,0
2020-01-11 00:00:00.000000 UTC,8198.86,8286.34,8003.16,8020.01,54810.032667,2020-01-11 23:59:59.999000 UTC,445034349.5647021,469131,27916.124974,226716001.44288608,0
2020-01-12 00:00:00.000000 UTC,8020.01,8197.0,7960.0,8184.98,38131.494336,2020-01-12 23:59:59.999000 UTC,309351920.45885,350662,19718.541096,159972663.9929187,0
2020-01-13 00:00:00.000000 UTC,8184.97,8196.0,8055.89,8110.34,31159.755683,2020-01-13 23:59:59.999000 UTC,252656965.3581501,289144,15215.226501,123407351.91807936,0
2020-01-14 00:00:00.000000 UTC,8110.34,8880.0,8105.54,8810.01,120399.126742,2020-01-14 23:59:59.999000 UTC,1032735180.8658738,915328,62492.096676,536081638.0541857,0
2020-01-15 00:00:00.000000 UTC,8814.64,8916.48,8564.0,8821.41,84816.297606,2020-01-15 23:59:59.999000 UTC,743712237.2790816,764048,42493.551026,372770745.1792992,0
2020-01-16 00:00:00.000000 UTC,8820.01,8859.81,8586.0,8720.01,51991.074284,2020-01-16 23:59:59.999000 UTC,451752380.28108114,543064,25996.30135,225914888.3777724,0
2020-01-17 00:00:00.000000 UTC,8720.15,9041.65,8672.44,8913.28,70897.737377,2020-01-17 23:59:59.999000 UTC,629568740.707009,676403,36139.808845,320997160.95891666,0
2020-01-18 00:00:00.000000 UTC,8913.27,8988.88,8806.38,8915.96,38294.746545,2020-01-18 23:59:59.999000 UTC,340852837.9160803,458182,19421.295313,172895403.23974317,0
2020-01-19 00:00:00.000000 UTC,8915.09,9198.98,8466.0,8701.7,70676.889259,2020-01-19 23:59:59.999000 UTC,623950864.2762928,615665,33655.943241,297282818.0931591,0
2020-01-20 00:00:00.000000 UTC,8701.72,8746.99,8521.28,8642.35,38896.639746,2020-01-20 23:59:59.999000 UTC,336447837.0018059,385006,19453.863782,168293007.48754647,0
2020-01-21 00:00:00.000000 UTC,8642.35,8789.0,8488.0,8736.03,36494.687659,2020-01-21 23:59:59.999000 UTC,316056704.984738,365621,18731.871637,162303157.94279355,0
2020-01-22 00:00:00.000000 UTC,8736.04,8818.0,8590.0,8682.36,29080.557138,2020-01-22 23:59:59.999000 UTC,252638888.2149256,317424,14477.157512,125794389.99554266,0
2020-01-23 00:00:00.000000 UTC,8682.77,8691.81,8306.39,8404.52,48165.944597,2020-01-23 23:59:59.999000 UTC,407428808.67533696,464805,23287.712444,196965082.04041368,0
2020-01-24 00:00:00.000000 UTC,8404.52,8528.02,8238.0,8439.0,41687.529529,2020-01-24 23:59:59.999000 UTC,349874174.79003936,407271,21293.489586,178752179.11477745,0
2020-01-25 00:00:00.000000 UTC,8438.99,8451.26,8254.9,8340.58,25521.157932,2020-01-25 23:59:59.999000 UTC,212869245.63589776,283118,13076.752786,109098245.22427256,0
2020-01-26 00:00:00.000000 UTC,8340.01,8618.13,8293.66,8615.0,31130.485164,2020-01-26 23:59:59.999000 UTC,263941925.272999,332612,15797.911267,133936210.1435635,0
2020-01-27 00:00:00.000000 UTC,8614.39,9000.0,8535.0,8907.57,53973.542996,2020-01-27 23:59:59.999000 UTC,473194952.8044688,514196,28592.326521,250794158.80919072,0
2020-01-28 00:00:00.000000 UTC,8907.57,9400.0,8862.4,9374.21,74584.853765,2020-01-28 23:59:59.999000 UTC,676593159.4823396,616678,38852.363246,352558461.2153821,0
2020-01-29 00:00:00.000000 UTC,9375.34,9449.24,9216.0,9301.53,53864.065122,2020-01-29 23:59:59.999000 UTC,503188568.8363578,492545,26615.651329,248688826.41119045,0
2020-01-30 00:00:00.000000 UTC,9301.57,9578.0,9204.44,9513.21,60626.744259,2020-01-30 23:59:59.999000 UTC,569652869.8196837,529570,30852.55545,290043577.4392868,0
2020-01-31 00:00:00.000000 UTC,9511.52,9530.22,9210.01,9352.89,45552.022352,2020-01-31 23:59:59.999000 UTC,425779010.4065367,428547,22482.470899,210150300.2222744,0
2020-02-01 00:00:00.000000 UTC,9351.71,9464.53,9281.0,9384.61,28578.067354,2020-02-01 23:59:59.999000 UTC,268137739.9933375,334972,14679.126305,137764121.89168733,0
2020-02-02 00:00:00.000000 UTC,9384.41,9477.03,9120.0,9331.51,45690.91254,2020-02-02 23:59:59.999000 UTC,428064088.6904683,446558,22588.40606,211808205.79156944,0
2020-02-03 00:00:00.000000 UTC,9331.59,9618.79,9234.0,9292.24,50892.133451,2020-02-03 23:59:59.999000 UTC,476379993.49247247,492124,24781.397696,232065946.538542,0
2020-02-04 00:00:00.000000 UTC,9291.35,9350.0,9093.01,9197.02,53308.175266,2020-02-04 23:59:59.999000 UTC,491136137.2107625,528930,26103.432307,240571508.2401516,0
2020-02-05 00:00:00.000000 UTC,9197.02,9744.45,9177.22,9612.04,64870.415615,2020-02-05 23:59:59.999000 UTC,613540574.7818311,661758,35375.605202,334620486.1373669,0
2020-02-06 00:00:00.000000 UTC,9612.03,9862.57,9526.35,9772.0,64949.706588,2020-02-06 23:59:59.999000 UTC,631245079.8223813,682179,32143.454647,312506614.3866245,0
2020-02-07 00:00:00.000000 UTC,9772.0,9885.0,9730.0,9813.73,43966.114632,2020-02-07 23:59:59.999000 UTC,430744860.1814393,582249,22733.988186,222761439.9557888,0
2020-02-08 00:00:00.000000 UTC,9813.87,9940.0,9667.11,9895.05,43600.843666,2020-02-08 23:59:59.999000 UTC,427781790.200816,514573,22664.381837,222438123.8466874,0
2020-02-09 00:00:00.000000 UTC,9895.04,10166.0,9880.75,10151.75,43408.475616,2020-02-09 23:59:59.999000 UTC,437441704.9053964,536848,22408.277327,225799470.0027466,0
2020-02-10 00:00:00.000000 UTC,10151.72,10188.0,9756.0,9851.83,59573.084619,2020-02-10 23:59:59.999000 UTC,590091358.442907,690308,28618.883245,283509329.4368132,0
2020-02-11 00:00:00.000000 UTC,9851.74,10323.59,9700.0,10223.08,62422.395224,2020-02-11 23:59:59.999000 UTC,624970415.4054741,710170,31905.31642,319373572.87250507,0
2020-02-12 00:00:00.000000 UTC,10223.08,10450.0,10223.08,10326.46,61008.06393,2020-02-12 23:59:59.999000 UTC,629756037.5160786,857655,31141.8077,321525481.5414018,0
2020-02-13 00:00:00.000000 UTC,10325.33,10500.0,10080.0,10229.63,79344.358759,2020-02-13 23:59:59.999000 UTC,815507473.735361,932802,38475.272548,395629173.0386233,0
2020-02-14 00:00:00.000000 UTC,10227.78,10381.56,10111.37,10344.36,47038.480173,2020-02-14 23:59:59.999000 UTC,482455622.003626,622310,23697.005493,243079257.30551487,0
2020-02-15 00:00:00.000000 UTC,10344.36,10375.0,9801.0,9904.72,57657.202947,2020-02-15 23:59:59.999000 UTC,580845331.1747848,739781,26758.580323,269731775.5031557,0
2020-02-16 00:00:00.000000 UTC,9904.46,10050.0,9638.12,9917.27,60023.999537,2020-02-16 23:59:59.999000 UTC,592584876.9040861,708070,29406.136839,290482773.25193715,0
2020-02-17 00:00:00.000000 UTC,9910.7,9964.16,9452.67,9706.0,70261.011901,2020-02-17 23:59:59.999000 UTC,680009637.6159953,778058,33221.839241,321724146.0973481,0
2020-02-18 00:00:00.000000 UTC,9706.0,10250.0,9576.01,10164.71,70604.124019,2020-02-18 23:59:59.999000 UTC,696870122.812608,723413,37303.996326,368380176.6487257,0
2020-02-19 00:00:00.000000 UTC,10164.78,10250.0,9350.0,9593.79,55162.586895,2020-02-19 23:59:59.999000 UTC,547679966.9292257,588760,25457.91648,253188749.12823528,0
2020-02-20 00:00:00.000000 UTC,9594.65,9699.0,9400.0,9596.42,60152.342914,2020-02-20 23:59:59.999000 UTC,576020107.4626018,667387,29843.208875,285816414.8781603,0
2020-02-21 00:00:00.000000 UTC,9597.21,9755.51,9550.21,9677.05,42181.554524,2020-02-21 23:59:59.999000 UTC,408286949.8035292,470599,21645.267614,209532434.5763331,0
2020-02-22 00:00:00.000000 UTC,9677.05,9709.17,9560.02,9650.86,24636.757623,2020-02-22 23:59:59.999000 UTC,237544283.22525856,319961,13267.246511,127929552.9975982,0
2020-02-23 00:00:00.000000 UTC,9650.85,9990.0,9645.0,9936.4,37702.089843,2020-02-23 23:59:59.999000 UTC,371815095.46744496,441935,20035.250549,197592792.86246952,0
2020-02-24 00:00:00.000000 UTC,9936.4,9990.0,9473.56,9656.13,55796.59612,2020-02-24 23:59:59.999000 UTC,542081527.6408329,589384,26426.930644,256859539.02050737,0
2020-02-25 00:00:00.000000 UTC,9655.52,9675.0,9250.0,9315.84,54379.344552,2020-02-25 23:59:59.999000 UTC,514946930.5660231,579079,26318.934158,249358678.88131344,0
2020-02-26 00:00:00.000000 UTC,9316.48,9377.44,8633.63,8785.25,92130.345482,2020-02-26 23:59:59.999000 UTC,830717784.3790948,871018,41928.874809,378197861.5816548,0
2020-02-27 00:00:00.000000 UTC,8786.0,8971.77,8531.0,8823.21,72483.578762,2020-02-27 23:59:59.999000 UTC,636955872.7625463,696646,35410.014492,311229361.68385184,0
2020-02-28 00:00:00.000000 UTC,8823.25,8900.0,8445.0,8692.91,71155.208977,2020-02-28 23:59:59.999000 UTC,615664817.0103912,655727,35295.606135,305533926.9847336,0
2020-02-29 00:00:00.000000 UTC,8690.8,8790.0,8523.55,8523.61,36748.183035,2020-02-29 23:59:59.999000 UTC,318585951.9885324,414175,18916.854559,164044036.86872095,0
2020-03-01 00:00:00.000000 UTC,8523.61,8750.0,8411.0,8531.88,43892.201779,2020-03-01 23:59:59.999000 UTC,375729315.25408256,472019,21838.368866,186962259.7068905,0
2020-03-02 00:00:00.000000 UTC,8530.3,8965.75,8498.0,8915.24,60401.31773,2020-03-02 23:59:59.999000 UTC,528906629.5628192,564535,31213.080602,273395227.9483244,0
2020-03-03 00:00:00.000000 UTC,8911.18,8919.65,8651.0,8760.07,55154.997282,2020-03-03 23:59:59.999000 UTC,484181096.3229558,512762,26954.229745,236655810.14459231,0
2020-03-04 00:00:00.000000 UTC,8760.07,8848.29,8660.0,8750.87,38696.482578,2020-03-04 23:59:59.999000 UTC,338849891.95293546,454817,19279.33119,168832874.50723547,0
2020-03-05 00:00:00.000000 UTC,8750.99,9159.42,8746.54,9054.68,58201.866355,2020-03-05 23:59:59.999000 UTC,524102029.20478296,619552,30482.082171,274387102.9108894,0
2020-03-06 00:00:00.000000 UTC,9054.64,9170.0,8985.5,9131.88,43782.948044,2020-03-06 23:59:59.999000 UTC,397598476.42056286,493216,22296.560506,202484342.22117203,0
2020-03-07 00:00:00.000000 UTC,9130.89,9188.0,8835.0,8886.66,45422.204525,2020-03-07 23:59:59.999000 UTC,409983263.789138,485400,22281.715855,201161181.30473223,0
2020-03-08 00:00:00.000000 UTC,8885.25,8886.76,8000.0,8033.31,77537.315166,2020-03-08 23:59:59.999000 UTC,656931544.7821604,740741,34843.607849,295351474.4354491,0
2020-03-09 00:00:00.000000 UTC,8034.76,8179.31,7632.01,7929.87,116968.863268,2020-03-09 23:59:59.999000 UTC,918787729.0855838,929234,58020.957927,455866837.3046225,0
2020-03-10 00:00:00.000000 UTC,7929.87,8149.0,7728.01,7894.56,86783.443875,2020-03-10 23:59:59.999000 UTC,689700153.4490932,737528,43673.584024,347117049.36196727,0
2020-03-11 00:00:00.000000 UTC,7894.57,7980.0,7590.0,7934.52,79942.411172,2020-03-11 23:59:59.999000 UTC,624465167.3648188,699401,40497.892738,316442882.75970125,0
2020-03-12 00:00:00.000000 UTC,7934.58,7966.17,4410.0,4800.0,261505.608653,2020-03-12 23:59:59.999000 UTC,1628590104.2222133,1770812,119298.006197,743481672.2037648,0
2020-03-13 00:00:00.000000 UTC,4800.01,5955.0,3782.13,5578.6,402201.673764,2020-03-13 23:59:59.999000 UTC,2063819540.6389947,2309830,197511.954273,1017423855.755749,0
2020-03-14 00:00:00.000000 UTC,5576.05,5640.52,5055.13,5172.06,136910.135974,2020-03-14 23:59:59.999000 UTC,736651880.9210789,1106125,66104.019729,356020329.8521769,0
2020-03-15 00:00:00.000000 UTC,5172.48,5940.0,5093.1,5361.3,139916.146534,2020-03-15 23:59:59.999000 UTC,753755706.4268771,1037714,70540.65095,380499471.94982266,0
2020-03-16 00:00:00.000000 UTC,5360.33,5365.42,4442.12,5028.97,227276.92276,2020-03-16 23:59:59.999000 UTC,1113690309.1015868,1608176,108901.967366,533857910.81658685,0
2020-03-17 00:00:00.000000 UTC,5028.86,5525.0,4921.45,5312.64,150089.926318,2020-03-17 23:59:59.999000 UTC,793147908.2684975,1069217,74698.374254,394902319.12415856,0
2020-03-18 00:00:00.000000 UTC,5312.64,5436.17,5009.37,5393.04,137127.634894,2020-03-18 23:59:59.999000 UTC,719748122.45302,962843,65106.067778,341970839.5779824,0
2020-03-19 00:00:00.000000 UTC,5393.26,6400.0,5252.53,6162.37,199020.873439,2020-03-19 23:59:59.999000 UTC,1164739707.514236,1403608,99011.947011,579536547.7582244,0
2020-03-20 00:00:00.000000 UTC,6162.05,6900.0,5670.0,6208.36,219298.329514,2020-03-20 23:59:59.999000 UTC,1401734013.175202,1580069,104719.63918,670117999.1481416,0
2020-03-21 00:00:00.000000 UTC,6204.57,6456.98,5860.02,6186.98,128913.668363,2020-03-21 23:59:59.999000 UTC,794962136.6384171,990974,63326.096852,390737241.11380976,0
2020-03-22 00:00:00.000000 UTC,6187.04,6407.87,5734.01,5816.19,119115.990527,2020-03-22 23:59:59.999000 UTC,722895653.5100614,952259,57189.898349,347411876.3609581,0
2020-03-23 00:00:00.000000 UTC,5816.05,6600.0,5688.0,6467.31,164674.215785,2020-03-23 23:59:59.999000 UTC,1015525672.0743864,1099406,84136.011728,519197453.1358876,0
2020-03-24 00:00:00.000000 UTC,6465.25,6833.0,6371.33,6744.72,151138.009878,2020-03-24 23:59:59.999000 UTC,1001890515.2399886,1012669,72781.817328,482659188.5527677,0
2020-03-25 00:00:00.000000 UTC,6744.69,6957.96,6450.0,6677.43,132155.734989,2020-03-25 23:59:59.999000 UTC,880250736.9079887,912179,63515.16835,423439621.64069456,0
2020-03-26 00:00:00.000000 UTC,6677.42,6780.0,6510.0,6737.36,83026.555211,2020-03-26 23:59:59.999000 UTC,552537189.4793514,668467,41123.410506,273834254.4669248,0
2020-03-27 00:00:00.000000 UTC,6737.27,6842.59,6261.0,6359.11,82914.968354,2020-03-27 23:59:59.999000 UTC,551326113.8552039,643631,38439.272216,255910741.8176017,0
2020-03-28 00:00:00.000000 UTC,6359.11,6360.0,6024.0,6236.65,93159.693429,2020-03-28 23:59:59.999000 UTC,577986706.1289365,725588,44960.523438,279053353.63500285,0
2020-03-29 00:00:00.000000 UTC,6236.65,6266.0,5866.56,5881.42,63311.627714,2020-03-29 23:59:59.999000 UTC,383707122.50096285,496709,29080.967922,176336037.90451324,0
2020-03-30 00:00:00.000000 UTC,5880.5,6599.0,5857.76,6394.38,118889.549992,2020-03-30 23:59:59.999000 UTC,747569726.4544197,784034,58863.312983,370039956.0073812,0
2020-03-31 00:00:00.000000 UTC,6394.45,6523.23,6321.4,6410.44,72337.595259,2020-03-31 23:59:59.999000 UTC,465780496.6224872,538231,34730.902334,223650665.2498105,0
2020-04-01 00:00:00.000000 UTC,6412.14,6679.94,6150.11,6642.92,97500.7524,2020-04-01 23:59:59.999000 UTC,618527468.834164,758061,49161.370195,312180122.9802661,0
2020-04-02 00:00:00.000000 UTC,6643.36,7198.0,6551.0,6794.09,149299.906871,2020-04-02 23:59:59.999000 UTC,1014494762.4416422,1101043,74722.163748,508095825.9586769,0
2020-04-03 00:00:00.000000 UTC,6793.86,7048.0,6602.1,6734.1,104080.276939,2020-04-03 23:59:59.999000 UTC,710254017.100272,840456,51077.938671,348762338.666862,0
2020-04-04 00:00:00.000000 UTC,6732.97,6990.41,6650.01,6856.99,72990.861139,2020-04-04 23:59:59.999000 UTC,495076283.5209042,659051,36419.056684,247173793.29146555,0
2020-04-05 00:00:00.000000 UTC,6857.41,6895.54,6677.52,6772.78,49685.356983,2020-04-05 23:59:59.999000 UTC,337062083.002028,506433,23875.578312,162008820.3887751,0
2020-04-06 00:00:00.000000 UTC,6772.78,7355.14,6765.0,7329.9,118052.000832,2020-04-06 23:59:59.999000 UTC,837357664.6519214,956586,59322.208873,420706756.20827895,0
2020-04-07 00:00:00.000000 UTC,7329.9,7459.69,7077.0,7197.32,103585.168918,2020-04-07 23:59:59.999000 UTC,757201786.6976631,924436,48811.267789,357008427.72553915,0
2020-04-08 00:00:00.000000 UTC,7197.32,7420.0,7150.0,7361.28,76059.145838,2020-04-08 23:59:59.999000 UTC,555122600.275026,750516,39000.552565,284685809.77746606,0
2020-04-09 00:00:00.000000 UTC,7360.26,7371.92,7108.08,7283.54,61094.872417,2020-04-09 23:59:59.999000 UTC,444741085.9037586,686207,28801.892851,209718590.1428961,0
2020-04-10 00:00:00.000000 UTC,7283.54,7295.75,6739.98,6858.92,104674.623375,2020-04-10 23:59:59.999000 UTC,727281590.7719399,949050,47958.960805,333222230.69815034,0
2020-04-11 00:00:00.000000 UTC,6858.92,6944.3,6760.0,6876.83,45470.293206,2020-04-11 23:59:59.999000 UTC,311699573.516674,484618,21157.128381,145036158.54711846,0
2020-04-12 00:00:00.000000 UTC,6876.84,7177.0,6780.0,6903.79,73868.666501,2020-04-12 23:59:59.999000 UTC,516235035.1865113,648323,35637.958687,249206873.1827196,0
2020-04-13 00:00:00.000000 UTC,6903.79,6903.79,6575.0,6837.91,96415.476573,2020-04-13 23:59:59.999000 UTC,649390681.2485026,804179,44648.492187,300780988.70993096,0
2020-04-14 00:00:00.000000 UTC,6838.04,6978.0,6754.28,6868.7,69068.623285,2020-04-14 23:59:59.999000 UTC,474794776.19211113,608665,32019.322337,220122993.7265764,0
2020-04-15 00:00:00.000000 UTC,6868.57,6933.0,6605.0,6621.24,61571.384994,2020-04-15 23:59:59.999000 UTC,416947490.61569566,581374,29866.89225,202324176.1600372,0
2020-04-16 00:00:00.000000 UTC,6621.25,7190.0,6468.27,7101.94,125009.857539,2020-04-16 23:59:59.999000 UTC,865277543.3946935,971163,63251.204331,438475139.10829705,0
2020-04-17 00:00:00.000000 UTC,7101.99,7148.12,6972.98,7027.55,54126.509763,2020-04-17 23:59:59.999000 UTC,382334236.1694789,537554,25973.970677,183489537.174534,0
2020-04-18 00:00:00.000000 UTC,7026.78,7293.08,7014.4,7248.6,49488.542819,2020-04-18 23:59:59.999000 UTC,354845083.7761889,494670,23980.644731,171950110.370116,0
2020-04-19 00:00:00.000000 UTC,7248.6,7266.15,7055.6,7120.74,45664.86393,2020-04-19 23:59:59.999000 UTC,326485586.9317384,483574,21519.030976,153854417.3706887,0
2020-04-20 00:00:00.000000 UTC,7121.4,7220.0,6751.0,6826.83,90149.49137,2020-04-20 23:59:59.999000 UTC,629612368.7476892,785174,40427.515933,282531224.312811,0
2020-04-21 00:00:00.000000 UTC,6828.98,6940.0,6762.0,6841.37,60109.710808,2020-04-21 23:59:59.999000 UTC,411800606.0815972,555797,27732.164398,190003705.32072505,0
2020-04-22 00:00:00.000000 UTC,6841.36,7156.38,6818.0,7125.14,61486.377334,2020-04-22 23:59:59.999000 UTC,431271646.1755991,508659,28258.859922,198241315.96185333,0
2020-04-23 00:00:00.000000 UTC,7125.12,7738.0,7020.0,7482.39,102773.569561,2020-04-23 23:59:59.999000 UTC,756320213.5858521,881099,52475.598541,386041564.8244506,0
2020-04-24 00:00:00.000000 UTC,7483.96,7615.96,7388.0,7505.0,60182.119939,2020-04-24 23:59:59.999000 UTC,452118137.7940016,601093,29412.509143,220931579.3206532,0
2020-04-25 00:00:00.000000 UTC,7505.0,7705.0,7431.07,7538.67,43874.427726,2020-04-25 23:59:59.999000 UTC,331292050.77197313,521943,21111.140946,159480178.3798996,0
2020-04-26 00:00:00.000000 UTC,7539.03,7700.0,7480.0,7693.1,50522.616209,2020-04-26 23:59:59.999000 UTC,384202783.2747096,554480,24707.494225,187939788.77144253,0
2020-04-27 00:00:00.000000 UTC,7693.1,7792.02,7606.0,7774.62,65441.339576,2020-04-27 23:59:59.999000 UTC,504025811.6512536,637800,31594.106596,243380424.90896007,0
2020-04-28 00:00:00.000000 UTC,7773.51,7780.0,7659.12,7738.98,46302.752638,2020-04-28 23:59:59.999000 UTC,357391780.9307627,499414,21305.50136,164468534.08844885,0
2020-04-29 00:00:00.000000 UTC,7738.58,8952.89,7710.05,8778.57,183546.887514,2020-04-29 23:59:59.999000 UTC,1536390177.0449488,1433128,91462.005617,765292175.0671883,0
2020-04-30 00:00:00.000000 UTC,8778.58,9460.0,8401.0,8620.0,206277.214124,2020-04-30 23:59:59.999000 UTC,1839283907.46252,1661554,99484.476377,887675398.177694,0
2020-05-01 00:00:00.000000 UTC,8620.0,9059.18,8613.56,8826.96,91468.815059,2020-05-01 23:59:59.999000 UTC,805640126.6308703,865960,44763.354481,394216389.9038655,0
2020-05-02 00:00:00.000000 UTC,8825.67,9010.0,8753.0,8972.05,59002.08755,2020-05-02 23:59:59.999000 UTC,523838859.5442492,637884,30400.353449,269917468.34160125,0
2020-05-03 00:00:00.000000 UTC,8972.58,9200.0,8712.0,8894.16,90126.065643,2020-05-03 23:59:59.999000 UTC,808427095.9321591,877460,44321.3704,397824441.8012372,0
2020-05-04 00:00:00.000000 UTC,8894.15,8950.0,8522.0,8871.96,84418.512331,2020-05-04 23:59:59.999000 UTC,738343818.6939254,848802,39118.380222,342180074.58001775,0
2020-05-05 00:00:00.000000 UTC,8871.92,9118.58,8760.0,9021.83,76480.765342,2020-05-05 23:59:59.999000 UTC,683083018.8779808,812543,37454.518379,334700993.4328503,0
2020-05-06 00:00:00.000000 UTC,9021.36,9395.0,8906.21,9142.92,105925.30242,2020-05-06 23:59:59.999000 UTC,972793508.4649074,1007661,51189.790893,470167656.5656032,0
2020-05-07 00:00:00.000000 UTC,9143.4,10067.0,9021.0,9986.4,147154.611378,2020-05-07 23:59:59.999000 UTC,1409783462.006364,1254835,74602.193112,715407978.1961043,0
2020-05-08 00:00:00.000000 UTC,9986.3,10035.96,9705.0,9800.01,100683.7964,2020-05-08 23:59:59.999000 UTC,997005843.7404792,967816,46207.637594,457701324.85886586,0
2020-05-09 00:00:00.000000 UTC,9800.02,9914.25,9520.0,9539.4,81950.679567,2020-05-09 23:59:59.999000 UTC,795001351.6797024,839384,36738.679244,356475632.6589253,0
2020-05-10 00:00:00.000000 UTC,9539.1,9574.83,8117.0,8722.77,183865.182028,2020-05-10 23:59:59.999000 UTC,1594996476.9756367,1565771,84376.580774,731417660.351995,0
2020-05-11 00:00:00.000000 UTC,8722.77,9168.0,8200.0,8561.52,168807.251832,2020-05-11 23:59:59.999000 UTC,1468392820.7608037,1367382,81474.595067,708958944.1586587,0
2020-05-12 00:00:00.000000 UTC,8562.04,8978.26,8528.78,8810.79,86522.780066,2020-05-12 23:59:59.999000 UTC,760195457.0509585,784859,40570.317401,356508014.1884676,0
2020-05-13 00:00:00.000000 UTC,8810.99,9398.0,8792.99,9309.37,92466.274018,2020-05-13 23:59:59.999000 UTC,839725719.9602077,869216,43648.354655,396713970.0443314,0
2020-05-14 00:00:00.000000 UTC,9309.35,9939.0,9256.76,9791.98,129565.37747,2020-05-14 23:59:59.999000 UTC,1247456797.813666,1199530,63438.510993,611313934.3913236,0
2020-05-15 00:00:00.000000 UTC,9791.97,9845.62,9150.0,9316.42,115890.761516,2020-05-15 23:59:59.999000 UTC,1099721375.8919055,1055630,55397.123434,525813199.3366492,0
2020-05-16 00:00:00.000000 UTC,9315.96,9588.0,9220.0,9381.27,59587.627862,2020-05-16 23:59:59.999000 UTC,560547005.0259086,692028,28861.3682,271542836.2138013,0
2020-05-17 00:00:00.000000 UTC,9380.81,9888.0,9322.1,9680.04,68647.764323,2020-05-17 23:59:59.999000 UTC,663088800.815278,722718,34734.034993,335478915.9764369,0
2020-05-18 00:00:00.000000 UTC,9681.11,9950.0,9464.23,9733.93,82006.603583,2020-05-18 23:59:59.999000 UTC,797622297.3261682,794292,40242.842986,391957586.2005776,0
2020-05-19 00:00:00.000000 UTC,9733.93,9897.21,9474.0,9775.53,78539.760454,2020-05-19 23:59:59.999000 UTC,760713946.0085461,773581,37821.719308,366745428.2081609,0
2020-05-20 00:00:00.000000 UTC,9775.13,9842.0,9326.0,9511.43,74923.73809,2020-05-20 23:59:59.999000 UTC,721190802.7634026,731189,33481.796678,322416331.9624527,0
2020-05-21 00:00:00.000000 UTC,9511.43,9578.47,8815.0,9068.65,108928.780969,2020-05-21 23:59:59.999000 UTC,1002046265.9412596,951971,49914.081138,459089374.1688796,0
2020-05-22 00:00:00.000000 UTC,9067.51,9271.0,8933.52,9170.0,58943.131024,2020-05-22 23:59:59.999000 UTC,537847834.4967086,693694,28987.315896,264538897.2590252,0
2020-05-23 00:00:00.000000 UTC,9170.0,9307.85,9070.0,9179.15,43526.296966,2020-05-23 23:59:59.999000 UTC,400407195.6289224,512460,21377.616332,196682791.17593563,0
2020-05-24 00:00:00.000000 UTC,9179.01,9298.0,8700.0,8720.34,70379.86645,2020-05-24 23:59:59.999000 UTC,636787240.3733248,774088,32046.411444,290362268.4721472,0
2020-05-25 00:00:00.000000 UTC,8718.14,8979.66,8642.72,8900.35,62833.910949,2020-05-25 23:59:59.999000 UTC,553545285.9140139,733557,30771.888744,271166770.9449384,0
2020-05-26 00:00:00.000000 UTC,8900.35,9017.67,8700.0,8841.18,58299.770138,2020-05-26 23:59:59.999000 UTC,516455128.890688,678304,28242.170083,250278944.1649748,0
2020-05-27 00:00:00.000000 UTC,8841.0,9225.0,8811.73,9204.07,68910.355514,2020-05-27 23:59:59.999000 UTC,624660855.7800369,662850,33532.620265,304057334.99150485,0
2020-05-28 00:00:00.000000 UTC,9204.07,9625.47,9110.0,9575.89,74110.787662,2020-05-28 23:59:59.999000 UTC,693930106.1813825,738725,37974.899609,355720464.8630843,0
2020-05-29 00:00:00.000000 UTC,9575.87,9605.26,9330.0,9427.07,57374.362961,2020-05-29 23:59:59.999000 UTC,542758086.6064701,593705,26819.212894,253696538.73175293,0
2020-05-30 00:00:00.000000 UTC,9426.6,9740.0,9331.23,9697.72,55665.27254,2020-05-30 23:59:59.999000 UTC,530598690.0714505,651290,29252.679904,279016030.1311799,0
2020-05-31 00:00:00.000000 UTC,9697.72,9700.0,9381.41,9448.27,48333.786403,2020-05-31 23:59:59.999000 UTC,461272298.85252047,651473,22778.001169,217450165.01806328,0
2020-06-01 00:00:00.000000 UTC,9448.27,10380.0,9421.67,10200.77,76649.12696,2020-06-01 23:59:59.999000 UTC,749707596.6593573,826964,41530.412317,406777189.2831498,0
2020-06-02 00:00:00.000000 UTC,10202.71,10228.99,9266.0,9518.04,108970.773151,2020-06-02 23:59:59.999000 UTC,1070060237.1302092,1004312,49354.907969,485973112.1935189,0
2020-06-03 00:00:00.000000 UTC,9518.02,9690.0,9365.21,9666.24,46252.644939,2020-06-03 23:59:59.999000 UTC,441928818.0430156,562784,22656.30815,216537558.0168512,0
2020-06-04 00:00:00.000000 UTC,9666.32,9881.63,9450.0,9789.06,57456.100969,2020-06-04 23:59:59.999000 UTC,557234945.6467389,665881,28778.237371,279263924.70782906,0
2020-06-05 00:00:00.000000 UTC,9788.14,9854.75,9581.0,9621.16,47788.05005,2020-06-05 23:59:59.999000 UTC,465200788.2036338,566062,22329.107119,217444468.95052847,0
2020-06-06 00:00:00.000000 UTC,9621.17,9735.0,9531.05,9666.3,32752.950893,2020-06-06 23:59:59.999000 UTC,315604867.236149,435796,15832.693765,152610794.94554913,0
2020-06-07 00:00:00.000000 UTC,9666.85,9802.0,9372.46,9746.99,57952.848385,2020-06-07 23:59:59.999000 UTC,556919603.7915448,637766,28426.595129,273242856.19134754,0
2020-06-08 00:00:00.000000 UTC,9746.99,9800.0,9633.0,9782.01,40664.664125,2020-06-08 23:59:59.999000 UTC,395459395.8213373,485139,19744.039124,192037951.04548967,0
2020-06-09 00:00:00.000000 UTC,9782.0,9877.0,9570.0,9772.43,46024.001289,2020-06-09 23:59:59.999000 UTC,447208895.8386984,551863,21901.19095,212965408.67782807,0
2020-06-10 00:00:00.000000 UTC,9772.44,9992.72,9704.18,9885.0,47130.762982,2020-06-10 23:59:59.999000 UTC,462384305.3511994,560909,23128.161032,226982635.61915445,0
2020-06-11 00:00:00.000000 UTC,9885.22,9964.0,9113.0,9280.4,94418.98473,2020-06-11 23:59:59.999000 UTC,902075648.5453848,966502,40972.064749,391689549.6579658,0
2020-06-12 00:00:00.000000 UTC,9278.88,9557.12,9232.51,9465.13,50119.066932,2020-06-12 23:59:59.999000 UTC,472007894.37567526,553203,24344.81637,229325970.87113217,0
2020-06-13 00:00:00.000000 UTC,9464.96,9494.73,9351.0,9473.34,27759.784851,2020-06-13 23:59:59.999000 UTC,261673162.2584724,392763,13531.007214,127577168.31734,0
2020-06-14 00:00:00.000000 UTC,9473.34,9480.99,9245.0,9342.1,30055.506608,2020-06-14 23:59:59.999000 UTC,282131272.3800662,415568,14465.416151,135811554.06421557,0
2020-06-15 00:00:00.000000 UTC,9342.1,9495.0,8910.45,9426.02,86107.924707,2020-06-15 23:59:59.999000 UTC,793518842.5509843,839521,41630.747529,384031123.1817288,0
2020-06-16 00:00:00.000000 UTC,9426.05,9589.0,9373.09,9525.59,52052.446927,2020-06-16 23:59:59.999000 UTC,494458269.13979113,543481,25692.839625,244097412.8828076,0
2020-06-17 00:00:00.000000 UTC,9526.97,9565.0,9236.61,9465.14,48046.411152,2020-06-17 23:59:59.999000 UTC,453209812.2257807,536158,22842.831276,215532725.63392767,0
2020-06-18 00:00:00.000000 UTC,9465.13,9489.0,9280.0,9386.32,37381.953765,2020-06-18 23:59:59.999000 UTC,351649555.0725387,475074,17940.405253,168801558.37933227,0
2020-06-19 00:00:00.000000 UTC,9386.32,9438.3,9215.79,9310.23,45330.983673,2020-06-19 23:59:59.999000 UTC,423086965.1927383,503484,22055.969046,205898368.3401492,0
2020-06-20 00:00:00.000000 UTC,9310.23,9395.0,9170.95,9358.95,30329.065384,2020-06-20 23:59:59.999000 UTC,282120360.5567526,382778,15125.081769,140741525.62068328,0
2020-06-21 00:00:00.000000 UTC,9358.95,9422.0,9281.54,9294.69,24316.926234,2020-06-21 23:59:59.999000 UTC,227467940.6102112,321015,11779.797182,110215504.55537862,0
2020-06-22 00:00:00.000000 UTC,9294.69,9780.0,9277.09,9685.69,57895.468343,2020-06-22 23:59:59.999000 UTC,550995799.0694705,588704,30738.200375,292712778.14347607,0
2020-06-23 00:00:00.000000 UTC,9685.69,9720.0,9577.03,9624.89,41031.02938,2020-06-23 23:59:59.999000 UTC,395487616.460878,474319,19112.606216,184247416.84941235,0
2020-06-24 00:00:00.000000 UTC,9624.33,9670.0,9208.0,9296.49,61571.561464,2020-06-24 23:59:59.999000 UTC,579426702.7966821,572362,26903.544061,253131387.5999213,0
2020-06-25 00:00:00.000000 UTC,9298.33,9340.0,9009.69,9249.49,55831.619156,2020-06-25 23:59:59.999000 UTC,514396747.4047828,536205,26546.395563,244659133.8850236,0
2020-06-26 00:00:00.000000 UTC,9249.49,9298.0,9045.45,9162.21,50292.298277,2020-06-26 23:59:59.999000 UTC,461347064.8295031,510947,23307.903475,213866832.83863124,0
2020-06-27 00:00:00.000000 UTC,9162.21,9196.24,8833.0,9012.0,46290.930113,2020-06-27 23:59:59.999000 UTC,419606802.2372013,499415,21056.87686,191013780.26087573,0
2020-06-28 00:00:00.000000 UTC,9012.0,9191.0,8948.06,9116.35,30688.176421,2020-06-28 23:59:59.999000 UTC,278721674.9221112,374404,14982.804528,136093615.8190654,0
2020-06-29 00:00:00.000000 UTC,9116.16,9238.0,9024.67,9192.56,42120.293261,2020-06-29 23:59:59.999000 UTC,384206326.4706804,434299,20449.097796,186542867.41056207,0
2020-06-30 00:00:00.000000 UTC,9192.93,9205.0,9064.89,9138.55,31463.162801,2020-06-30 23:59:59.999000 UTC,287781334.51701576,328083,15267.747467,139674651.10276634,0
2020-07-01 00:00:00.000000 UTC,9138.08,9292.0,9080.1,9232.0,38488.528699,2020-07-01 23:59:59.999000 UTC,354087627.1696612,374832,19068.831705,175429466.2892198,0
2020-07-02 00:00:00.000000 UTC,9231.99,9261.96,8940.0,9086.54,45725.168076,2020-07-02 23:59:59.999000 UTC,417724468.8873568,470292,21637.630489,197709875.24815685,0
2020-07-03 00:00:00.000000 UTC,9086.54,9125.0,9037.47,9058.26,28943.420177,2020-07-03 23:59:59.999000 UTC,263123750.4671724,343189,13719.524517,124722413.0676146,0
2020-07-04 00:00:00.000000 UTC,9057.79,9190.0,9040.04,9135.46,26441.968484,2020-07-04 23:59:59.999000 UTC,240576054.91572312,335225,13588.8196,123666216.06517516,0
2020-07-05 00:00:00.000000 UTC,9135.0,9145.24,8893.03,9069.41,34073.653627,2020-07-05 23:59:59.999000 UTC,308410443.6592152,384500,16276.23427,147339875.53843993,0
2020-07-06 00:00:00.000000 UTC,9069.41,9375.0,9055.92,9344.2,54463.132277,2020-07-06 23:59:59.999000 UTC,502548376.20946366,533540,28132.942222,259636973.335946,0
2020-07-07 00:00:00.000000 UTC,9342.47,9379.42,9203.0,9257.39,34587.336678,2020-07-07 23:59:59.999000 UTC,320576525.3553498,433481,16284.849002,150931441.59977534,0
2020-07-08 00:00:00.000000 UTC,9257.4,9470.0,9231.0,9436.06,56140.517781,2020-07-08 23:59:59.999000 UTC,525344876.6999235,652605,28067.680642,262723969.14964065,0
2020-07-09 00:00:00.000000 UTC,9436.06,9440.79,9160.0,9232.43,48044.450645,2020-07-09 23:59:59.999000 UTC,447640493.54432976,575491,22644.915501,210991009.74510145,0
2020-07-10 00:00:00.000000 UTC,9232.42,9317.48,9125.0,9288.34,38295.494006,2020-07-10 23:59:59.999000 UTC,352238898.7694825,525484,18360.613168,168904319.25502697,0
2020-07-11 00:00:00.000000 UTC,9288.34,9299.28,9178.25,9234.03,22561.366,2020-07-11 23:59:59.999000 UTC,208410250.50959367,413452,10815.473293,99921646.88340026,0
2020-07-12 00:00:00.000000 UTC,9234.02,9345.0,9157.5,9302.75,30872.702286,2020-07-12 23:59:59.999000 UTC,285591381.4915314,484875,14980.187704,138584259.00133508,0
2020-07-13 00:00:00.000000 UTC,9303.31,9343.82,9200.89,9242.62,42740.069115,2020-07-13 23:59:59.999000 UTC,396614086.7962699,642552,19689.443337,182734051.9507144,0
2020-07-14 00:00:00.000000 UTC,9242.61,9279.54,9113.0,9255.85,45772.552509,2020-07-14 23:59:59.999000 UTC,421789086.45494735,613139,21666.536951,199673293.75001955,0
2020-07-15 00:00:00.000000 UTC,9255.85,9276.49,9160.57,9197.6,39053.579665,2020-07-15 23:59:59.999000 UTC,360201683.4948052,554780,17977.679747,165822998.03166476,0
2020-07-16 00:00:00.000000 UTC,9197.6,9226.15,9047.25,9133.72,43375.571191,2020-07-16 23:59:59.999000 UTC,395883667.0248003,681807,20410.130009,186271268.49276468,0
2020-07-17 00:00:00.000000 UTC,9133.72,9186.83,9089.81,9154.32,28054.358741,2020-07-17 23:59:59.999000 UTC,256360345.57676795,470991,13397.537805,122434361.70789556,0
2020-07-18 00:00:00.000000 UTC,9154.31,9219.3,9121.1,9170.28,22554.541457,2020-07-18 23:59:59.999000 UTC,206628105.3627889,430377,11502.704829,105387979.46391492,0
2020-07-19 00:00:00.000000 UTC,9170.3,9232.27,9101.35,9208.99,26052.019417,2020-07-19 23:59:59.999000 UTC,238521988.0313255,440449,12873.373493,117870221.4249293,0
2020-07-20 00:00:00.000000 UTC,9208.99,9221.52,9131.0,9160.78,35458.764082,2020-07-20 23:59:59.999000 UTC,325297289.27265835,557096,16527.692886,151623269.70394644,0
2020-07-21 00:00:00.000000 UTC,9160.78,9437.73,9152.8,9390.0,60413.582486,2020-07-21 23:59:59.999000 UTC,563360524.7994282,782959,29470.512051,274802209.580128,0
2020-07-22 00:00:00.000000 UTC,9390.0,9544.0,9261.0,9518.16,48815.004107,2020-07-22 23:59:59.999000 UTC,457776105.6155714,663029,23362.19379,219166005.90788168,0
2020-07-23 00:00:00.000000 UTC,9518.16,9664.0,9440.33,9603.27,51856.2335,2020-07-23 23:59:59.999000 UTC,494282948.7336824,735371,24461.265468,233235064.19448087,0
2020-07-24 00:00:00.000000 UTC,9603.27,9637.0,9463.44,9537.8,43931.136205,2020-07-24 23:59:59.999000 UTC,419240263.5218282,677725,20416.299973,194861143.5855291,0
2020-07-25 00:00:00.000000 UTC,9538.1,9732.9,9513.0,9700.42,40679.545416,2020-07-25 23:59:59.999000 UTC,391431695.7168218,675222,19626.608893,188907762.7521464,0
2020-07-26 00:00:00.000000 UTC,9700.42,10111.0,9650.0,9931.54,65279.269319,2020-07-26 23:59:59.999000 UTC,644607634.4817771,945611,33748.331807,333445554.97564465,0
2020-07-27 00:00:00.000000 UTC,9931.54,11394.86,9917.21,11029.96,150188.933144,2020-07-27 23:59:59.999000 UTC,1580355372.0991795,1901088,76650.610051,806266386.3887894,0
2020-07-28 00:00:00.000000 UTC,11029.96,11242.23,10565.0,10906.27,97267.734187,2020-07-28 23:59:59.999000 UTC,1065375500.1891888,1475636,46575.430534,510271018.989564,0
2020-07-29 00:00:00.000000 UTC,10906.27,11342.82,10812.0,11100.53,76838.094233,2020-07-29 23:59:59.999000 UTC,853242253.6158236,1127302,36218.477065,402507227.0888237,0
2020-07-30 00:00:00.000000 UTC,11100.52,11170.0,10831.0,11099.61,60794.826456,2020-07-30 23:59:59.999000 UTC,669779541.8872833,879960,28272.698765,311567992.0035252,0
2020-07-31 00:00:00.000000 UTC,11099.79,11444.0,10960.0,11335.46,70063.660974,2020-07-31 23:59:59.999000 UTC,786344325.8552314,971584,34068.143365,382632611.4413553,0
2020-08-01 00:00:00.000000 UTC,11335.46,11861.0,11220.0,11801.17,85087.485126,2020-08-01 23:59:59.999000 UTC,987817017.3186324,1174252,40523.733524,470714480.01113474,0
2020-08-02 00:00:00.000000 UTC,11801.17,12123.46,10518.5,11071.35,97553.077604,2020-08-02 23:59:59.999000 UTC,1105757335.5281618,1459900,45974.786415,521934340.8317662,0
2020-08-03 00:00:00.000000 UTC,11071.36,11473.0,10936.0,11219.81,56931.841475,2020-08-03 23:59:59.999000 UTC,641127593.2614517,919185,27133.035136,305554713.93730706,0
2020-08-04 00:00:00.000000 UTC,11219.68,11414.98,11000.0,11191.97,58629.113709,2020-08-04 23:59:59.999000 UTC,658084242.6797222,863692,27861.615661,312734273.7930188,0
2020-08-05 00:00:00.000000 UTC,11191.99,11780.93,11093.0,11744.91,74970.256852,2020-08-05 23:59:59.999000 UTC,861433645.4244397,964637,36130.384551,415113460.07729,0
2020-08-06 00:00:00.000000 UTC,11744.91,11900.0,11562.5,11762.46,63529.08502,2020-08-06 23:59:59.999000 UTC,746479211.7155949,919918,30044.203297,353083043.8420358,0
2020-08-07 00:00:00.000000 UTC,11762.47,11909.94,11322.0,11594.23,65755.926022,2020-08-07 23:59:59.999000 UTC,767005529.2821208,940045,29993.01871,349862123.7491068,0
2020-08-08 00:00:00.000000 UTC,11594.36,11808.27,11512.0,11761.41,41858.16104,2020-08-08 23:59:59.999000 UTC,489087264.3602809,779318,20448.352618,238996465.9277036,0
2020-08-09 00:00:00.000000 UTC,11761.02,11797.11,11521.97,11681.68,41493.067342,2020-08-09 23:59:59.999000 UTC,483708602.8963804,853386,19031.223314,221877538.8072692,0
2020-08-10 00:00:00.000000 UTC,11681.69,12067.35,11450.0,11892.92,84952.337887,2020-08-10 23:59:59.999000 UTC,1009169063.3832128,1340835,42058.722455,499909664.3216917,0
2020-08-11 00:00:00.000000 UTC,11892.9,11935.0,11125.0,11392.08,90748.284634,2020-08-11 23:59:59.999000 UTC,1049615697.1379416,1343979,41221.961009,476990926.57705575,0
2020-08-12 00:00:00.000000 UTC,11392.09,11617.52,11150.0,11564.33,64909.613644,2020-08-12 23:59:59.999000 UTC,743303608.0999826,1104096,30943.672114,354308405.99191445,0
2020-08-13 00:00:00.000000 UTC,11564.34,11792.96,11270.36,11780.0,70132.491502,2020-08-13 23:59:59.999000 UTC,809611114.2132485,1243382,34841.790602,402381474.75042975,0
2020-08-14 00:00:00.000000 UTC,11779.77,11850.0,11634.03,11760.54,59818.852697,2020-08-14 23:59:59.999000 UTC,702273220.6964157,1011746,28464.669553,334192256.65110326,0
2020-08-15 00:00:00.000000 UTC,11760.55,11980.0,11680.0,11852.4,56237.90505,2020-08-15 23:59:59.999000 UTC,667446824.0641296,1018956,27303.966321,324138943.4177591,0
2020-08-16 00:00:00.000000 UTC,11852.4,11931.72,11686.0,11911.0,41368.236906,2020-08-16 23:59:59.999000 UTC,489731524.6369436,790240,19342.045312,229032803.39445427,0
2020-08-17 00:00:00.000000 UTC,11910.99,12468.0,11769.78,12281.13,84734.21154,2020-08-17 23:59:59.999000 UTC,1026883452.894772,1210228,42291.086199,512410754.0903758,0
2020-08-18 00:00:00.000000 UTC,12281.15,12387.77,11817.93,11945.01,75923.835527,2020-08-18 23:59:59.999000 UTC,920402307.1768104,1189390,35954.349975,436020475.31834656,0
2020-08-19 00:00:00.000000 UTC,11945.1,12020.08,11561.0,11754.59,73940.169606,2020-08-19 23:59:59.999000 UTC,870612801.5295693,1258060,34861.135969,410547222.2597808,0
2020-08-20 00:00:00.000000 UTC,11754.38,11888.0,11668.0,11853.55,46085.254351,2020-08-20 23:59:59.999000 UTC,543576025.0485107,798027,21992.907541,259381062.4646288,0
2020-08-21 00:00:00.000000 UTC,11853.54,11878.0,11485.81,11531.34,64448.306142,2020-08-21 23:59:59.999000 UTC,755451999.6540914,1189668,30531.732866,357993659.7185244,0
2020-08-22 00:00:00.000000 UTC,11531.23,11686.0,11376.81,11662.96,43678.701646,2020-08-22 23:59:59.999000 UTC,504305451.410864,809328,21605.070922,249466430.9099906,0
2020-08-23 00:00:00.000000 UTC,11663.51,11718.07,11514.13,11648.13,37900.00469,2020-08-23 23:59:59.999000 UTC,440406018.65187865,627352,18514.627525,215154211.01204568,0
2020-08-24 00:00:00.000000 UTC,11648.12,11824.9,11585.09,11748.2,46212.391867,2020-08-24 23:59:59.999000 UTC,542298951.538298,656584,22780.419488,267322530.4323263,0
2020-08-25 00:00:00.000000 UTC,11748.19,11767.85,11117.64,11318.42,69590.923272,2020-08-25 23:59:59.999000 UTC,797034671.6452801,996668,33126.45198,379562265.5590256,0
2020-08-26 00:00:00.000000 UTC,11318.42,11539.32,11244.0,11461.43,53998.231231,2020-08-26 23:59:59.999000 UTC,615452789.9673375,862654,25622.53674,291999409.36174107,0
2020-08-27 00:00:00.000000 UTC,11461.42,11592.2,11125.0,11330.38,63246.036383,2020-08-27 23:59:59.999000 UTC,717474981.6640126,959270,30793.180668,349359723.857759,0
2020-08-28 00:00:00.000000 UTC,11330.38,11542.65,11276.89,11526.91,45953.908365,2020-08-28 23:59:59.999000 UTC,525606229.654251,719985,21714.202859,248344753.1280814,0
2020-08-29 00:00:00.000000 UTC,11526.9,11580.02,11417.04,11465.84,32973.7992,2020-08-29 23:59:59.999000 UTC,379228275.2707224,611834,15709.309985,180675288.37511048,0
2020-08-30 00:00:00.000000 UTC,11465.84,11719.0,11458.0,11711.16,43177.879054,2020-08-30 23:59:59.999000 UTC,501375342.93503886,756541,22258.115902,258461346.4554627,0
2020-08-31 00:00:00.000000 UTC,11711.17,11800.77,11570.0,11649.51,55353.617744,2020-08-31 23:59:59.999000 UTC,646723855.5714536,822062,26579.940284,310534861.6163953,0
2020-09-01 00:00:00.000000 UTC,11649.51,12050.85,11515.0,11921.97,78148.193668,2020-09-01 23:59:59.999000 UTC,928047313.4889666,1321492,37476.019382,444996773.6683221,0
2020-09-02 00:00:00.000000 UTC,11921.97,11954.57,11160.1,11388.54,87221.845602,2020-09-02 23:59:59.999000 UTC,1005391012.1338753,1373524,39972.309887,460939443.22481513,0
2020-09-03 00:00:00.000000 UTC,11388.54,11462.6,9960.8,10140.85,121950.106015,2020-09-03 23:59:59.999000 UTC,1325106403.3158674,1611610,54266.83286,590230451.1123078,0
2020-09-04 00:00:00.000000 UTC,10138.29,10627.05,9875.5,10446.25,92733.599113,2020-09-04 23:59:59.999000 UTC,959925718.3512752,1434860,42707.834666,442163704.1972196,0
2020-09-05 00:00:00.000000 UTC,10446.25,10565.68,9825.0,10166.69,90001.605568,2020-09-05 23:59:59.999000 UTC,917578408.8761182,1476782,43478.132323,443342852.1870749,0
2020-09-06 00:00:00.000000 UTC,10166.69,10347.14,9994.86,10256.2,56368.788815,2020-09-06 23:59:59.999000 UTC,574903000.2351745,1053192,28033.438827,285904912.75096273,0
2020-09-07 00:00:00.000000 UTC,10255.89,10410.75,9875.0,10373.44,62620.230676,2020-09-07 23:59:59.999000 UTC,634278537.8151095,927363,30576.700673,309796338.5452512,0
2020-09-08 00:00:00.000000 UTC,10373.45,10438.0,9850.0,10126.65,73491.878418,2020-09-08 23:59:59.999000 UTC,742947901.9712393,1048125,34410.81447,348048428.8837256,0
2020-09-09 00:00:00.000000 UTC,10126.66,10343.0,9981.01,10219.2,49347.113776,2020-09-09 23:59:59.999000 UTC,503082625.2147909,755560,23815.412427,242759702.91500348,0
2020-09-10 00:00:00.000000 UTC,10219.29,10483.35,10070.83,10336.87,58253.75375,2020-09-10 23:59:59.999000 UTC,602390078.4922807,851877,27690.112498,286362452.83931565,0
2020-09-11 00:00:00.000000 UTC,10336.86,10397.6,10200.0,10387.89,43830.254467,2020-09-11 23:59:59.999000 UTC,451241002.66033614,637869,21231.610727,218592078.0289088,0
2020-09-12 00:00:00.000000 UTC,10387.89,10477.97,10269.25,10440.92,35379.153096,2020-09-12 23:59:59.999000 UTC,366912671.4437269,577724,17560.768885,182148657.45690608,0
2020-09-13 00:00:00.000000 UTC,10440.67,10580.11,10200.0,10332.83,43837.609865,2020-09-13 23:59:59.999000 UTC,455338605.3291489,692439,20785.517328,215965189.3161275,0
2020-09-14 00:00:00.000000 UTC,10332.84,10750.0,10212.34,10671.77,67059.291361,2020-09-14 23:59:59.999000 UTC,706175591.3866128,828957,31880.363157,335719021.0389044,0
2020-09-15 00:00:00.000000 UTC,10671.77,10930.04,10606.48,10785.31,61822.452786,2020-09-15 23:59:59.999000 UTC,666457161.1491377,893852,29744.087277,320640236.4058763,0
2020-09-16 00:00:00.000000 UTC,10785.23,11093.0,10661.22,10954.01,64991.51244,2020-09-16 23:59:59.999000 UTC,708644989.4830699,884153,31740.511691,346117690.57309234,0
2020-09-17 00:00:00.000000 UTC,10954.01,11045.46,10745.83,10939.99,55601.614529,2020-09-17 23:59:59.999000 UTC,605010288.7799246,829137,27029.927035,294147097.61187047,0
2020-09-18 00:00:00.000000 UTC,10940.0,11038.03,10812.84,10933.39,47266.728275,2020-09-18 23:59:59.999000 UTC,516147935.6692284,717371,23044.919886,251654627.23674527,0
2020-09-19 00:00:00.000000 UTC,10933.4,11179.79,10887.37,11080.65,38440.036858,2020-09-19 23:59:59.999000 UTC,423651901.1577304,620127,19923.059267,219623766.3129781,0
2020-09-20 00:00:00.000000 UTC,11080.64,11080.64,10723.0,10920.28,39157.922565,2020-09-20 23:59:59.999000 UTC,426815210.7555122,646329,19437.694363,211845335.515648,0
2020-09-21 00:00:00.000000 UTC,10920.28,10988.86,10296.35,10417.22,70683.431179,2020-09-21 23:59:59.999000 UTC,751020795.2358837,1028531,33628.930589,357346575.1690184,0
2020-09-22 00:00:00.000000 UTC,10417.22,10572.71,10353.0,10529.61,43991.235476,2020-09-22 23:59:59.999000 UTC,460362500.7284081,738576,21497.461589,224981251.3286805,0
2020-09-23 00:00:00.000000 UTC,10529.61,10537.15,10136.82,10241.46,51876.568079,2020-09-23 23:59:59.999000 UTC,539362015.157462,774391,25012.706819,260045385.6515704,0
2020-09-24 00:00:00.000000 UTC,10241.46,10795.24,10190.93,10736.32,57676.619427,2020-09-24 23:59:59.999000 UTC,604520870.055638,789282,27946.804325,292936072.9870462,0
2020-09-25 00:00:00.000000 UTC,10736.33,10760.53,10556.24,10686.67,48101.117008,2020-09-25 23:59:59.999000 UTC,512647249.14932007,733430,23566.330337,251168863.9271173,0
2020-09-26 00:00:00.000000 UTC,10686.57,10820.94,10644.68,10728.6,28420.836659,2020-09-26 23:59:59.999000 UTC,304511477.68085533,502670,14314.531345,153391173.49799377,0
2020-09-27 00:00:00.000000 UTC,10728.59,10799.0,10594.82,10774.25,30549.483253,2020-09-27 23:59:59.999000 UTC,327169249.4549957,516004,15101.03977,161737536.90897185,0
2020-09-28 00:00:00.000000 UTC,10774.26,10950.0,10626.0,10696.12,50095.251734,2020-09-28 23:59:59.999000 UTC,544463219.5978093,686664,25219.073315,274111924.66132486,0
2020-09-29 00:00:00.000000 UTC,10696.11,10867.54,10635.87,10840.48,41874.898399,2020-09-29 23:59:59.999000 UTC,449345822.46022886,587576,19896.076209,213544159.8565941,0
2020-09-30 00:00:00.000000 UTC,10840.58,10849.34,10665.13,10776.59,39596.027322,2020-09-30 23:59:59.999000 UTC,425279696.28526336,595383,18712.059711,200976719.4408508,0
2020-10-01 00:00:00.000000 UTC,10776.59,10920.0,10437.0,10619.13,60866.332893,2020-10-01 23:59:59.999000 UTC,652168989.4617349,794855,28449.975103,304779535.3819748,0
2020-10-02 00:00:00.000000 UTC,10619.13,10664.64,10374.0,10570.4,50130.393705,2020-10-02 23:59:59.999000 UTC,526864379.3093653,777193,24123.902545,253507685.50358704,0
2020-10-03 00:00:00.000000 UTC,10570.4,10603.56,10496.46,10542.06,22298.221341,2020-10-03 23:59:59.999000 UTC,235160884.6085361,381329,10752.462882,113392722.762172,0
2020-10-04 00:00:00.000000 UTC,10542.07,10696.87,10517.87,10666.63,23212.001595,2020-10-04 23:59:59.999000 UTC,246252050.9068108,377553,12123.27565,128619845.13152088,0
2020-10-05 00:00:00.000000 UTC,10666.62,10798.0,10615.64,10792.21,34025.761653,2020-10-05 23:59:59.999000 UTC,364158510.2379805,483340,15551.584387,166457546.86846152,0
2020-10-06 00:00:00.000000 UTC,10792.2,10800.0,10525.0,10599.66,48674.740471,2020-10-06 23:59:59.999000 UTC,520051256.0821992,734526,23189.6899,247740447.636706,0
2020-10-07 00:00:00.000000 UTC,10599.65,10681.87,10546.17,10666.39,32811.990279,2020-10-07 23:59:59.999000 UTC,348298562.85686266,503440,15783.355684,167548410.82933536,0
2020-10-08 00:00:00.000000 UTC,10666.4,10950.0,10530.41,10925.57,51959.691572,2020-10-08 23:59:59.999000 UTC,559311760.4414803,659291,26482.599529,285240420.957764,0
2020-10-09 00:00:00.000000 UTC,10925.44,11104.64,10829.0,11050.64,48240.073237,2020-10-09 23:59:59.999000 UTC,530822321.5162346,635681,25658.631396,282409996.0093115,0
2020-10-10 00:00:00.000000 UTC,11050.64,11491.0,11050.51,11293.22,43648.036943,2020-10-10 23:59:59.999000 UTC,494785212.2308736,698561,22807.204651,258432465.7904096,0
2020-10-11 00:00:00.000000 UTC,11293.22,11445.0,11221.0,11369.02,29043.851339,2020-10-11 23:59:59.999000 UTC,329927755.03808504,509714,14470.444269,164384653.13411286,0
2020-10-12 00:00:00.000000 UTC,11369.02,11720.01,11172.0,11528.25,52825.28371,2020-10-12 23:59:59.999000 UTC,604779845.7920177,740823,26865.929321,307665447.3392344,0
2020-10-13 00:00:00.000000 UTC,11528.24,11557.0,11300.0,11420.56,42205.283709,2020-10-13 23:59:59.999000 UTC,482663390.7240357,618262,19346.158605,221257357.56527472,0
2020-10-14 00:00:00.000000 UTC,11420.57,11547.98,11280.0,11417.89,41415.106015,2020-10-14 23:59:59.999000 UTC,472007015.72093433,590025,19070.057307,217375960.3109474,0
2020-10-15 00:00:00.000000 UTC,11417.89,11617.34,11250.83,11505.12,48760.717679,2020-10-15 23:59:59.999000 UTC,556436445.5576282,662386,24019.237669,274171016.90668136,0
2020-10-16 00:00:00.000000 UTC,11505.13,11541.15,11200.0,11319.32,48797.749502,2020-10-16 23:59:59.999000 UTC,553211001.6122569,693210,22821.593484,258752919.3322408,0
2020-10-17 00:00:00.000000 UTC,11319.24,11402.42,11255.0,11360.2,22368.915241,2020-10-17 23:59:59.999000 UTC,253582775.96265447,365973,10318.024614,116996094.14462668,0
2020-10-18 00:00:00.000000 UTC,11360.31,11505.0,11346.22,11503.14,23284.041191,2020-10-18 23:59:59.999000 UTC,266150824.34809864,346946,12396.127099,141743879.128419,0
2020-10-19 00:00:00.000000 UTC,11503.14,11823.99,11407.96,11751.47,47414.534692,2020-10-19 23:59:59.999000 UTC,550728683.7992793,650960,24716.395136,287236347.5490607,0
2020-10-20 00:00:00.000000 UTC,11751.46,12038.38,11677.59,11909.99,62134.750663,2020-10-20 23:59:59.999000 UTC,737425592.0819716,906111,31911.708832,378905888.9600628,0
2020-10-21 00:00:00.000000 UTC,11910.0,13217.68,11886.95,12780.96,114584.456767,2020-10-21 23:59:59.999000 UTC,1437122186.6339953,1453620,59033.671756,740274649.2807958,0
2020-10-22 00:00:00.000000 UTC,12780.75,13185.0,12678.08,12968.52,70038.824144,2020-10-22 23:59:59.999000 UTC,905778888.8702904,1035811,33259.495044,430203750.0189252,0
2020-10-23 00:00:00.000000 UTC,12968.84,13027.69,12720.08,12923.07,50386.999841,2020-10-23 23:59:59.999000 UTC,650680239.1101469,699313,24685.925495,318827712.1982008,0
2020-10-24 00:00:00.000000 UTC,12923.06,13166.73,12870.0,13111.73,35952.20907,2020-10-24 23:59:59.999000 UTC,468299521.7696653,536821,18382.744579,239455378.09125665,0
2020-10-25 00:00:00.000000 UTC,13111.73,13350.0,12888.0,13028.83,38481.579504,2020-10-25 23:59:59.999000 UTC,502672049.2290516,610498,17988.7671,235115943.82713217,0
2020-10-26 00:00:00.000000 UTC,13029.64,13238.81,12765.0,13052.19,60951.672986,2020-10-26 23:59:59.999000 UTC,794395722.4533454,818144,29609.994698,385986654.6578821,0
2020-10-27 00:00:00.000000 UTC,13052.15,13789.29,13019.87,13636.17,80811.01945,2020-10-27 23:59:59.999000 UTC,1085403903.1259663,1003615,39833.890541,534896062.83588016,0
2020-10-28 00:00:00.000000 UTC,13636.16,13859.48,12888.0,13266.4,94440.561226,2020-10-28 23:59:59.999000 UTC,1263487952.9951568,1234511,43387.692275,580505216.8726094,0
2020-10-29 00:00:00.000000 UTC,13266.4,13642.91,12920.77,13455.7,74872.602132,2020-10-29 23:59:59.999000 UTC,997867948.8609744,1008433,37203.245658,495772429.354768,0
2020-10-30 00:00:00.000000 UTC,13455.69,13669.98,13115.0,13560.1,70657.778881,2020-10-30 23:59:59.999000 UTC,946818817.5575092,1060387,34438.58889,461667557.3935712,0
2020-10-31 00:00:00.000000 UTC,13560.1,14100.0,13411.5,13791.0,67339.238515,2020-10-31 23:59:59.999000 UTC,927048458.5423616,1022202,35823.22565,493309455.8389813,0
2020-11-01 00:00:00.000000 UTC,13791.0,13895.0,13603.0,13761.5,36285.648526,2020-11-01 23:59:59.999000 UTC,499124369.0753264,606248,17839.54476,245432626.6153179,0
2020-11-02 00:00:00.000000 UTC,13761.49,13830.0,13195.05,13549.37,64566.421908,2020-11-02 23:59:59.999000 UTC,873629993.8313928,869850,29243.233664,395698601.61694086,0
2020-11-03 00:00:00.000000 UTC,13549.63,14066.11,13284.99,14023.53,74115.630787,2020-11-03 23:59:59.999000 UTC,1009402087.7104616,1052569,38332.71333,522431362.8878825,0
2020-11-04 00:00:00.000000 UTC,14023.53,14259.0,13525.0,14144.01,93016.988262,2020-11-04 23:59:59.999000 UTC,1293872665.4179618,1212959,45333.661596,630831907.0732926,0
2020-11-05 00:00:00.000000 UTC,14144.01,15750.0,14093.56,15590.02,143741.522673,2020-11-05 23:59:59.999000 UTC,2131865609.2908912,1736055,72196.127118,1071067716.594869,0
2020-11-06 00:00:00.000000 UTC,15590.02,15960.0,15166.0,15579.92,122618.197695,2020-11-06 23:59:59.999000 UTC,1909660728.8229203,1654968,58528.760533,911733812.2792956,0
2020-11-07 00:00:00.000000 UTC,15579.93,15753.52,14344.22,14818.3,101431.206553,2020-11-07 23:59:59.999000 UTC,1536510177.0914736,1557021,46204.870621,700220031.3003472,0
2020-11-08 00:00:00.000000 UTC,14818.3,15650.0,14703.88,15475.1,65547.178574,2020-11-08 23:59:59.999000 UTC,998031373.8397804,998773,31175.660892,474978556.3893792,0
2020-11-09 00:00:00.000000 UTC,15475.1,15840.0,14805.54,15328.41,108976.334134,2020-11-09 23:59:59.999000 UTC,1670447935.5141788,1505441,51350.446641,787324390.7670984,0
2020-11-10 00:00:00.000000 UTC,15328.41,15460.0,15072.46,15297.21,61681.919606,2020-11-10 23:59:59.999000 UTC,943615126.0891504,1093466,28945.766567,442891690.0126002,0
2020-11-11 00:00:00.000000 UTC,15297.21,15965.0,15272.68,15684.24,78469.746458,2020-11-11 23:59:59.999000 UTC,1226425496.3618553,1247167,40030.002173,625865373.3783411,0
2020-11-12 00:00:00.000000 UTC,15684.25,16340.7,15440.64,16291.86,102196.356592,2020-11-12 23:59:59.999000 UTC,1628755508.6741984,1472049,50444.978874,804204066.4386283,0
2020-11-13 00:00:00.000000 UTC,16291.85,16480.0,15952.35,16320.7,75691.881014,2020-11-13 23:59:59.999000 UTC,1230358611.1248891,1208773,35301.73094,574048021.7365239,0
2020-11-14 00:00:00.000000 UTC,16320.04,16326.99,15670.0,16070.45,59116.347179,2020-11-14 23:59:59.999000 UTC,944765868.609419,931424,27724.767801,443001467.2233794,0
2020-11-15 00:00:00.000000 UTC,16069.56,16180.0,15774.72,15957.0,43596.841513,2020-11-15 23:59:59.999000 UTC,696651729.7452534,854441,20853.270846,333239080.6418138,0
2020-11-16 00:00:00.000000 UTC,15957.0,16880.0,15864.0,16713.57,81300.675924,2020-11-16 23:59:59.999000 UTC,1335728013.9057603,1202386,41370.213659,679593360.6495738,0
2020-11-17 00:00:00.000000 UTC,16713.08,17858.82,16538.0,17659.38,115221.403102,2020-11-17 23:59:59.999000 UTC,1982752071.450512,1646652,58262.062597,1003081009.6160429,0
2020-11-18 00:00:00.000000 UTC,17659.38,18476.93,17214.45,17776.12,149019.788134,2020-11-18 23:59:59.999000 UTC,2663337935.5002985,2091832,73412.736278,1312369471.6524818,0
2020-11-19 00:00:00.000000 UTC,17777.75,18179.8,17335.65,17802.82,93009.561008,2020-11-19 23:59:59.999000 UTC,1656794228.8537636,1513304,45376.577851,808306886.9741908,0
2020-11-20 00:00:00.000000 UTC,17802.81,18815.22,17740.04,18655.67,88423.018489,2020-11-20 23:59:59.999000 UTC,1623135138.5910714,1444692,43549.51207,799574963.8058717,0
2020-11-21 00:00:00.000000 UTC,18655.66,18965.9,18308.58,18703.8,75577.458394,2020-11-21 23:59:59.999000 UTC,1413641591.284171,1451352,36788.094693,688352207.1131533,0
2020-11-22 00:00:00.000000 UTC,18703.8,18750.0,17610.86,18414.43,81645.737778,2020-11-22 23:59:59.999000 UTC,1497662550.0540428,1528524,39164.42638,718709271.1371768,0
2020-11-23 00:00:00.000000 UTC,18413.88,18766.0,18000.0,18368.0,82961.506093,2020-11-23 23:59:59.999000 UTC,1529064319.6694436,1629379,39611.360617,730350629.7170511,0
2020-11-24 00:00:00.000000 UTC,18368.01,19418.97,18018.0,19160.01,113581.509241,2020-11-24 23:59:59.999000 UTC,2145301450.4579408,2179862,58179.200882,1098976481.1257048,0
2020-11-25 00:00:00.000000 UTC,19160.0,19484.21,18500.27,18719.11,93266.576887,2020-11-25 23:59:59.999000 UTC,1774870796.2882328,1785408,44575.076758,848724583.3300526,0
2020-11-26 00:00:00.000000 UTC,18718.83,18915.03,16188.0,17149.47,181005.246693,2020-11-26 23:59:59.999000 UTC,3127314143.1045747,2770483,84478.809131,1459155975.9531505,0
2020-11-27 00:00:00.000000 UTC,17149.47,17457.62,16438.08,17139.52,85297.024787,2020-11-27 23:59:59.999000 UTC,1446670351.435088,1572299,42507.358433,720985570.3407376,0
2020-11-28 00:00:00.000000 UTC,17139.53,17880.49,16865.56,17719.85,64910.69997,2020-11-28 23:59:59.999000 UTC,1128061605.107225,1209385,31785.706898,552044705.3606101,0
2020-11-29 00:00:00.000000 UTC,17719.84,18360.05,17517.0,18184.99,55329.016303,2020-11-29 23:59:59.999000 UTC,996743798.8649216,1141289,27883.985296,502287686.119384,0
2020-11-30 00:00:00.000000 UTC,18185.0,19863.16,18184.99,19695.87,115463.466888,2020-11-30 23:59:59.999000 UTC,2205929119.505336,1744149,61033.414903,1166943549.1842444,0
2020-12-01 00:00:00.000000 UTC,19695.87,19888.0,18001.12,18764.96,127698.762652,2020-12-01 23:59:59.999000 UTC,2446070334.8287983,2023802,63805.392898,1223282816.3192167,0
2020-12-02 00:00:00.000000 UTC,18764.96,19342.0,18330.0,19204.09,75911.013478,2020-12-02 23:59:59.999000 UTC,1436895344.8259497,1566635,36421.690398,689901298.5700688,0
2020-12-03 00:00:00.000000 UTC,19204.08,19598.0,18867.2,19421.9,66689.391279,2020-12-03 23:59:59.999000 UTC,1286548310.8267057,1242229,33868.341698,653783366.9045953,0
2020-12-04 00:00:00.000000 UTC,19422.34,19527.0,18565.31,18650.52,71283.6682,2020-12-04 23:59:59.999000 UTC,1358079975.025498,1286657,32363.453715,616745259.3145112,0
2020-12-05 00:00:00.000000 UTC,18650.51,19177.0,18500.0,19147.66,42922.748573,2020-12-05 23:59:59.999000 UTC,813445434.1308142,932124,21360.260281,405002656.06997126,0
2020-12-06 00:00:00.000000 UTC,19147.66,19420.0,18857.0,19359.4,37043.091861,2020-12-06 23:59:59.999000 UTC,709558933.5829058,820382,19009.407663,364303500.9570982,0
2020-12-07 00:00:00.000000 UTC,19358.67,19420.91,18902.88,19166.9,41372.296293,2020-12-07 23:59:59.999000 UTC,793517668.6839459,840954,18881.806014,362249650.0534163,0
2020-12-08 00:00:00.000000 UTC,19166.9,19294.84,18200.0,18324.11,61626.947614,2020-12-08 23:59:59.999000 UTC,1160658077.404659,1143181,27811.37851,524064471.55038375,0
2020-12-09 00:00:00.000000 UTC,18324.11,18639.57,17650.0,18541.28,79585.553801,2020-12-09 23:59:59.999000 UTC,1450130664.0645845,1302476,36809.009287,671042442.4745308,0
2020-12-10 00:00:00.000000 UTC,18541.29,18557.32,17911.12,18254.63,52890.675094,2020-12-10 23:59:59.999000 UTC,966149529.000607,891151,25604.608069,467840780.52674687,0
2020-12-11 00:00:00.000000 UTC,18254.81,18292.73,17572.33,18036.53,72610.724259,2020-12-11 23:59:59.999000 UTC,1301081647.3079,1117810,34194.988471,612882050.9167273,0
2020-12-12 00:00:00.000000 UTC,18036.53,18948.66,18020.7,18808.69,49519.978432,2020-12-12 23:59:59.999000 UTC,915552835.9061832,891810,26056.332648,481756117.716001,0
2020-12-13 00:00:00.000000 UTC,18808.69,19411.0,18711.12,19174.99,56560.821744,2020-12-13 23:59:59.999000 UTC,1083520569.094854,938022,29593.4651,566907850.6233119,0
2020-12-14 00:00:00.000000 UTC,19174.99,19349.0,19000.0,19273.14,47257.201294,2020-12-14 23:59:59.999000 UTC,906101687.739595,842382,22657.463401,434506325.32761055,0
2020-12-15 00:00:00.000000 UTC,19273.69,19570.0,19050.0,19426.43,61834.366011,2020-12-15 23:59:59.999000 UTC,1196361527.9258018,1046423,31194.160849,603826364.4139218,0
2020-12-16 00:00:00.000000 UTC,19426.43,21560.0,19278.6,21335.52,114306.33557,2020-12-16 23:59:59.999000 UTC,2325135958.641841,1659135,61245.262375,1245917122.172021,0
2020-12-17 00:00:00.000000 UTC,21335.52,23800.0,21230.0,22797.16,184882.476748,2020-12-17 23:59:59.999000 UTC,4196645567.4258766,2795084,92409.405079,2097021808.6295657,0
2020-12-18 00:00:00.000000 UTC,22797.15,23285.18,22350.0,23107.39,79646.134315,2020-12-18 23:59:59.999000 UTC,1820875361.2945976,1613775,38359.302158,877296889.5114686,0
2020-12-19 00:00:00.000000 UTC,23107.39,24171.47,22750.0,23821.61,86045.064677,2020-12-19 23:59:59.999000 UTC,2018969878.8868675,1678611,42709.111498,1002105538.8592924,0
2020-12-20 00:00:00.000000 UTC,23821.6,24295.0,23060.0,23455.52,76690.145685,2020-12-20 23:59:59.999000 UTC,1810862074.730308,1743225,37124.115358,877166936.6057343,0
2020-12-21 00:00:00.000000 UTC,23455.54,24102.77,21815.0,22719.71,88030.297243,2020-12-21 23:59:59.999000 UTC,2035446293.9289708,1593949,41983.046103,971417184.6896445,0
2020-12-22 00:00:00.000000 UTC,22719.88,23837.1,22353.4,23810.79,87033.12616,2020-12-22 23:59:59.999000 UTC,2010758620.2435267,1496277,42681.326708,986428672.7376072,0
2020-12-23 00:00:00.000000 UTC,23810.79,24100.0,22600.0,23232.76,119047.259733,2020-12-23 23:59:59.999000 UTC,2797688007.0718794,2194611,56660.201961,1332358610.2684052,0
2020-12-24 00:00:00.000000 UTC,23232.39,23794.43,22703.42,23729.2,69013.834252,2020-12-24 23:59:59.999000 UTC,1602394244.0767715,1421257,35789.111319,831484211.6986718,0
2020-12-25 00:00:00.000000 UTC,23728.99,24789.86,23433.6,24712.47,79519.943569,2020-12-25 23:59:59.999000 UTC,1919766316.6677368,1504426,41219.088164,995215944.572568,0
2020-12-26 00:00:00.000000 UTC,24712.47,26867.03,24500.0,26493.39,97806.513386,2020-12-26 23:59:59.999000 UTC,2496533065.175581,1735574,49839.034072,1272279529.8870606,0
2020-12-27 00:00:00.000000 UTC,26493.4,28422.0,25700.0,26281.66,148455.586214,2020-12-27 23:59:59.999000 UTC,4028928683.882025,2438493,72649.340484,1972635486.1835065,0
2020-12-28 00:00:00.000000 UTC,26281.54,27500.0,26101.0,27079.41,79721.742496,2020-12-28 23:59:59.999000 UTC,2151806808.5743523,1508204,37895.345621,1023061029.3655896,0
2020-12-29 00:00:00.000000 UTC,27079.42,27410.0,25880.0,27385.0,69411.592606,2020-12-29 23:59:59.999000 UTC,1851617219.7682345,1605166,34276.922601,914954320.8347604,0
2020-12-30 00:00:00.000000 UTC,27385.0,28996.0,27320.0,28875.54,95356.057826,2020-12-30 23:59:59.999000 UTC,2683953237.460271,1916095,48057.906366,1352877359.6514735,0
2020-12-31 00:00:00.000000 UTC,28875.55,29300.0,27850.0,28923.63,75508.505152,2020-12-31 23:59:59.999000 UTC,2173600125.420073,1552793,36431.62208,1049389143.5562063,0
2021-01-01 00:00:00.000000 UTC,28923.63,29600.0,28624.57,29331.69,54182.925011,2021-01-01 23:59:59.999000 UTC,1582526989.1618726,1314910,27455.801725,802247744.5451041,0
2021-01-02 00:00:00.000000 UTC,29331.7,33300.0,28946.53,32178.33,129993.873362,2021-01-02 23:59:59.999000 UTC,4073842163.6715407,2245922,67446.305246,2110334723.8871453,0
2021-01-03 00:00:00.000000 UTC,32176.45,34778.11,31962.99,33000.05,120957.56675,2021-01-03 23:59:59.999000 UTC,4057598425.492016,2369698,59750.332871,2004428433.9318464,0
2021-01-04 00:00:00.000000 UTC,33000.05,33600.0,28130.0,31988.71,140899.88569,2021-01-04 23:59:59.999000 UTC,4429010349.695345,2642408,69088.46923,2173435409.016988,0
2021-01-05 00:00:00.000000 UTC,31989.75,34360.0,29900.0,33949.53,116049.997038,2021-01-05 23:59:59.999000 UTC,3743617144.6469154,2526851,59691.754755,1927195093.6415496,0
2021-01-06 00:00:00.000000 UTC,33949.53,36939.21,33288.0,36769.36,127139.20131,2021-01-06 23:59:59.999000 UTC,4431954248.519614,2591783,63052.914652,2199632470.221549,0
2021-01-07 00:00:00.000000 UTC,36769.36,40365.0,36300.0,39432.28,132825.700437,2021-01-07 23:59:59.999000 UTC,5062569943.383372,2814686,65055.107136,2482583239.856497,0
2021-01-08 00:00:00.000000 UTC,39432.48,41950.0,36500.0,40582.81,139789.957499,2021-01-08 23:59:59.999000 UTC,5568443208.731365,2925632,67300.155216,2684975445.9789047,0
2021-01-09 00:00:00.000000 UTC,40586.96,41380.0,38720.0,40088.22,75785.979675,2021-01-09 23:59:59.999000 UTC,3054779029.161777,1998156,37007.321909,1491990705.551699,0
2021-01-10 00:00:00.000000 UTC,40088.22,41350.0,35111.11,38150.02,118209.544503,2021-01-10 23:59:59.999000 UTC,4604034729.507071,2628050,55451.344673,2160976896.828028,0
2021-01-11 00:00:00.000000 UTC,38150.02,38264.74,30420.0,35404.47,251156.138287,2021-01-11 23:59:59.999000 UTC,8497730017.898505,4472957,123241.588782,4171891522.0567856,0
2021-01-12 00:00:00.000000 UTC,35410.37,36628.0,32531.0,34051.24,133948.151996,2021-01-12 23:59:59.999000 UTC,4651302423.484116,2674145,65098.310196,2261732478.830052,0
2021-01-13 00:00:00.000000 UTC,34049.15,37850.0,32380.0,37371.38,124477.914938,2021-01-13 23:59:59.999000 UTC,4322876606.419625,2514289,63981.038306,2222872691.371912,0
2021-01-14 00:00:00.000000 UTC,37371.38,40100.0,36701.23,39144.5,102950.389421,2021-01-14 23:59:59.999000 UTC,3974826638.1450887,2297466,51264.467092,1979442593.05,0
2021-01-15 00:00:00.000000 UTC,39145.21,39747.76,34408.0,36742.22,118300.920916,2021-01-15 23:59:59.999000 UTC,4371588898.681637,2560801,57738.03422,2133723812.7598624,0
2021-01-16 00:00:00.000000 UTC,36737.43,37950.0,35357.8,35994.98,86348.431508,2021-01-16 23:59:59.999000 UTC,3178840336.1492844,2066363,42420.423736,1563160122.0113344,0
2021-01-17 00:00:00.000000 UTC,35994.98,36852.5,33850.0,35828.61,80157.727384,2021-01-17 23:59:59.999000 UTC,2843103040.240664,1860642,39513.638561,1402648632.851225,0
2021-01-18 00:00:00.000000 UTC,35824.99,37469.83,34800.0,36631.27,70698.11875,2021-01-18 23:59:59.999000 UTC,2554843260.524399,1707766,35621.506048,1289347187.1665287,0
2021-01-19 00:00:00.000000 UTC,36622.46,37850.0,35844.06,35891.49,79611.307769,2021-01-19 23:59:59.999000 UTC,2935348499.344214,1939371,38704.68162,1428235709.8519692,0
2021-01-20 00:00:00.000000 UTC,35901.94,36415.31,33400.0,35468.23,89368.422918,2021-01-20 23:59:59.999000 UTC,3126721093.520776,2234539,42546.634077,1489289968.43647,0
2021-01-21 00:00:00.000000 UTC,35468.23,35600.0,30071.0,30850.13,135004.076658,2021-01-21 23:59:59.999000 UTC,4386783586.504226,2881505,63256.210448,2057240516.6191928,0
2021-01-22 00:00:00.000000 UTC,30851.99,33826.53,28850.0,32945.17,142971.684049,2021-01-22 23:59:59.999000 UTC,4483295872.022273,2707810,70150.188455,2201161570.4986706,0
2021-01-23 00:00:00.000000 UTC,32950.0,33456.0,31390.16,32078.0,64595.287675,2021-01-23 23:59:59.999000 UTC,2089098295.758437,1700056,32680.776128,1057114174.5522273,0
2021-01-24 00:00:00.000000 UTC,32078.0,33071.0,30900.0,32259.9,57978.037966,2021-01-24 23:59:59.999000 UTC,1864609665.3657017,1528287,27826.119197,895721122.0169544,0
2021-01-25 00:00:00.000000 UTC,32259.45,34875.0,31910.0,32254.2,88499.226921,2021-01-25 23:59:59.999000 UTC,2958759288.5635686,2106548,44489.524132,1488432034.4924214,0
2021-01-26 00:00:00.000000 UTC,32254.19,32921.88,30837.37,32467.77,84972.20691,2021-01-26 23:59:59.999000 UTC,2708545364.494641,2010392,42402.312917,1352678098.8663208,0
2021-01-27 00:00:00.000000 UTC,32464.01,32557.29,29241.72,30366.15,95911.961711,2021-01-27 23:59:59.999000 UTC,2958081421.641559,2065953,46664.381638,1440079785.1205118,0
2021-01-28 00:00:00.000000 UTC,30362.19,33783.98,29842.1,33364.86,92621.145617,2021-01-28 23:59:59.999000 UTC,2953553214.065681,2060660,46067.782326,1468956156.4850712,0
2021-01-29 00:00:00.000000 UTC,33368.18,38531.9,31915.4,34252.2,231827.005626,2021-01-29 23:59:59.999000 UTC,8195593336.228466,4403349,116537.247847,4121941033.637325,0
2021-01-30 00:00:00.000000 UTC,34246.28,34933.0,32825.0,34262.88,84889.68134,2021-01-30 23:59:59.999000 UTC,2884500062.9380784,2201040,42418.467099,1441981400.653638,0
2021-01-31 00:00:00.000000 UTC,34262.89,34342.69,32171.67,33092.98,68742.280384,2021-01-31 23:59:59.999000 UTC,2289641045.7580123,1707064,32480.447358,1082502551.5205712,0
2021-02-01 00:00:00.000000 UTC,33092.97,34717.27,32296.16,33526.37,82718.276882,2021-02-01 23:59:59.999000 UTC,2791776658.0056057,1810492,41855.841486,1413158966.728098,0
2021-02-02 00:00:00.000000 UTC,33517.09,35984.33,33418.0,35466.24,78056.65988,2021-02-02 23:59:59.999000 UTC,2716321896.3176084,1789672,39216.563106,1364790964.6368997,0
2021-02-03 00:00:00.000000 UTC,35472.71,37662.63,35362.38,37618.87,80784.333663,2021-02-03 23:59:59.999000 UTC,2951232788.1843047,1881740,39863.07506,1456248046.1419172,0
2021-02-04 00:00:00.000000 UTC,37620.26,38708.27,36161.95,36936.66,92080.735898,2021-02-04 23:59:59.999000 UTC,3452669022.153292,2211866,45516.21369,1707710013.8895383,0
2021-02-05 00:00:00.000000 UTC,36936.65,38310.12,36570.0,38290.24,66681.334275,2021-02-05 23:59:59.999000 UTC,2509278291.7515864,1853253,32756.385031,1232713879.8381383,0
2021-02-06 00:00:00.000000 UTC,38289.32,40955.51,38215.94,39186.94,98757.311183,2021-02-06 23:59:59.999000 UTC,3922095148.92815,2291646,52015.513362,2065180747.347224,0
2021-02-07 00:00:00.000000 UTC,39181.01,39700.0,37351.0,38795.69,84363.679763,2021-02-07 23:59:59.999000 UTC,3256521384.2406106,1976357,40764.388959,1574482907.563902,0
2021-02-08 00:00:00.000000 UTC,38795.69,46794.45,37988.89,46374.87,138597.536914,2021-02-08 23:59:59.999000 UTC,5881536976.635699,3230961,72345.891568,3069313839.441136,0
2021-02-09 00:00:00.000000 UTC,46374.86,48142.19,44961.09,46420.42,115499.861712,2021-02-09 23:59:59.999000 UTC,5386255398.017187,3119034,57429.564347,2679451036.491804,0
2021-02-10 00:00:00.000000 UTC,46420.42,47310.0,43727.0,44807.58,97154.1822,2021-02-10 23:59:59.999000 UTC,4431650130.251104,2891592,47971.985731,2190231238.817587,0
2021-02-11 00:00:00.000000 UTC,44807.58,48678.9,43994.02,47969.51,89561.081454,2021-02-11 23:59:59.999000 UTC,4185630934.4108953,2570949,46138.33674,2158335922.692324,0
2021-02-12 00:00:00.000000 UTC,47968.66,48985.8,46125.0,47287.6,85870.035697,2021-02-12 23:59:59.999000 UTC,4080571908.967661,2418841,41841.039135,1990472918.9285848,0
2021-02-13 00:00:00.000000 UTC,47298.15,48150.0,46202.53,47153.69,63768.097399,2021-02-13 23:59:59.999000 UTC,3007710147.41816,2058823,30996.309859,1462495399.9928117,0
2021-02-14 00:00:00.000000 UTC,47156.78,49707.43,47014.17,48577.79,73735.475533,2021-02-14 23:59:59.999000 UTC,3584808348.834733,2090070,38752.156681,1884009921.0628607,0
2021-02-15 00:00:00.000000 UTC,48580.47,49010.92,45570.79,47911.1,79398.156784,2021-02-15 23:59:59.999000 UTC,3782219060.6647215,2313155,38176.364661,1819251655.7814271,0
2021-02-16 00:00:00.000000 UTC,47911.1,50689.18,47003.62,49133.45,88813.266298,2021-02-16 23:59:59.999000 UTC,4349983777.692368,2199849,45608.603838,2236524604.988356,0
2021-02-17 00:00:00.000000 UTC,49133.45,52618.74,48947.0,52119.71,85743.637818,2021-02-17 23:59:59.999000 UTC,4365831514.815297,2514374,45055.446241,2294099235.2800226,0
2021-02-18 00:00:00.000000 UTC,52117.67,52530.0,50901.9,51552.6,60758.046954,2021-02-18 23:59:59.999000 UTC,3149973077.4874654,1891592,28893.358623,1498231635.8439088,0
2021-02-19 00:00:00.000000 UTC,51552.61,56368.0,50710.2,55906.0,79659.77802,2021-02-19 23:59:59.999000 UTC,4251167827.684247,2339215,40556.020246,2164871310.2239413,0
2021-02-20 00:00:00.000000 UTC,55906.0,57700.46,53863.93,55841.19,80948.205314,2021-02-20 23:59:59.999000 UTC,4551890859.8512745,2642846,38636.066274,2172833878.4409647,0
2021-02-21 00:00:00.000000 UTC,55841.19,58352.8,55477.59,57408.57,58166.708511,2021-02-21 23:59:59.999000 UTC,3317998263.347889,1950533,29506.089085,1683107088.1573696,0
2021-02-22 00:00:00.000000 UTC,57412.35,57508.47,47622.0,54087.67,134019.434944,2021-02-22 23:59:59.999000 UTC,7213386720.436797,3313083,63677.661979,3427217154.5209727,0
2021-02-23 00:00:00.000000 UTC,54087.67,54183.59,44892.56,48891.0,169375.025051,2021-02-23 23:59:59.999000 UTC,8215839131.243385,3825196,82464.142992,4002195292.097356,0
2021-02-24 00:00:00.000000 UTC,48891.0,51374.99,46988.69,49676.2,91881.209252,2021-02-24 23:59:59.999000 UTC,4574033001.379536,2194532,45750.714831,2278566606.1383467,0
2021-02-25 00:00:00.000000 UTC,49676.21,52041.73,46674.34,47073.73,83310.673121,2021-02-25 23:59:59.999000 UTC,4152188728.141616,2305679,40610.664759,2026068517.6463616,0
2021-02-26 00:00:00.000000 UTC,47073.73,48424.11,44106.78,46276.87,109423.200663,2021-02-26 23:59:59.999000 UTC,5086374532.734615,2371766,53626.904622,2494190193.2522826,0
2021-02-27 00:00:00.000000 UTC,46276.88,48394.0,45000.0,46106.43,66060.834292,2021-02-27 23:59:59.999000 UTC,3105897438.550972,1757720,31987.019647,1505012110.949598,0
2021-02-28 00:00:00.000000 UTC,46103.67,46638.46,43000.0,45135.66,83055.369042,2021-02-28 23:59:59.999000 UTC,3708359965.454581,1838345,40688.17185,1817797446.6023808,0
2021-03-01 00:00:00.000000 UTC,45134.11,49790.0,44950.53,49587.03,85086.111648,2021-03-01 23:59:59.999000 UTC,4057515794.865728,2147223,42616.994361,2032566685.6143072,0
2021-03-02 00:00:00.000000 UTC,49595.76,50200.0,47047.6,48440.65,64221.06214,2021-03-02 23:59:59.999000 UTC,3120472069.909453,1855583,31377.038077,1525145370.1435204,0
2021-03-03 00:00:00.000000 UTC,48436.61,52640.0,48100.71,50349.37,81035.913705,2021-03-03 23:59:59.999000 UTC,4109521257.5407,2242131,40955.368399,2077586898.6782105,0
2021-03-04 00:00:00.000000 UTC,50349.37,51773.88,47500.0,48374.09,82649.716829,2021-03-04 23:59:59.999000 UTC,4079837240.8567615,2291936,40269.977888,1987955554.8048143,0
2021-03-05 00:00:00.000000 UTC,48374.09,49448.93,46300.0,48751.71,78192.496372,2021-03-05 23:59:59.999000 UTC,3727133104.8373103,2054216,38318.310377,1827025012.217549,0
2021-03-06 00:00:00.000000 UTC,48746.81,49200.0,47070.0,48882.2,44399.234242,2021-03-06 23:59:59.999000 UTC,2143910705.2915032,1476474,21500.615617,1038365872.9799548,0
2021-03-07 00:00:00.000000 UTC,48882.2,51450.03,48882.2,50971.75,55235.028032,2021-03-07 23:59:59.999000 UTC,2778875909.4491262,1758101,27885.596964,1402782879.7211533,0
2021-03-08 00:00:00.000000 UTC,50959.11,52402.78,49274.67,52375.17,66987.359664,2021-03-08 23:59:59.999000 UTC,3400847931.036074,1999401,33595.42957,1706117798.1054993,0
2021-03-09 00:00:00.000000 UTC,52375.18,54895.0,51789.41,54884.5,71656.737076,2021-03-09 23:59:59.999000 UTC,3861450964.654904,2194398,35011.541086,1886844773.6846297,0
2021-03-10 00:00:00.000000 UTC,54874.67,57387.69,53005.0,55851.59,84749.238943,2021-03-10 23:59:59.999000 UTC,4700197563.359213,2647284,42651.887405,2366856292.866772,0
2021-03-11 00:00:00.000000 UTC,55851.59,58150.0,54272.82,57773.16,81914.812859,2021-03-11 23:59:59.999000 UTC,4612366201.00222,2509970,40603.449668,2288704819.0951066,0
2021-03-12 00:00:00.000000 UTC,57773.15,58081.51,54962.84,57221.72,73405.406047,2021-03-12 23:59:59.999000 UTC,4162054726.378839,2489931,35802.941462,2030616300.473432,0
2021-03-13 00:00:00.000000 UTC,57221.72,61844.0,56078.23,61188.39,83245.091346,2021-03-13 23:59:59.999000 UTC,4933383453.245977,2559002,44387.231918,2631390814.772793,0
2021-03-14 00:00:00.000000 UTC,61188.38,61724.79,58966.78,58968.31,52601.05275,2021-03-14 23:59:59.999000 UTC,3176397573.8846426,1829769,25325.26705,1530051005.3980403,0
2021-03-15 00:00:00.000000 UTC,58976.08,60633.43,54600.0,55605.2,102771.427298,2021-03-15 23:59:59.999000 UTC,5874241052.093372,2683815,49825.438347,2848907086.6343694,0
2021-03-16 00:00:00.000000 UTC,55605.2,56938.29,53271.34,56900.75,77986.694355,2021-03-16 23:59:59.999000 UTC,4304259207.6451,2241208,37825.501493,2088111362.5512383,0
2021-03-17 00:00:00.000000 UTC,56900.74,58974.73,54123.69,58912.97,70421.620841,2021-03-17 23:59:59.999000 UTC,3960992972.154292,2204296,34778.745775,1957825522.6803288,0
2021-03-18 00:00:00.000000 UTC,58912.97,60129.97,57023.0,57648.16,66580.406675,2021-03-18 23:59:59.999000 UTC,3900885761.2128057,2040947,32287.379911,1892327691.3666964,0
2021-03-19 00:00:00.000000 UTC,57641.0,59468.0,56270.74,58030.01,52392.652961,2021-03-19 23:59:59.999000 UTC,3052711147.9349246,1885830,25552.511223,1489274083.2643423,0
2021-03-20 00:00:00.000000 UTC,58030.01,59880.0,57820.17,58102.28,44476.941776,2021-03-20 23:59:59.999000 UTC,2616535093.051585,1724131,22212.446723,1307023993.1234434,0
2021-03-21 00:00:00.000000 UTC,58100.02,58589.1,55450.11,57351.56,48564.470274,2021-03-21 23:59:59.999000 UTC,2774223129.62381,1773546,23648.941676,1350989191.2768383,0
2021-03-22 00:00:00.000000 UTC,57351.56,58430.73,53650.0,54083.25,62581.626169,2021-03-22 23:59:59.999000 UTC,3527479514.3256526,1927345,30749.059028,1733579080.5690005,0
2021-03-23 00:00:00.000000 UTC,54083.25,55830.9,53000.0,54340.89,59789.365427,2021-03-23 23:59:59.999000 UTC,3264650774.817461,1740349,29563.40974,1614722150.8192563,0
2021-03-24 00:00:00.000000 UTC,54342.8,57200.0,51700.0,52303.65,83537.465021,2021-03-24 23:59:59.999000 UTC,4583159614.046461,2401988,39323.130067,2161386678.806821,0
2021-03-25 00:00:00.000000 UTC,52303.66,53287.0,50427.56,51293.78,87400.534538,2021-03-25 23:59:59.999000 UTC,4536327184.957861,2099425,42947.397733,2229351569.5870266,0
2021-03-26 00:00:00.000000 UTC,51293.78,55073.46,51214.6,55025.59,63813.774692,2021-03-26 23:59:59.999000 UTC,3397036140.751637,1773150,31822.545238,1694326043.3371155,0
2021-03-27 00:00:00.000000 UTC,55025.59,56700.36,53950.0,55817.14,50105.475055,2021-03-27 23:59:59.999000 UTC,2767070175.861931,1528776,24739.948471,1365965317.2505236,0
2021-03-28 00:00:00.000000 UTC,55817.14,56559.75,54691.84,55777.63,39050.387511,2021-03-28 23:59:59.999000 UTC,2178777329.4452167,1551283,19262.725935,1074959545.9590087,0
2021-03-29 00:00:00.000000 UTC,55777.65,58405.82,54800.01,57635.47,67857.937398,2021-03-29 23:59:59.999000 UTC,3877131109.734645,1983437,34373.804556,1963800173.65606,0
2021-03-30 00:00:00.000000 UTC,57635.46,59368.0,57071.35,58746.57,55122.443122,2021-03-30 23:59:59.999000 UTC,3221944107.4550304,1612744,27541.52668,1610812657.929902,0
2021-03-31 00:00:00.000000 UTC,58746.57,59800.0,56769.0,58740.55,60975.542666,2021-03-31 23:59:59.999000 UTC,3575976083.804576,1928224,31074.813187,1823822792.91045,0
2021-04-01 00:00:00.000000 UTC,58739.46,59490.0,57935.45,58720.44,47415.61722,2021-04-01 23:59:59.999000 UTC,2789238879.943373,1594431,22966.256736,1351151697.892222,0
2021-04-02 00:00:00.000000 UTC,58720.45,60200.0,58428.57,58950.01,47382.418781,2021-04-02 23:59:59.999000 UTC,2811159761.2684674,1666356,23695.695154,1406393729.8307693,0
2021-04-03 00:00:00.000000 UTC,58950.01,59791.72,56880.0,57051.94,47409.852113,2021-04-03 23:59:59.999000 UTC,2783151686.164537,1606805,23057.967017,1353960264.6219623,0
2021-04-04 00:00:00.000000 UTC,57051.95,58492.85,56388.0,58202.01,41314.081973,2021-04-04 23:59:59.999000 UTC,2380139010.730232,1499113,20609.134161,1187123542.579883,0
2021-04-05 00:00:00.000000 UTC,58202.01,59272.0,56777.77,59129.99,54258.01579,2021-04-05 23:59:59.999000 UTC,3155214764.164485,2035877,27269.49269,1586344787.5541687,0
2021-04-06 00:00:00.000000 UTC,59129.99,59495.24,57413.02,57991.15,54201.000727,2021-04-06 23:59:59.999000 UTC,3166911557.1481576,1960513,26699.197872,1560539125.7780592,0
2021-04-07 00:00:00.000000 UTC,57990.03,58655.0,55473.0,55953.45,71228.405659,2021-04-07 23:59:59.999000 UTC,4053294016.484514,2206433,34737.582155,1977438033.9286296,0
2021-04-08 00:00:00.000000 UTC,55953.44,58153.31,55700.0,58077.52,44283.147019,2021-04-08 23:59:59.999000 UTC,2531779682.552427,1661080,22161.69051,1267126859.4438903,0
2021-04-09 00:00:00.000000 UTC,58077.52,58894.9,57654.0,58142.54,40831.884911,2021-04-09 23:59:59.999000 UTC,2378340697.289584,1615962,20354.234456,1185679367.9100363,0
2021-04-10 00:00:00.000000 UTC,58142.55,61500.0,57900.01,59769.13,69906.424117,2021-04-10 23:59:59.999000 UTC,4197138552.4690337,2470398,36018.637566,2162858397.75344,0
2021-04-11 00:00:00.000000 UTC,59769.13,60699.0,59232.52,60002.43,41156.715391,2021-04-11 23:59:59.999000 UTC,2462032926.617981,1746102,20798.058779,1244349091.4434772,0
2021-04-12 00:00:00.000000 UTC,59998.8,61300.0,59350.59,59860.0,56375.037117,2021-04-12 23:59:59.999000 UTC,3393042867.8714666,1806298,27645.201153,1664588823.4110289,0
2021-04-13 00:00:00.000000 UTC,59860.01,63777.77,59805.15,63575.0,82848.688746,2021-04-13 23:59:59.999000 UTC,5154877375.389618,2703735,41662.533028,2592724448.3698506,0
2021-04-14 00:00:00.000000 UTC,63575.01,64854.0,61301.0,62959.53,82616.343993,2021-04-14 23:59:59.999000 UTC,5239081228.156977,2645625,40070.377527,2542171083.4126883,0
2021-04-15 00:00:00.000000 UTC,62959.53,63800.0,62020.0,63159.98,51649.70034,2021-04-15 23:59:59.999000 UTC,3248931738.293182,1938028,25628.168379,1612303095.2882545,0
2021-04-16 00:00:00.000000 UTC,63158.74,63520.61,60000.0,61334.8,91764.139884,2021-04-16 23:59:59.999000 UTC,5647292669.615493,2639940,43570.023147,2680750914.504573,0
2021-04-17 00:00:00.000000 UTC,61334.81,62506.05,59580.91,60006.66,58912.256128,2021-04-17 23:59:59.999000 UTC,3605701810.675048,2268816,28386.274106,1737722135.379506,0
2021-04-18 00:00:00.000000 UTC,60006.67,60499.0,50931.3,56150.01,124882.131824,2021-04-18 23:59:59.999000 UTC,6949379727.429153,3444089,59404.616809,3303953081.0962186,0
2021-04-19 00:00:00.000000 UTC,56150.01,57526.81,54221.58,55633.14,78229.042267,2021-04-19 23:59:59.999000 UTC,4398619580.647143,2390527,38362.384979,2156617047.238732,0
2021-04-20 00:00:00.000000 UTC,55633.14,57076.24,53329.96,56425.0,72744.482151,2021-04-20 23:59:59.999000 UTC,4037701391.6195264,2148820,35519.589727,1971916967.5849755,0
2021-04-21 00:00:00.000000 UTC,56425.0,56757.91,53536.02,53787.63,66984.756909,2021-04-21 23:59:59.999000 UTC,3704549578.6973033,2134946,32188.929493,1780065583.272094,0
2021-04-22 00:00:00.000000 UTC,53787.62,55521.48,50500.0,51690.96,104656.631337,2021-04-22 23:59:59.999000 UTC,5594983857.318092,2744621,50550.77147,2703745286.3887057,0
2021-04-23 00:00:00.000000 UTC,51690.95,52131.85,47500.0,51125.14,132230.780719,2021-04-23 23:59:59.999000 UTC,6571097317.467918,2888237,63769.621253,3170392794.0548844,0
2021-04-24 00:00:00.000000 UTC,51110.56,51166.22,48657.14,50047.84,55361.512573,2021-04-24 23:59:59.999000 UTC,2762081002.878663,1164985,26782.233007,1336607709.8567977,0
2021-04-25 00:00:00.000000 UTC,50047.84,50567.91,46930.0,49066.77,58255.645004,2021-04-25 23:59:59.999000 UTC,2867858315.18732,1475479,27767.331394,1367920871.5281663,0
2021-04-26 00:00:00.000000 UTC,49066.76,54356.62,48753.44,54001.39,86310.802124,2021-04-26 23:59:59.999000 UTC,4555688503.397388,2174544,43183.936749,2277375506.8553133,0
2021-04-27 00:00:00.000000 UTC,54001.38,55460.0,53222.0,55011.97,54064.034675,2021-04-27 23:59:59.999000 UTC,2949719328.3669896,1568666,25631.074629,1398731801.176336,0
2021-04-28 00:00:00.000000 UTC,55011.97,56428.0,53813.16,54846.22,55130.459015,2021-04-28 23:59:59.999000 UTC,3020242787.5066776,1830042,26762.033422,1466278915.015322,0
2021-04-29 00:00:00.000000 UTC,54846.23,55195.84,52330.94,53555.0,52486.019455,2021-04-29 23:59:59.999000 UTC,2823220335.476041,1763676,25339.743902,1362821167.9325397,0
2021-04-30 00:00:00.000000 UTC,53555.0,57963.0,53013.01,57694.27,68578.910045,2021-04-30 23:59:59.999000 UTC,3808187372.73938,2267648,35634.129087,1978866536.224178,0
2021-05-01 00:00:00.000000 UTC,57697.25,58458.07,56956.14,57800.37,42600.351836,2021-05-01 23:59:59.999000 UTC,2460342954.8425207,1743013,20574.810226,1188354972.0137234,0
2021-05-02 00:00:00.000000 UTC,57797.35,57911.02,56035.25,56578.21,36812.878863,2021-05-02 23:59:59.999000 UTC,2089763230.4396267,1371638,18172.891836,1031569632.439158,0
2021-05-03 00:00:00.000000 UTC,56578.21,58981.44,56435.0,57169.39,57649.931286,2021-05-03 23:59:59.999000 UTC,3337604542.627381,2102128,28536.055533,1652286174.1582646,0
2021-05-04 00:00:00.000000 UTC,57169.39,57200.0,53046.69,53200.01,85324.625903,2021-05-04 23:59:59.999000 UTC,4705402064.300975,2492629,41029.688246,2262794503.8147497,0
2021-05-05 00:00:00.000000 UTC,53205.05,58069.82,52900.0,57436.11,77263.923439,2021-05-05 23:59:59.999000 UTC,4327994296.151437,2378119,38729.475016,2170539511.777277,0
2021-05-06 00:00:00.000000 UTC,57436.11,58360.0,55200.0,56393.68,70181.671908,2021-05-06 23:59:59.999000 UTC,3992289527.7370977,2459881,34248.899643,1949210281.6920164,0
2021-05-07 00:00:00.000000 UTC,56393.68,58650.0,55241.63,57314.75,74542.747829,2021-05-07 23:59:59.999000 UTC,4239374487.474772,2361692,36877.602566,2097609397.2297568,0
2021-05-08 00:00:00.000000 UTC,57315.49,59500.0,56900.0,58862.05,69709.906028,2021-05-08 23:59:59.999000 UTC,4079553831.988064,2311378,34329.699156,2009442622.5889049,0
2021-05-09 00:00:00.000000 UTC,58866.53,59300.0,56235.66,58240.84,69806.11991,2021-05-09 23:59:59.999000 UTC,4043552701.5066,2170139,34301.050457,1987959541.9401813,0
2021-05-10 00:00:00.000000 UTC,58240.83,59500.0,53400.0,55816.14,89586.34925,2021-05-10 23:59:59.999000 UTC,5131782639.966137,2575419,43057.977029,2468201497.967572,0
2021-05-11 00:00:00.000000 UTC,55816.14,56862.43,54370.0,56670.02,64329.54055,2021-05-11 23:59:59.999000 UTC,3583030654.763019,1911480,30880.828339,1720075588.2236335,0
2021-05-12 00:00:00.000000 UTC,56670.02,58000.01,48600.0,49631.32,99842.789836,2021-05-12 23:59:59.999000 UTC,5476115093.110468,2676826,48299.826001,2654897646.092577,0
2021-05-13 00:00:00.000000 UTC,49537.15,51367.19,46000.0,49670.97,147332.002121,2021-05-13 23:59:59.999000 UTC,7303694688.601401,3570506,71742.003359,3558735468.004596,0
2021-05-14 00:00:00.000000 UTC,49671.92,51483.0,48799.75,49841.45,80082.204306,2021-05-14 23:59:59.999000 UTC,4015904915.4079113,2095860,37184.128863,1864162620.5027144,0
2021-05-15 00:00:00.000000 UTC,49844.16,50700.0,46555.0,46762.99,89437.449359,2021-05-15 23:59:59.999000 UTC,4350775846.517358,2286791,42257.918463,2056302844.8610208,0
2021-05-16 00:00:00.000000 UTC,46762.99,49795.89,43825.39,46431.5,114269.812775,2021-05-16 23:59:59.999000 UTC,5367497608.115901,2661295,53797.590877,2528671396.10802,0
2021-05-17 00:00:00.000000 UTC,46426.83,46686.0,42001.0,43538.04,166657.172736,2021-05-17 23:59:59.999000 UTC,7346755531.933858,3216821,80610.146581,3555755756.3229213,0
2021-05-18 00:00:00.000000 UTC,43538.02,45799.29,42250.02,42849.78,116979.860784,2021-05-18 23:59:59.999000 UTC,5146670282.547901,2561165,55703.00041,2450848779.21598,0
2021-05-19 00:00:00.000000 UTC,42849.78,43584.9,30000.0,36690.09,354347.243161,2021-05-19 23:59:59.999000 UTC,13477694934.871796,6331062,168271.347308,6410032516.523526,0
2021-05-20 00:00:00.000000 UTC,36671.23,42451.67,34850.0,40526.64,203017.596923,2021-05-20 23:59:59.999000 UTC,8019897067.176221,4269898,100167.126413,3959645913.2324944,0
2021-05-21 00:00:00.000000 UTC,40525.39,42200.0,33488.0,37252.01,202100.888258,2021-05-21 23:59:59.999000 UTC,7713346610.274128,3993336,94002.431409,3591749386.7876506,0
2021-05-22 00:00:00.000000 UTC,37263.35,38829.0,35200.62,37449.73,126542.243689,2021-05-22 23:59:59.999000 UTC,4730567647.6744,2716691,63310.452012,2367081500.5300574,0
2021-05-23 00:00:00.000000 UTC,37458.51,38270.64,31111.01,34655.25,217136.046593,2021-05-23 23:59:59.999000 UTC,7431242463.203841,4082004,104637.659409,3584259319.7463818,0
2021-05-24 00:00:00.000000 UTC,34681.44,39920.0,34031.0,38796.29,161630.893971,2021-05-24 23:59:59.999000 UTC,5996773032.151345,3510578,81584.825314,3031032098.518881,0
2021-05-25 00:00:00.000000 UTC,38810.99,39791.77,36419.62,38324.72,111996.228404,2021-05-25 23:59:59.999000 UTC,4253519579.378729,2508310,54153.536814,2057463609.9509115,0
2021-05-26 00:00:00.000000 UTC,38324.72,40841.0,37800.44,39241.91,104780.773396,2021-05-26 23:59:59.999000 UTC,4113717505.2635546,2432319,50485.076994,1983423341.5599248,0
2021-05-27 00:00:00.000000 UTC,39241.92,40411.14,37134.27,38529.98,86547.158794,2021-05-27 23:59:59.999000 UTC,3361413526.053544,2102182,42256.012801,1641681553.5291371,0
2021-05-28 00:00:00.000000 UTC,38529.99,38877.83,34684.0,35663.49,135377.62972,2021-05-28 23:59:59.999000 UTC,4926260941.933613,2659178,64327.281853,2341060689.073459,0
2021-05-29 00:00:00.000000 UTC,35661.79,37338.58,33632.76,34605.15,112663.092689,2021-05-29 23:59:59.999000 UTC,3949843335.322595,2169643,54284.199652,1904345668.779006,0
2021-05-30 00:00:00.000000 UTC,34605.15,36488.0,33379.0,35641.27,73535.386967,2021-05-30 23:59:59.999000 UTC,2601994948.148242,1559892,37406.813903,1324617922.554574,0
2021-05-31 00:00:00.000000 UTC,35641.26,37499.0,34153.84,37253.81,94160.735289,2021-05-31 23:59:59.999000 UTC,3406047734.8311286,1896359,46337.932504,1677796724.0573614,0
2021-06-01 00:00:00.000000 UTC,37253.82,37894.81,35666.0,36693.09,81234.66377,2021-06-01 23:59:59.999000 UTC,2973928300.375587,1760417,40291.834851,1475008291.233647,0
2021-06-02 00:00:00.000000 UTC,36694.85,38225.0,35920.0,37568.68,67587.372495,2021-06-02 23:59:59.999000 UTC,2523462575.688437,1530915,34328.496287,1281854474.912083,0
2021-06-03 00:00:00.000000 UTC,37568.68,39476.0,37170.0,39246.79,75889.106011,2021-06-03 23:59:59.999000 UTC,2930945325.709207,1949658,38664.297849,1493504667.6138017,0
2021-06-04 00:00:00.000000 UTC,39246.78,39289.07,35555.15,36829.0,91317.799245,2021-06-04 23:59:59.999000 UTC,3379399754.9305224,1926311,43105.97173,1595098152.966827,0
2021-06-05 00:00:00.000000 UTC,36829.15,37925.0,34800.0,35513.2,70459.62149,2021-06-05 23:59:59.999000 UTC,2560547116.8364058,1463754,34397.77436,1249708171.2723916,0
2021-06-06 00:00:00.000000 UTC,35516.07,36480.0,35222.0,35796.31,47650.206637,2021-06-06 23:59:59.999000 UTC,1711857075.0471697,993430,23661.260636,850204250.7625555,0
2021-06-07 00:00:00.000000 UTC,35796.31,36900.0,33300.0,33552.79,77574.952573,2021-06-07 23:59:59.999000 UTC,2755673601.713913,1532260,36431.560586,1295757611.708646,0
2021-06-08 00:00:00.000000 UTC,33556.96,34068.01,31000.0,33380.81,123251.189037,2021-06-08 23:59:59.999000 UTC,4030784324.609684,2074885,60095.990201,1966354847.5691984,0
2021-06-09 00:00:00.000000 UTC,33380.8,37534.79,32396.82,37388.05,136607.597517,2021-06-09 23:59:59.999000 UTC,4794741674.438823,2601479,68790.289265,2415789675.0859303,0
2021-06-10 00:00:00.000000 UTC,37388.05,38491.0,35782.0,36675.72,109527.284943,2021-06-10 23:59:59.999000 UTC,4062957162.3643,2231430,53639.424022,1990486079.2177143,0
2021-06-11 00:00:00.000000 UTC,36677.83,37680.4,35936.77,37331.98,78466.0053,2021-06-11 23:59:59.999000 UTC,2903043643.310072,1727645,39406.719224,1458619433.2768435,0
2021-06-12 00:00:00.000000 UTC,37331.98,37463.63,34600.36,35546.11,87717.54999,2021-06-12 23:59:59.999000 UTC,3132387326.5375137,1719650,42571.205313,1520432734.299909,0
2021-06-13 00:00:00.000000 UTC,35546.12,39380.0,34757.0,39020.57,86921.025555,2021-06-13 23:59:59.999000 UTC,3208991521.63768,1894103,45675.273616,1688611358.4117024,0
2021-06-14 00:00:00.000000 UTC,39020.56,41064.05,38730.0,40516.29,108522.391949,2021-06-14 23:59:59.999000 UTC,4320307646.765389,2185089,53645.908744,2135285912.620505,0
2021-06-15 00:00:00.000000 UTC,40516.28,41330.0,39506.4,40144.04,80679.622838,2021-06-15 23:59:59.999000 UTC,3247746713.627409,1931890,39428.829726,1587381565.8154128,0
2021-06-16 00:00:00.000000 UTC,40143.8,40527.14,38116.01,38349.01,87771.976937,2021-06-16 23:59:59.999000 UTC,3450556041.600584,2134897,42137.242251,1657135674.8230217,0
2021-06-17 00:00:00.000000 UTC,38349.0,39559.88,37365.0,38092.97,79541.307119,2021-06-17 23:59:59.999000 UTC,3065622530.039886,1620210,37936.812673,1462729677.1158257,0
2021-06-18 00:00:00.000000 UTC,38092.97,38202.84,35129.29,35819.84,95228.042935,2021-06-18 23:59:59.999000 UTC,3507868126.3062024,1809253,44824.436567,1651613641.3868167,0
2021-06-19 00:00:00.000000 UTC,35820.48,36457.0,34803.52,35483.72,68712.449461,2021-06-19 23:59:59.999000 UTC,2453817534.777169,1212278,33788.293345,1207082481.7647176,0
2021-06-20 00:00:00.000000 UTC,35483.72,36137.72,33336.0,35600.16,89878.17085,2021-06-20 23:59:59.999000 UTC,3124634336.8407607,1691871,44194.067387,1537385055.4929118,0
2021-06-21 00:00:00.000000 UTC,35600.17,35750.0,31251.23,31608.93,168778.873159,2021-06-21 23:59:59.999000 UTC,5545926077.788067,2688993,81297.469751,2671033140.1889787,0
2021-06-22 00:00:00.000000 UTC,31614.12,33298.78,28805.0,32509.56,204208.179762,2021-06-22 23:59:59.999000 UTC,6406159197.076789,3113977,99149.182266,3115465362.967081,0
2021-06-23 00:00:00.000000 UTC,32509.56,34881.0,31683.0,33678.07,126966.100563,2021-06-23 23:59:59.999000 UTC,4282250433.919445,2026228,63340.033137,2136458765.586804,0
2021-06-24 00:00:00.000000 UTC,33675.07,35298.0,32286.57,34663.09,86625.80426,2021-06-24 23:59:59.999000 UTC,2925373222.1059766,1531230,43994.708298,1486960778.3267727,0
2021-06-25 00:00:00.000000 UTC,34663.08,35500.0,31275.0,31584.45,116061.130356,2021-06-25 23:59:59.999000 UTC,3846120542.6572967,2094932,55656.156252,1846078278.3047829,0
2021-06-26 00:00:00.000000 UTC,31576.09,32730.0,30151.0,32283.65,107820.375287,2021-06-26 23:59:59.999000 UTC,3376415451.793124,1814051,52978.159256,1659918820.240478,0
2021-06-27 00:00:00.000000 UTC,32283.65,34749.0,31973.45,34700.34,96613.244211,2021-06-27 23:59:59.999000 UTC,3199980157.750333,1799875,48772.52918,1616348030.4826243,0
2021-06-28 00:00:00.000000 UTC,34702.49,35297.71,33862.72,34494.89,82222.267819,2021-06-28 23:59:59.999000 UTC,2837122779.5244017,1868627,40552.29218,1399861431.1646347,0
2021-06-29 00:00:00.000000 UTC,34494.89,36600.0,34225.43,35911.73,90788.79622,2021-06-29 23:59:59.999000 UTC,3233947791.8633885,1673802,45376.587629,1616093004.8521647,0
2021-06-30 00:00:00.000000 UTC,35911.72,36100.0,34017.55,35045.0,77152.197634,2021-06-30 23:59:59.999000 UTC,2688939291.0956726,1301036,37035.769674,1290873346.2241623,0
2021-07-01 00:00:00.000000 UTC,35045.0,35057.57,32711.0,33504.69,71708.266112,2021-07-01 23:59:59.999000 UTC,2410809595.3904567,1240681,34986.055016,1176002216.565681,0
2021-07-02 00:00:00.000000 UTC,33502.33,33977.04,32699.0,33786.55,56172.181378,2021-07-02 23:59:59.999000 UTC,1870193042.3935368,1176457,27271.658005,908203511.3411496,0
2021-07-03 00:00:00.000000 UTC,33786.54,34945.61,33316.73,34669.13,43044.578641,2021-07-03 23:59:59.999000 UTC,1478423023.503483,1078278,21331.875045,732586226.4725718,0
2021-07-04 00:00:00.000000 UTC,34669.12,35967.85,34357.15,35286.51,43703.475789,2021-07-04 23:59:59.999000 UTC,1544458212.3926332,1164970,21180.335069,748187394.2395808,0
2021-07-05 00:00:00.000000 UTC,35288.13,35293.78,33125.55,33690.14,64123.874245,2021-07-05 23:59:59.999000 UTC,2183406257.493829,1109367,31489.855372,1071967415.4253109,0
2021-07-06 00:00:00.000000 UTC,33690.15,35118.88,33532.0,34220.01,58210.596349,2021-07-06 23:59:59.999000 UTC,1991691100.9482656,1184687,27801.954493,951269024.0379496,0
2021-07-07 00:00:00.000000 UTC,34220.02,35059.09,33777.77,33862.12,53807.521675,2021-07-07 23:59:59.999000 UTC,1857658028.480804,1041416,27294.923927,941984587.975622,0
2021-07-08 00:00:00.000000 UTC,33862.11,33929.64,32077.0,32875.71,70136.48032,2021-07-08 23:59:59.999000 UTC,2304973020.298715,1257892,35104.655225,1152928339.821843,0
2021-07-09 00:00:00.000000 UTC,32875.71,34100.0,32261.07,33815.81,47153.939899,2021-07-09 23:59:59.999000 UTC,1562958239.3913765,1236351,23660.068601,784288611.1325287,0
2021-07-10 00:00:00.000000 UTC,33815.81,34262.0,33004.78,33502.87,34761.175468,2021-07-10 23:59:59.999000 UTC,1171790111.0829952,865508,17012.759197,573638406.5470239,0
2021-07-11 00:00:00.000000 UTC,33502.87,34666.0,33306.47,34258.99,31572.647448,2021-07-11 23:59:59.999000 UTC,1070033013.1920449,952891,16434.537508,557336788.6966077,0
2021-07-12 00:00:00.000000 UTC,34259.0,34678.43,32658.34,33086.63,48181.403762,2021-07-12 23:59:59.999000 UTC,1620646741.334963,1176847,22602.907306,759877911.0350466,0
2021-07-13 00:00:00.000000 UTC,33086.94,33340.0,32202.25,32729.77,41126.361008,2021-07-13 23:59:59.999000 UTC,1348583017.0103433,956053,19588.278507,642576716.6041436,0
2021-07-14 00:00:00.000000 UTC,32729.12,33114.03,31550.0,32820.02,46777.823484,2021-07-14 23:59:59.999000 UTC,1515692074.9875476,1123129,22516.485719,730009068.0708963,0
2021-07-15 00:00:00.000000 UTC,32820.03,33185.25,31133.0,31880.0,51639.576353,2021-07-15 23:59:59.999000 UTC,1652077965.43656,1099367,24866.405787,795831015.6961491,0
2021-07-16 00:00:00.000000 UTC,31874.49,32249.18,31020.0,31383.87,48499.864154,2021-07-16 23:59:59.999000 UTC,1538342711.5796568,1067591,23963.744568,760274744.5520707,0
2021-07-17 00:00:00.000000 UTC,31383.86,31955.92,31164.31,31520.07,34012.242132,2021-07-17 23:59:59.999000 UTC,1072815966.3363076,883442,16649.051308,525240023.82137984,0
2021-07-18 00:00:00.000000 UTC,31520.07,32435.0,31108.97,31778.56,35923.716186,2021-07-18 23:59:59.999000 UTC,1140964365.6466014,760979,17554.182653,557709781.1191803,0
2021-07-19 00:00:00.000000 UTC,31778.57,31899.0,30407.44,30839.65,47340.468499,2021-07-19 23:59:59.999000 UTC,1470563281.9365027,846029,22709.510045,705480091.1446748,0
2021-07-20 00:00:00.000000 UTC,30839.65,31063.07,29278.0,29790.35,61034.049017,2021-07-20 23:59:59.999000 UTC,1821230700.0203912,1062139,28424.82505,847855259.1399384,0
2021-07-21 00:00:00.000000 UTC,29790.34,32858.0,29482.61,32144.51,82796.265128,2021-07-21 23:59:59.999000 UTC,2603140706.0822244,1415058,42584.672219,1338356405.5419316,0
2021-07-22 00:00:00.000000 UTC,32144.51,32591.35,31708.0,32287.83,46148.092433,2021-07-22 23:59:59.999000 UTC,1482763544.9505365,1000742,23274.512805,747848528.87672,0
2021-07-23 00:00:00.000000 UTC,32287.58,33650.0,31924.32,33634.09,50112.863626,2021-07-23 23:59:59.999000 UTC,1631947003.0730464,1394786,25018.977079,815391041.1933738,0
2021-07-24 00:00:00.000000 UTC,33634.1,34500.0,33401.14,34258.14,47977.550138,2021-07-24 23:59:59.999000 UTC,1625046258.436552,1196914,23937.617814,810983258.0424594,0
2021-07-25 00:00:00.000000 UTC,34261.51,35398.0,33851.12,35381.02,47852.928313,2021-07-25 23:59:59.999000 UTC,1646935552.8055446,1245775,24632.1493,848320775.42419,0
2021-07-26 00:00:00.000000 UTC,35381.02,40550.0,35205.78,37237.6,152452.512724,2021-07-26 23:59:59.999000 UTC,5832475057.065676,3330102,77191.346075,2953296773.1535506,0
2021-07-27 00:00:00.000000 UTC,37241.33,39542.61,36383.0,39457.87,88397.267015,2021-07-27 23:59:59.999000 UTC,3335658261.9955463,1938478,45137.303439,1703810516.3378596,0
2021-07-28 00:00:00.000000 UTC,39456.61,40900.0,38772.0,40019.56,101344.528441,2021-07-28 23:59:59.999000 UTC,4040889461.661528,2631048,49019.136276,1954994215.0046124,0
2021-07-29 00:00:00.000000 UTC,40019.57,40640.0,39200.0,40016.48,53998.439283,2021-07-29 23:59:59.999000 UTC,2154190697.345318,1428738,26700.926244,1065505374.5052506,0
2021-07-30 00:00:00.000000 UTC,40018.49,42316.71,38313.23,42206.37,73602.784805,2021-07-30 23:59:59.999000 UTC,2939833541.3815365,1797012,37730.426862,1509172746.2039783,0
2021-07-31 00:00:00.000000 UTC,42206.36,42448.0,41000.15,41461.83,44849.791012,2021-07-31 23:59:59.999000 UTC,1868285510.8846788,1565380,22844.24505,951887855.6214968,0
2021-08-01 00:00:00.000000 UTC,41461.84,42599.0,39422.01,39845.44,53953.186326,2021-08-01 23:59:59.999000 UTC,2227567271.487865,1603964,25796.753795,1066579608.8398234,0
2021-08-02 00:00:00.000000 UTC,39850.27,40480.01,38690.0,39147.82,50837.351954,2021-08-02 23:59:59.999000 UTC,2010928003.5944088,1162878,24558.005343,971596720.9467592,0
2021-08-03 00:00:00.000000 UTC,39146.86,39780.0,37642.03,38207.05,57117.435853,2021-08-03 23:59:59.999000 UTC,2195360658.567329,1379871,27683.466598,1064118781.8498572,0
2021-08-04 00:00:00.000000 UTC,38207.04,39969.66,37508.56,39723.18,52329.35243,2021-08-04 23:59:59.999000 UTC,2028792778.184805,1220555,26804.211169,1039347051.5555264,0
2021-08-05 00:00:00.000000 UTC,39723.17,41350.0,37332.7,40862.46,84343.755621,2021-08-05 23:59:59.999000 UTC,3314527738.3397326,1913281,41673.129081,1638359889.802016,0
2021-08-06 00:00:00.000000 UTC,40862.46,43392.43,39853.86,42836.87,75753.941347,2021-08-06 23:59:59.999000 UTC,3148022459.916158,2223356,38278.004758,1591634314.1008012,0
2021-08-07 00:00:00.000000 UTC,42836.87,44700.0,42446.41,44572.54,73396.740808,2021-08-07 23:59:59.999000 UTC,3197407326.036793,2258213,37355.623845,1627865923.8789735,0
2021-08-08 00:00:00.000000 UTC,44572.54,45310.0,43261.0,43794.37,69329.092698,2021-08-08 23:59:59.999000 UTC,3074924734.87934,1857112,34099.15066,1512451140.3989158,0
2021-08-09 00:00:00.000000 UTC,43794.36,46454.15,42779.0,46253.4,74587.884845,2021-08-09 23:59:59.999000 UTC,3362870286.2581177,2130595,38464.60543,1735618666.8181322,0
2021-08-10 00:00:00.000000 UTC,46248.87,46700.0,44589.46,45584.99,53814.643421,2021-08-10 23:59:59.999000 UTC,2452485823.933654,1951330,26592.369314,1212338434.7318356,0
2021-08-11 00:00:00.000000 UTC,45585.0,46743.47,45341.14,45511.0,52734.901977,2021-08-11 23:59:59.999000 UTC,2432788769.8326964,1862925,27064.393843,1248929298.8285875,0
2021-08-12 00:00:00.000000 UTC,45510.67,46218.12,43770.0,44399.0,55266.108781,2021-08-12 23:59:59.999000 UTC,2478758524.864176,1623329,26765.08804,1200329050.5739107,0
2021-08-13 00:00:00.000000 UTC,44400.06,47886.0,44217.39,47800.0,48239.370431,2021-08-13 23:59:59.999000 UTC,2239435701.117792,1804716,25367.988236,1177391788.09299,0
2021-08-14 00:00:00.000000 UTC,47799.99,48144.0,45971.03,47068.51,46114.359022,2021-08-14 23:59:59.999000 UTC,2166461458.6682487,1849556,22999.528519,1080741765.6874592,0
2021-08-15 00:00:00.000000 UTC,47068.5,47372.27,45500.0,46973.82,42110.711334,2021-08-15 23:59:59.999000 UTC,1950753713.2121248,1580122,21129.919776,979120004.202834,0
2021-08-16 00:00:00.000000 UTC,46973.82,48053.83,45660.0,45901.29,52480.574014,2021-08-16 23:59:59.999000 UTC,2462127629.609024,1655378,25847.872438,1213162181.6654189,0
2021-08-17 00:00:00.000000 UTC,45901.3,47160.0,44376.0,44695.95,57039.341629,2021-08-17 23:59:59.999000 UTC,2616339597.9157424,1781303,27320.261808,1253906922.5820968,0
2021-08-18 00:00:00.000000 UTC,44695.95,46000.0,44203.28,44705.29,54099.415985,2021-08-18 23:59:59.999000 UTC,2439673265.947117,1656723,28538.223727,1286718404.7064972,0
2021-08-19 00:00:00.000000 UTC,44699.37,47033.0,43927.7,46760.62,53411.75392,2021-08-19 23:59:59.999000 UTC,2416320067.133769,1774382,27193.50515,1230827552.4101412,0
2021-08-20 00:00:00.000000 UTC,46760.62,49382.99,46622.99,49322.47,56850.352228,2021-08-20 23:59:59.999000 UTC,2721131744.277817,1950404,29725.885112,1422944576.3472953,0
2021-08-21 00:00:00.000000 UTC,49322.47,49757.04,48222.0,48821.87,46745.136584,2021-08-21 23:59:59.999000 UTC,2290966131.3761606,2069725,23119.673786,1133342367.7445276,0
2021-08-22 00:00:00.000000 UTC,48821.88,49500.0,48050.0,49239.22,37007.887795,2021-08-22 23:59:59.999000 UTC,1807169840.169172,1610192,18587.877552,907708162.1109709,0
2021-08-23 00:00:00.000000 UTC,49239.22,50500.0,49029.0,49488.85,52462.541954,2021-08-23 23:59:59.999000 UTC,2616721363.685172,2143309,26218.97512,1307817635.390983,0
2021-08-24 00:00:00.000000 UTC,49488.85,49860.0,47600.0,47674.01,51014.594748,2021-08-24 23:59:59.999000 UTC,2486079315.564424,1692896,24702.923443,1203899649.6998265,0
2021-08-25 00:00:00.000000 UTC,47674.01,49264.3,47126.28,48973.32,44655.830342,2021-08-25 23:59:59.999000 UTC,2149442271.5264206,1559186,21796.877672,1049712097.3482182,0
2021-08-26 00:00:00.000000 UTC,48973.32,49352.84,46250.0,46843.87,49371.277774,2021-08-26 23:59:59.999000 UTC,2333900030.229628,1532753,23686.563496,1120008931.619874,0
2021-08-27 00:00:00.000000 UTC,46843.86,49149.93,46348.0,49069.9,42068.104965,2021-08-27 23:59:59.999000 UTC,2007071230.2199955,1320503,21727.05079,1036769755.5596029,0
2021-08-28 00:00:00.000000 UTC,49069.9,49299.0,48346.88,48895.35,26681.063786,2021-08-28 23:59:59.999000 UTC,1303966035.7705495,793012,13895.763677,679193791.5995204,0
2021-08-29 00:00:00.000000 UTC,48895.35,49632.27,47762.54,48767.83,32652.283473,2021-08-29 23:59:59.999000 UTC,1588661416.3603797,1193046,16157.043096,786599088.6916697,0
2021-08-30 00:00:00.000000 UTC,48767.84,48888.61,46853.0,46982.91,40288.35083,2021-08-30 23:59:59.999000 UTC,1932344430.9239264,1204012,19637.84056,942218565.0215596,0
2021-08-31 00:00:00.000000 UTC,46982.91,48246.11,46700.0,47100.89,48645.52737,2021-08-31 23:59:59.999000 UTC,2303799571.3822727,1300400,24426.21235,1156878830.6908383,0
2021-09-01 00:00:00.000000 UTC,47100.89,49156.0,46512.0,48810.52,49904.65528,2021-09-01 23:59:59.999000 UTC,2386074445.4158525,1280384,25102.36864,1200480555.049387,0
2021-09-02 00:00:00.000000 UTC,48810.51,50450.13,48584.06,49246.64,54410.770538,2021-09-02 23:59:59.999000 UTC,2704192314.674689,1549849,28351.807225,1409412062.2196813,0
2021-09-03 00:00:00.000000 UTC,49246.63,51000.0,48316.84,49999.14,59025.644157,2021-09-03 23:59:59.999000 UTC,2949574478.071738,1645163,29625.443383,1481238133.394633,0
2021-09-04 00:00:00.000000 UTC,49998.0,50535.69,49370.0,49915.64,34664.65959,2021-09-04 23:59:59.999000 UTC,1733527136.4442587,1225830,16739.70385,837225473.735276,0
2021-09-05 00:00:00.000000 UTC,49917.54,51900.0,49450.0,51756.88,40544.835873,2021-09-05 23:59:59.999000 UTC,2049212025.844659,1417660,21557.235864,1090239906.6856637,0
2021-09-06 00:00:00.000000 UTC,51756.88,52780.0,50969.33,52663.9,49249.667081,2021-09-06 23:59:59.999000 UTC,2549290983.0568776,1678015,24620.352525,1274643403.5479467,0
2021-09-07 00:00:00.000000 UTC,52666.2,52920.0,42843.05,46863.73,123048.802719,2021-09-07 23:59:59.999000 UTC,6004105772.870442,3321711,57935.601976,2832268574.0387254,0
2021-09-08 00:00:00.000000 UTC,46868.57,47340.99,44412.02,46048.31,65069.3152,2021-09-08 23:59:59.999000 UTC,3000605793.938961,1796101,31796.7476,1466544608.2678735,0
2021-09-09 00:00:00.000000 UTC,46048.31,47399.97,45513.08,46395.14,50651.66002,2021-09-09 23:59:59.999000 UTC,2351862983.518241,1567586,24183.38803,1122994690.9093316,0
2021-09-10 00:00:00.000000 UTC,46395.14,47033.0,44132.29,44850.91,49048.26618,2021-09-10 23:59:59.999000 UTC,2243698626.039517,1569941,24358.59799,1114490733.8792434,0
2021-09-11 00:00:00.000000 UTC,44842.2,45987.93,44722.22,45173.69,30440.4081,2021-09-11 23:59:59.999000 UTC,1380370764.0127168,1060890,14804.3426,671123069.5623685,0
2021-09-12 00:00:00.000000 UTC,45173.68,46460.0,44742.06,46025.24,32094.28052,2021-09-12 23:59:59.999000 UTC,1464780920.2199812,1179808,15735.45104,718436012.7588656,0
2021-09-13 00:00:00.000000 UTC,46025.23,46880.0,43370.0,44940.73,65429.15056,2021-09-13 23:59:59.999000 UTC,2930668118.2616343,1703512,32041.05972,1435586958.779868,0
2021-09-14 00:00:00.000000 UTC,44940.72,47250.0,44594.44,47111.52,44855.85099,2021-09-14 23:59:59.999000 UTC,2072259519.06192,1210258,22182.46649,1025156547.7189184,0
2021-09-15 00:00:00.000000 UTC,47103.28,48500.0,46682.32,48121.41,43204.71174,2021-09-15 23:59:59.999000 UTC,2056996398.8439617,1176050,20903.53535,995198313.7474113,0
2021-09-16 00:00:00.000000 UTC,48121.4,48557.0,47021.1,47737.82,40725.08895,2021-09-16 23:59:59.999000 UTC,1948447232.9107168,1176129,19907.79151,952502982.8119016,0
2021-09-17 00:00:00.000000 UTC,47737.81,48150.0,46699.56,47299.98,34461.92776,2021-09-17 23:59:59.999000 UTC,1637122049.4128375,1033968,16599.46162,788563444.4133477,0
2021-09-18 00:00:00.000000 UTC,47299.98,48843.2,47035.56,48292.74,30906.47038,2021-09-18 23:59:59.999000 UTC,1491461627.9514225,976346,15219.90487,734476256.0995072,0
2021-09-19 00:00:00.000000 UTC,48292.75,48372.83,46829.18,47241.75,29847.24349,2021-09-19 23:59:59.999000 UTC,1421642879.4932065,909785,14346.79979,683249734.0721828,0
2021-09-20 00:00:00.000000 UTC,47241.75,47347.25,42500.0,43015.62,78003.524443,2021-09-20 23:59:59.999000 UTC,3457139274.300071,1842231,36108.362951,1600107748.5660272,0
2021-09-21 00:00:00.000000 UTC,43016.64,43639.0,39600.0,40734.38,84534.080485,2021-09-21 23:59:59.999000 UTC,3551997786.690356,1820721,38942.74356,1637800328.5038831,0
2021-09-22 00:00:00.000000 UTC,40734.09,44000.55,40565.39,43543.61,58349.05542,2021-09-22 23:59:59.999000 UTC,2482639471.907596,1304011,29321.5066,1248027083.190341,0
2021-09-23 00:00:00.000000 UTC,43546.37,44978.0,43069.09,44865.26,48699.57655,2021-09-23 23:59:59.999000 UTC,2147211305.4820888,1196106,24503.00365,1080404499.5649571,0
2021-09-24 00:00:00.000000 UTC,44865.26,45200.0,40675.0,42810.57,84113.426292,2021-09-24 23:59:59.999000 UTC,3596718231.050549,1819744,41952.776582,1794510963.779781,0
2021-09-25 00:00:00.000000 UTC,42810.58,42966.84,41646.28,42670.64,33594.57189,2021-09-25 23:59:59.999000 UTC,1428238748.2095258,949787,16555.7295,703947971.383276,0
2021-09-26 00:00:00.000000 UTC,42670.63,43950.0,40750.0,43160.9,49879.99765,2021-09-26 23:59:59.999000 UTC,2124657079.2797763,1374145,24762.74447,1055225792.1285858,0
2021-09-27 00:00:00.000000 UTC,43160.9,44350.0,42098.0,42147.35,39776.84383,2021-09-27 23:59:59.999000 UTC,1728912299.8034244,1001487,19307.85346,839585982.3907082,0
2021-09-28 00:00:00.000000 UTC,42147.35,42787.38,40888.0,41026.54,43372.2624,2021-09-28 23:59:59.999000 UTC,1816305387.8388584,1045389,20710.0903,867306872.2124455,0
2021-09-29 00:00:00.000000 UTC,41025.01,42590.0,40753.88,41524.28,33511.53487,2021-09-29 23:59:59.999000 UTC,1399625476.0563765,884909,16338.4266,682466342.7870586,0
2021-09-30 00:00:00.000000 UTC,41524.29,44141.37,41410.17,43824.1,46381.22781,2021-09-30 23:59:59.999000 UTC,2005486003.5646768,1197815,23348.93974,1009687948.2258337,0
2021-10-01 00:00:00.000000 UTC,43820.01,48495.0,43283.03,48141.61,66244.87492,2021-10-01 23:59:59.999000 UTC,3076094886.5924745,1771237,34156.88321,1585411525.337827,0
2021-10-02 00:00:00.000000 UTC,48141.6,48336.59,47430.18,47634.9,30508.98131,2021-10-02 23:59:59.999000 UTC,1459064880.5324447,996116,15180.50362,726007609.1562026,0
2021-10-03 00:00:00.000000 UTC,47634.89,49228.08,47088.0,48200.01,30825.05601,2021-10-03 23:59:59.999000 UTC,1482764462.1905775,1114294,15426.81514,742443046.4075491,0
2021-10-04 00:00:00.000000 UTC,48200.01,49536.12,46891.0,49224.94,46796.49372,2021-10-04 23:59:59.999000 UTC,2258464361.1263566,1437692,23032.4914,1112232800.7886517,0
2021-10-05 00:00:00.000000 UTC,49224.93,51886.3,49022.4,51471.99,52125.66793,2021-10-05 23:59:59.999000 UTC,2618101829.0177226,1641651,26687.41046,1341045872.9987288,0
2021-10-06 00:00:00.000000 UTC,51471.99,55750.0,50382.41,55315.0,79877.545181,2021-10-06 23:59:59.999000 UTC,4236927265.3815217,2443126,40664.027517,2158326113.6632404,0
2021-10-07 00:00:00.000000 UTC,55315.0,55332.31,53357.0,53785.22,54917.37766,2021-10-07 23:59:59.999000 UTC,2983143121.088643,1703147,26485.89849,1438826617.0389867,0
2021-10-08 00:00:00.000000 UTC,53785.22,56100.0,53617.61,53951.43,46160.25785,2021-10-08 23:59:59.999000 UTC,2522087625.0940795,1548832,22643.19334,1237799956.8681743,0
2021-10-09 00:00:00.000000 UTC,53955.67,55489.0,53661.67,54949.72,55177.08013,2021-10-09 23:59:59.999000 UTC,3024862790.6955924,1609483,27686.74749,1518044340.2089689,0
2021-10-10 00:00:00.000000 UTC,54949.72,56561.31,54080.0,54659.0,89237.836128,2021-10-10 23:59:59.999000 UTC,4923958325.389876,2427176,44656.915748,2464422246.8422794,0
2021-10-11 00:00:00.000000 UTC,54659.01,57839.04,54415.06,57471.35,52933.165751,2021-10-11 23:59:59.999000 UTC,2994673617.7236485,1690409,26858.829013,1519825843.1170497,0
2021-10-12 00:00:00.000000 UTC,57471.35,57680.0,53879.0,55996.93,53471.2855,2021-10-12 23:59:59.999000 UTC,3017210682.8859496,1554412,26157.44247,1477084242.54916,0
2021-10-13 00:00:00.000000 UTC,55996.91,57777.0,54167.19,57367.0,55808.44492,2021-10-13 23:59:59.999000 UTC,3123307687.477303,1610489,27985.13207,1566812325.67564,0
2021-10-14 00:00:00.000000 UTC,57370.83,58532.54,56818.05,57347.94,43053.336781,2021-10-14 23:59:59.999000 UTC,2481915791.591235,1372048,21940.264979,1265138476.865594,0
2021-10-15 00:00:00.000000 UTC,57347.94,62933.0,56850.0,61672.42,82512.908022,2021-10-15 23:59:59.999000 UTC,4959389368.726733,2649137,43913.676331,2638969873.669803,0
2021-10-16 00:00:00.000000 UTC,61672.42,62378.42,60150.0,60875.57,35467.88096,2021-10-16 23:59:59.999000 UTC,2173374058.808911,1360379,17286.46284,1059536457.6160172,0
2021-10-17 00:00:00.000000 UTC,60875.57,61718.39,58963.0,61528.33,39099.24124,2021-10-17 23:59:59.999000 UTC,2371696294.797305,1331655,19289.94298,1170524004.7692945,0
2021-10-18 00:00:00.000000 UTC,61528.32,62695.78,59844.45,62009.84,51798.44844,2021-10-18 23:59:59.999000 UTC,3195091233.4205527,1629184,25859.08539,1595447836.139042,0
2021-10-19 00:00:00.000000 UTC,62005.6,64486.0,61322.22,64280.59,53628.107744,2021-10-19 23:59:59.999000 UTC,3370863940.269437,1755708,27436.545484,1724665979.8435092,0
2021-10-20 00:00:00.000000 UTC,64280.59,67000.0,63481.4,66001.41,51428.934856,2021-10-20 23:59:59.999000 UTC,3362878816.4045925,1823286,27623.990526,1806653764.6708329,0
2021-10-21 00:00:00.000000 UTC,66001.4,66639.74,62000.0,62193.15,68538.64537,2021-10-21 23:59:59.999000 UTC,4407757970.879756,2181665,32008.51421,2060110973.8058944,0
2021-10-22 00:00:00.000000 UTC,62193.15,63732.39,60000.0,60688.22,52119.35886,2021-10-22 23:59:59.999000 UTC,3229377744.3114257,1555280,25440.69118,1576807744.195897,0
2021-10-23 00:00:00.000000 UTC,60688.23,61747.64,59562.15,61286.75,27626.93678,2021-10-23 23:59:59.999000 UTC,1686121722.2187824,982103,13352.56908,815306581.3357304,0
2021-10-24 00:00:00.000000 UTC,61286.75,61500.0,59510.63,60852.22,31226.57676,2021-10-24 23:59:59.999000 UTC,1889694558.9504948,1052085,15682.1686,949151331.8623388,0
2021-10-25 00:00:00.000000 UTC,60852.22,63710.63,60650.0,63078.78,36853.83806,2021-10-25 23:59:59.999000 UTC,2309339650.10938,1270453,18577.25472,1164150305.9348185,0
2021-10-26 00:00:00.000000 UTC,63078.78,63293.48,59817.55,60328.81,40217.50083,2021-10-26 23:59:59.999000 UTC,2492606133.3189454,1334460,18699.28475,1160289812.695996,0
2021-10-27 00:00:00.000000 UTC,60328.81,61496.0,58000.0,58413.44,62124.49016,2021-10-27 23:59:59.999000 UTC,3688306192.972418,1913083,29983.43122,1780494793.5603175,0
2021-10-28 00:00:00.000000 UTC,58413.44,62499.0,57820.0,60575.89,61056.35301,2021-10-28 23:59:59.999000 UTC,3677629851.059607,1878275,30447.44205,1835335717.8149133,0
2021-10-29 00:00:00.000000 UTC,60575.9,62980.0,60174.81,62253.71,43973.90414,2021-10-29 23:59:59.999000 UTC,2706090987.3096256,1417344,22262.86881,1370325591.0001447,0
2021-10-30 00:00:00.000000 UTC,62253.7,62359.25,60673.0,61859.19,31478.12566,2021-10-30 23:59:59.999000 UTC,1937860260.4380624,1197748,15583.51105,959369103.6133327,0
2021-10-31 00:00:00.000000 UTC,61859.19,62405.3,59945.36,61299.8,39267.63794,2021-10-31 23:59:59.999000 UTC,2396556477.343493,1563417,19362.08206,1181449065.6191804,0
2021-11-01 00:00:00.000000 UTC,61299.81,62437.74,59405.0,60911.11,44687.66672,2021-11-01 23:59:59.999000 UTC,2737282804.738131,1472636,22139.95506,1356676790.5772643,0
2021-11-02 00:00:00.000000 UTC,60911.12,64270.0,60624.68,63219.99,46368.2841,2021-11-02 23:59:59.999000 UTC,2909221038.40065,1858362,23852.14282,1496448016.5988712,0
2021-11-03 00:00:00.000000 UTC,63220.57,63500.0,60382.76,62896.48,43336.09049,2021-11-03 23:59:59.999000 UTC,2713389500.4663587,1601925,20662.34777,1294306441.66844,0
2021-11-04 00:00:00.000000 UTC,62896.49,63086.31,60677.01,61395.01,35930.93314,2021-11-04 23:59:59.999000 UTC,2218138026.7045407,1346081,17843.38035,1101751566.3843453,0
2021-11-05 00:00:00.000000 UTC,61395.01,62595.72,60721.0,60937.12,31604.48749,2021-11-05 23:59:59.999000 UTC,1943346371.470386,1243074,15769.15494,969780612.6853932,0
2021-11-06 00:00:00.000000 UTC,60940.18,61560.49,60050.0,61470.61,25590.57408,2021-11-06 23:59:59.999000 UTC,1556774943.5537283,965309,12511.52761,761294376.4716995,0
2021-11-07 00:00:00.000000 UTC,61470.62,63286.35,61322.78,63273.59,25515.6883,2021-11-07 23:59:59.999000 UTC,1585744720.199772,1068629,13567.09782,843384435.4409549,0
2021-11-08 00:00:00.000000 UTC,63273.58,67789.0,63273.58,67525.83,54442.094554,2021-11-08 23:59:59.999000 UTC,3575716171.0443,2349581,28879.186436,1897321249.8278408,0
2021-11-09 00:00:00.000000 UTC,67525.82,68524.25,66222.4,66947.66,44661.378068,2021-11-09 23:59:59.999000 UTC,3014326962.087268,1847655,22243.236452,1501548663.7926424,0
2021-11-10 00:00:00.000000 UTC,66947.67,69000.0,62822.9,64882.43,65171.504046,2021-11-10 23:59:59.999000 UTC,4335575752.805224,2347934,31344.743321,2088305177.7774785,0
2021-11-11 00:00:00.000000 UTC,64882.42,65600.07,64100.0,64774.26,37237.98058,2021-11-11 23:59:59.999000 UTC,2415537333.57771,1327827,18589.51479,1205890453.6044016,0
2021-11-12 00:00:00.000000 UTC,64774.25,65450.7,62278.0,64122.23,44490.10816,2021-11-12 23:59:59.999000 UTC,2844286547.5040407,1479149,21028.45541,1344883879.1387343,0
2021-11-13 00:00:00.000000 UTC,64122.22,65000.0,63360.22,64380.0,22504.97383,2021-11-13 23:59:59.999000 UTC,1442441613.5983925,904149,11094.05209,711146514.0645869,0
2021-11-14 00:00:00.000000 UTC,64380.01,65550.51,63576.27,65519.1,25705.07347,2021-11-14 23:59:59.999000 UTC,1658473781.2937696,951393,12629.83414,815039550.9471319,0
2021-11-15 00:00:00.000000 UTC,65519.11,66401.82,63400.0,63606.74,37829.37124,2021-11-15 23:59:59.999000 UTC,2460915922.876128,1305209,19160.47382,1247275595.4355905,0
2021-11-16 00:00:00.000000 UTC,63606.73,63617.31,58574.07,60058.87,77455.15609,2021-11-16 23:59:59.999000 UTC,4705744041.299647,2353681,36375.32415,2209839153.369724,0
2021-11-17 00:00:00.000000 UTC,60058.87,60840.23,58373.0,60344.87,46289.38491,2021-11-17 23:59:59.999000 UTC,2767802055.200423,1471305,22545.24375,1348537946.9526916,0
2021-11-18 00:00:00.000000 UTC,60344.86,60976.0,56474.26,56891.62,62146.99931,2021-11-18 23:59:59.999000 UTC,3644824179.1448526,1960419,29742.20507,1745202989.7423887,0
2021-11-19 00:00:00.000000 UTC,56891.62,58320.0,55600.0,58052.24,50715.88726,2021-11-19 23:59:59.999000 UTC,2896189975.910774,1560459,24072.28575,1374771758.2367315,0
2021-11-20 00:00:00.000000 UTC,58057.1,59845.0,57353.0,59707.51,33811.5901,2021-11-20 23:59:59.999000 UTC,1982718831.1570768,1200190,16682.28087,978340154.0756932,0
2021-11-21 00:00:00.000000 UTC,59707.52,60029.76,58486.65,58622.02,31902.22785,2021-11-21 23:59:59.999000 UTC,1886578154.5167084,1249219,14949.12309,884084155.7068344,0
2021-11-22 00:00:00.000000 UTC,58617.7,59444.0,55610.0,56247.18,51724.32047,2021-11-22 23:59:59.999000 UTC,2968622334.1376567,1624768,24834.9816,1425668562.211665,0
2021-11-23 00:00:00.000000 UTC,56243.83,58009.99,55317.0,57541.27,49917.85017,2021-11-23 23:59:59.999000 UTC,2837210673.4885187,1570845,25217.65003,1433171468.6668608,0
2021-11-24 00:00:00.000000 UTC,57541.26,57735.0,55837.0,57138.29,39612.04964,2021-11-24 23:59:59.999000 UTC,2246374244.330568,1432991,19625.09659,1113184375.6794689,0
2021-11-25 00:00:00.000000 UTC,57138.29,59398.9,57000.0,58960.36,42153.51522,2021-11-25 23:59:59.999000 UTC,2455658857.700593,1604266,21112.80397,1230022891.730095,0
2021-11-26 00:00:00.000000 UTC,58960.37,59150.0,53500.0,53726.53,65927.87066,2021-11-26 23:59:59.999000 UTC,3649353860.4295673,2138184,31287.4699,1731974879.8668964,0
2021-11-27 00:00:00.000000 UTC,53723.72,55280.0,53610.0,54721.03,29716.99957,2021-11-27 23:59:59.999000 UTC,1623173123.4917316,1110145,14462.93801,790191540.9148489,0
2021-11-28 00:00:00.000000 UTC,54716.47,57445.05,53256.64,57274.88,36163.7137,2021-11-28 23:59:59.999000 UTC,1982198373.5328348,1253408,18520.69985,1016073216.5947642,0
2021-11-29 00:00:00.000000 UTC,57274.89,58865.97,56666.67,57776.25,40125.28009,2021-11-29 23:59:59.999000 UTC,2313371348.113543,1349625,19520.25038,1125240984.5522516,0
2021-11-30 00:00:00.000000 UTC,57776.25,59176.99,55875.55,56950.56,49161.05194,2021-11-30 23:59:59.999000 UTC,2823644073.021905,1587472,23867.80287,1371720422.255628,0
2021-12-01 00:00:00.000000 UTC,56950.56,59053.55,56458.01,57184.07,44956.63656,2021-12-01 23:59:59.999000 UTC,2584928714.0757422,1442301,21501.29463,1236414404.9088528,0
2021-12-02 00:00:00.000000 UTC,57184.07,57375.47,55777.77,56480.34,37574.05976,2021-12-02 23:59:59.999000 UTC,2127110102.107309,1307890,18375.47518,1040366894.5501271,0
2021-12-03 00:00:00.000000 UTC,56484.26,57600.0,51680.0,53601.05,58927.69027,2021-12-03 23:59:59.999000 UTC,3246198505.946852,1865063,27287.25751,1505556556.1578631,0
2021-12-04 00:00:00.000000 UTC,53601.05,53859.1,42000.3,49152.47,114203.373748,2021-12-04 23:59:59.999000 UTC,5495712061.978532,3362771,52876.55238,2544632557.496252,0
2021-12-05 00:00:00.000000 UTC,49152.46,49699.05,47727.21,49396.33,45580.82012,2021-12-05 23:59:59.999000 UTC,2231486105.843912,1371839,22420.90324,1097785758.5909762,0
2021-12-06 00:00:00.000000 UTC,49396.32,50891.11,47100.0,50441.92,58571.21575,2021-12-06 23:59:59.999000 UTC,2851528919.1795363,1741956,28820.34753,1403464676.8850937,0
2021-12-07 00:00:00.000000 UTC,50441.91,51936.33,50039.74,50588.95,38253.46877,2021-12-07 23:59:59.999000 UTC,1950573500.2086656,1212350,18679.11099,952551067.6259856,0
2021-12-08 00:00:00.000000 UTC,50588.95,51200.0,48600.0,50471.19,38425.92466,2021-12-08 23:59:59.999000 UTC,1925458787.114752,1118225,18126.84362,908410692.2460092,0
2021-12-09 00:00:00.000000 UTC,50471.19,50797.76,47320.0,47545.59,37692.68665,2021-12-09 23:59:59.999000 UTC,1841474998.89511,1130599,18097.0596,884082539.7047912,0
2021-12-10 00:00:00.000000 UTC,47535.9,50125.0,46852.0,47140.54,44233.57391,2021-12-10 23:59:59.999000 UTC,2135023722.853152,1215231,21143.96129,1020995576.3025668,0
2021-12-11 00:00:00.000000 UTC,47140.54,49485.71,46751.0,49389.99,28889.19358,2021-12-11 23:59:59.999000 UTC,1397524635.581402,957390,14452.26806,699251597.8052384,0
2021-12-12 00:00:00.000000 UTC,49389.99,50777.0,48638.0,50053.9,26017.93421,2021-12-12 23:59:59.999000 UTC,1292315883.6245537,863605,13266.00955,658923314.8679801,0
2021-12-13 00:00:00.000000 UTC,50053.9,50189.97,45672.75,46702.75,50869.52093,2021-12-13 23:59:59.999000 UTC,2423888500.7903047,1399599,23487.0228,1119972248.5384023,0
2021-12-14 00:00:00.000000 UTC,46702.76,48700.41,46290.0,48343.28,39955.98445,2021-12-14 23:59:59.999000 UTC,1887427362.4740968,1194992,20010.80589,945501336.1569144,0
2021-12-15 00:00:00.000000 UTC,48336.95,49500.0,46547.0,48864.98,51629.181,2021-12-15 23:59:59.999000 UTC,2487012309.0915494,1438176,25861.16891,1246095378.459541,0
2021-12-16 00:00:00.000000 UTC,48864.98,49436.43,47511.0,47632.38,31949.86739,2021-12-16 23:59:59.999000 UTC,1551200654.052745,1023983,15281.92439,742115283.5773988,0
2021-12-17 00:00:00.000000 UTC,47632.38,47995.96,45456.0,46131.2,43104.4887,2021-12-17 23:59:59.999000 UTC,2015966349.5161324,1261780,19846.77192,928665863.5850744,0
2021-12-18 00:00:00.000000 UTC,46133.83,47392.37,45500.0,46834.48,25020.05271,2021-12-18 23:59:59.999000 UTC,1165205135.7008429,862066,12635.54707,588649454.2725667,0
2021-12-19 00:00:00.000000 UTC,46834.47,48300.01,46406.91,46681.23,29305.70665,2021-12-19 23:59:59.999000 UTC,1384958598.36277,874827,14646.77828,692559814.2285637,0
2021-12-20 00:00:00.000000 UTC,46681.24,47537.57,45558.85,46914.16,35848.50609,2021-12-20 23:59:59.999000 UTC,1663363117.8304534,1076488,17666.32749,819817570.663743,0
2021-12-21 00:00:00.000000 UTC,46914.17,49328.96,46630.0,48889.88,37713.92924,2021-12-21 23:59:59.999000 UTC,1827234149.05988,1119412,19356.27006,937648412.2221352,0
2021-12-22 00:00:00.000000 UTC,48887.59,49576.13,48421.87,48588.16,27004.2022,2021-12-22 23:59:59.999000 UTC,1322418595.3337295,949480,13402.54963,656467230.7563096,0
2021-12-23 00:00:00.000000 UTC,48588.17,51375.0,47920.42,50838.81,35192.54046,2021-12-23 23:59:59.999000 UTC,1738129830.7814522,1176050,17397.67034,859605116.679757,0
2021-12-24 00:00:00.000000 UTC,50838.82,51810.0,50384.43,50820.0,31684.84269,2021-12-24 23:59:59.999000 UTC,1618089927.2810063,1075177,15108.36362,771557283.6260679,0
2021-12-25 00:00:00.000000 UTC,50819.99,51156.23,50142.32,50399.66,19135.51613,2021-12-25 23:59:59.999000 UTC,971491029.130824,766979,9928.30266,504102529.52889824,0
2021-12-26 00:00:00.000000 UTC,50399.67,51280.0,49412.0,50775.49,22569.88914,2021-12-26 23:59:59.999000 UTC,1132200241.5624182,797133,11285.69707,566374786.7160686,0
2021-12-27 00:00:00.000000 UTC,50775.48,52088.0,50449.0,50701.44,28792.21566,2021-12-27 23:59:59.999000 UTC,1472065236.0117192,1009411,14436.09322,738369203.332157,0
2021-12-28 00:00:00.000000 UTC,50701.44,50704.05,47313.01,47543.74,45853.33924,2021-12-28 23:59:59.999000 UTC,2242102220.931004,1345774,21743.17013,1063171693.1535624,0
2021-12-29 00:00:00.000000 UTC,47543.74,48139.08,46096.99,46464.66,39498.87,2021-12-29 23:59:59.999000 UTC,1873785571.2732968,1114074,19089.6191,905969695.64254,0
2021-12-30 00:00:00.000000 UTC,46464.66,47900.0,45900.0,47120.87,30352.29569,2021-12-30 23:59:59.999000 UTC,1428755720.4532027,910157,14886.52375,700792256.6883159,0
2021-12-31 00:00:00.000000 UTC,47120.88,48548.26,45678.0,46216.93,34937.99796,2021-12-31 23:59:59.999000 UTC,1650715977.918517,1059783,17315.5423,818331688.0033131,0
2022-01-01 00:00:00.000000 UTC,46216.93,47954.63,46208.37,47722.65,19604.46325,2022-01-01 23:59:59.999000 UTC,924155159.5834864,714899,9942.36679,468738711.7901065,0
2022-01-02 00:00:00.000000 UTC,47722.66,47990.0,46654.0,47286.18,18340.4604,2022-01-02 23:59:59.999000 UTC,866610995.5633582,709624,9166.46954,433182392.28194654,0
2022-01-03 00:00:00.000000 UTC,47286.18,47570.0,45696.0,46446.1,27662.0771,2022-01-03 23:59:59.999000 UTC,1292203508.3256547,885624,13524.76045,631879430.11428,0
2022-01-04 00:00:00.000000 UTC,46446.1,47557.54,45500.0,45832.01,35491.4136,2022-01-04 23:59:59.999000 UTC,1649170424.1276133,1021815,17689.26808,821725463.0808076,0
2022-01-05 00:00:00.000000 UTC,45832.01,47070.0,42500.0,43451.13,51784.11857,2022-01-05 23:59:59.999000 UTC,2334288544.645448,1478532,23552.9946,1063287226.3571414,0
2022-01-06 00:00:00.000000 UTC,43451.14,43816.0,42430.58,43082.31,38880.37305,2022-01-06 23:59:59.999000 UTC,1674466154.4383326,1150707,19268.82662,829886561.8261453,0
2022-01-07 00:00:00.000000 UTC,43082.3,43145.83,40610.0,41566.48,54836.50818,2022-01-07 23:59:59.999000 UTC,2293851015.4652367,1406635,26519.39261,1109740200.2387211,0
2022-01-08 00:00:00.000000 UTC,41566.48,42300.0,40501.0,41679.74,32952.73111,2022-01-08 23:59:59.999000 UTC,1367233494.827767,1021908,16462.53747,683155535.4215348,0
2022-01-09 00:00:00.000000 UTC,41679.74,42786.7,41200.02,41864.62,22724.39426,2022-01-09 23:59:59.999000 UTC,952830064.5125848,752733,11399.78979,478046850.277152,0
2022-01-10 00:00:00.000000 UTC,41864.62,42248.5,39650.0,41822.49,50729.17019,2022-01-10 23:59:59.999000 UTC,2088111339.5055964,1250983,24654.54811,1015935553.4027652,0
2022-01-11 00:00:00.000000 UTC,41822.49,43100.0,41268.93,42729.29,37296.43729,2022-01-11 23:59:59.999000 UTC,1574803608.9600787,1015526,18521.95391,782176383.1010938,0
2022-01-12 00:00:00.000000 UTC,42729.29,44322.0,42450.0,43902.66,33943.2928,2022-01-12 23:59:59.999000 UTC,1470906437.7120714,1023902,17584.31885,762205618.815565,0
2022-01-13 00:00:00.000000 UTC,43902.65,44500.0,42311.22,42560.11,34910.87762,2022-01-13 23:59:59.999000 UTC,1515944525.4954948,1036234,17175.40587,746075123.2441133,0
2022-01-14 00:00:00.000000 UTC,42558.35,43448.78,41725.95,43059.96,32640.88292,2022-01-14 23:59:59.999000 UTC,1392000443.3501675,946938,15434.18945,658472386.2432475,0
2022-01-15 00:00:00.000000 UTC,43059.96,43800.0,42555.0,43084.29,21936.05616,2022-01-15 23:59:59.999000 UTC,946488263.548448,752688,11133.18615,480516487.184968,0
2022-01-16 00:00:00.000000 UTC,43084.29,43475.0,42581.79,43071.66,20602.35271,2022-01-16 23:59:59.999000 UTC,887203134.0531468,732171,10052.19291,432899939.6738643,0
2022-01-17 00:00:00.000000 UTC,43071.66,43176.18,41540.42,42201.62,27562.08613,2022-01-17 23:59:59.999000 UTC,1169381684.4668436,918029,13448.54192,570690475.9728292,0
2022-01-18 00:00:00.000000 UTC,42201.63,42691.0,41250.0,42352.12,29324.08257,2022-01-18 23:59:59.999000 UTC,1228459687.3994458,905061,14527.82371,608578954.6171259,0
2022-01-19 00:00:00.000000 UTC,42352.12,42559.13,41138.56,41660.01,31685.72159,2022-01-19 23:59:59.999000 UTC,1327478459.1602297,924528,15603.74304,653807601.672506,0
2022-01-20 00:00:00.000000 UTC,41660.0,43505.0,40553.31,40680.91,42330.33953,2022-01-20 23:59:59.999000 UTC,1784801200.404487,1098761,20201.47991,852629490.2787864,0
2022-01-21 00:00:00.000000 UTC,40680.92,41100.0,35440.45,36445.31,88860.891999,2022-01-21 23:59:59.999000 UTC,3405501703.2219367,2092561,41615.085819,1595831787.7000318,0
2022-01-22 00:00:00.000000 UTC,36445.31,36835.22,34008.0,35071.42,90471.338961,2022-01-22 23:59:59.999000 UTC,3207531048.030652,2099978,42722.278233,1514027491.3203938,0
2022-01-23 00:00:00.000000 UTC,35071.42,36499.0,34601.01,36244.55,44279.52354,2022-01-23 23:59:59.999000 UTC,1572414639.0428774,1142407,22841.39451,811501507.036306,0
2022-01-24 00:00:00.000000 UTC,36244.55,37550.0,32917.17,36660.35,91904.753211,2022-01-24 23:59:59.999000 UTC,3192041586.103189,1999352,46469.272938,1615890700.8425,0
2022-01-25 00:00:00.000000 UTC,36660.35,37545.14,35701.0,36958.32,49232.40183,2022-01-25 23:59:59.999000 UTC,1799224214.4997392,1248246,24988.42876,913198135.6036832,0
2022-01-26 00:00:00.000000 UTC,36958.32,38919.98,36234.63,36809.34,69830.16036,2022-01-26 23:59:59.999000 UTC,2627491976.6908574,1584468,35240.31542,1326474948.463224,0
2022-01-27 00:00:00.000000 UTC,36807.24,37234.47,35507.01,37160.1,53020.87934,2022-01-27 23:59:59.999000 UTC,1925920128.3436604,1308408,26750.94594,971815942.2707556,0
2022-01-28 00:00:00.000000 UTC,37160.11,38000.0,36155.01,37716.56,42154.26956,2022-01-28 23:59:59.999000 UTC,1560203931.220128,1061101,21496.47551,795847847.5123422,0
2022-01-29 00:00:00.000000 UTC,37716.57,38720.74,37268.44,38166.84,26129.49682,2022-01-29 23:59:59.999000 UTC,989652386.9966494,816601,13292.42156,503624477.659453,0
2022-01-30 00:00:00.000000 UTC,38166.83,38359.26,37351.63,37881.76,21430.66527,2022-01-30 23:59:59.999000 UTC,812750216.6010319,698593,10798.3846,409620744.0169444,0
2022-01-31 00:00:00.000000 UTC,37881.75,38744.0,36632.61,38466.9,36855.2458,2022-01-31 23:59:59.999000 UTC,1386754529.0295446,936014,18422.26954,693360023.3316519,0
2022-02-01 00:00:00.000000 UTC,38466.9,39265.2,38000.0,38694.59,34574.44663,2022-02-01 23:59:59.999000 UTC,1334266166.7099988,917617,17730.99304,684446571.1793659,0
2022-02-02 00:00:00.000000 UTC,38694.59,38855.92,36586.95,36896.36,35794.6813,2022-02-02 23:59:59.999000 UTC,1353093948.9776013,907905,17251.43687,652533107.6999176,0
2022-02-03 00:00:00.000000 UTC,36896.37,37387.0,36250.0,37311.61,32081.10999,2022-02-03 23:59:59.999000 UTC,1179502838.6566265,848961,16468.10233,605530493.5816588,0
2022-02-04 00:00:00.000000 UTC,37311.98,41772.33,37026.73,41574.25,64703.95874,2022-02-04 23:59:59.999000 UTC,2526572562.0582848,1380724,33053.66668,1291953441.5589995,0
2022-02-05 00:00:00.000000 UTC,41571.7,41913.69,40843.01,41382.59,32532.34372,2022-02-05 23:59:59.999000 UTC,1349805515.9300363,1006352,16566.08602,687352854.8254198,0
2022-02-06 00:00:00.000000 UTC,41382.6,42656.0,41116.56,42380.87,22405.16704,2022-02-06 23:59:59.999000 UTC,934168802.8801152,788291,11546.39088,481652514.3718321,0
2022-02-07 00:00:00.000000 UTC,42380.87,44500.5,41645.85,43839.99,51060.62006,2022-02-07 23:59:59.999000 UTC,2204523609.903396,1473274,25457.79986,1099936959.0396457,0
2022-02-08 00:00:00.000000 UTC,43839.99,45492.0,42666.0,44042.99,64880.29387,2022-02-08 23:59:59.999000 UTC,2847485971.4977336,1653350,33004.09337,1448178622.4660032,0
2022-02-09 00:00:00.000000 UTC,44043.0,44799.0,43117.92,44372.72,34428.16729,2022-02-09 23:59:59.999000 UTC,1512500139.1430995,1066395,17115.60108,752210712.4118421,0
2022-02-10 00:00:00.000000 UTC,44372.71,45821.0,43174.01,43495.44,62357.29091,2022-02-10 23:59:59.999000 UTC,2772188373.222783,1541483,30323.12245,1348871895.8677204,0
2022-02-11 00:00:00.000000 UTC,43495.44,43920.0,41938.51,42373.73,44975.1687,2022-02-11 23:59:59.999000 UTC,1937866768.5059533,1169354,22063.76915,950913914.0296428,0
2022-02-12 00:00:00.000000 UTC,42373.73,43079.49,41688.88,42217.87,26556.85681,2022-02-12 23:59:59.999000 UTC,1123136004.7237244,830322,12814.60322,542061655.4291937,0
2022-02-13 00:00:00.000000 UTC,42217.87,42760.0,41870.0,42053.66,17732.08113,2022-02-13 23:59:59.999000 UTC,750533311.6529565,624898,8333.13302,352741586.0597297,0
2022-02-14 00:00:00.000000 UTC,42053.65,42842.4,41550.56,42535.94,34010.1306,2022-02-14 23:59:59.999000 UTC,1436927831.4445865,867622,16912.76672,714598651.1659751,0
2022-02-15 00:00:00.000000 UTC,42535.94,44751.4,42427.03,44544.86,38095.19576,2022-02-15 23:59:59.999000 UTC,1672855933.625659,990694,19180.32434,842363401.2128453,0
2022-02-16 00:00:00.000000 UTC,44544.85,44549.97,43307.0,43873.56,28471.8727,2022-02-16 23:59:59.999000 UTC,1250973502.3018453,823745,14106.69537,619773473.0165873,0
2022-02-17 00:00:00.000000 UTC,43873.56,44164.71,40073.21,40515.7,47245.99494,2022-02-17 23:59:59.999000 UTC,1993400162.9480667,1067658,21468.60602,906038209.7818584,0
2022-02-18 00:00:00.000000 UTC,40515.71,40959.88,39450.0,39974.44,43845.92241,2022-02-18 23:59:59.999000 UTC,1765622365.952756,1025882,20609.06764,829953072.4139525,0
2022-02-19 00:00:00.000000 UTC,39974.45,40444.32,39639.03,40079.17,18042.0551,2022-02-19 23:59:59.999000 UTC,721960636.0646691,586653,8374.975,335209843.631803,0
2022-02-20 00:00:00.000000 UTC,40079.17,40125.44,38000.0,38386.89,33439.29011,2022-02-20 23:59:59.999000 UTC,1293216601.4518795,811235,15338.25392,592897166.4491583,0
2022-02-21 00:00:00.000000 UTC,38386.89,39494.35,36800.0,37008.16,62347.68496,2022-02-21 23:59:59.999000 UTC,2382027320.8617606,1352290,30617.13558,1170272316.2758772,0
2022-02-22 00:00:00.000000 UTC,37008.16,38429.0,36350.0,38230.33,53785.94589,2022-02-22 23:59:59.999000 UTC,2010628230.7549176,1212527,27322.73575,1021948126.9253064,0
2022-02-23 00:00:00.000000 UTC,38230.33,39249.93,37036.79,37250.01,43560.732,2022-02-23 23:59:59.999000 UTC,1665486687.2399373,1030872,21449.9558,820639942.0318316,0
2022-02-24 00:00:00.000000 UTC,37250.02,39843.0,34322.28,38327.21,120476.29458,2022-02-24 23:59:59.999000 UTC,4335107392.009488,2622780,60103.1314,2164376869.726107,0
2022-02-25 00:00:00.000000 UTC,38328.68,39683.53,38014.37,39219.17,56574.57125,2022-02-25 23:59:59.999000 UTC,2197889580.2826686,1408558,29904.01589,1161436657.8296285,0
2022-02-26 00:00:00.000000 UTC,39219.16,40348.45,38573.18,39116.72,29361.2568,2022-02-26 23:59:59.999000 UTC,1152621719.69438,924257,14658.93596,575852237.9808168,0
2022-02-27 00:00:00.000000 UTC,39116.73,39855.7,37000.0,37699.07,46229.44719,2022-02-27 23:59:59.999000 UTC,1780512702.886402,1265753,21789.2508,840141690.3293545,0
2022-02-28 00:00:00.000000 UTC,37699.08,44225.84,37450.17,43160.0,73945.63858,2022-02-28 23:59:59.999000 UTC,2975160226.168985,1931087,38543.78078,1553136662.0034585,0
2022-03-01 00:00:00.000000 UTC,43160.0,44949.0,42809.98,44421.2,61743.09873,2022-03-01 23:59:59.999000 UTC,2701611023.69432,1866871,30937.54085,1353520463.0084743,0
2022-03-02 00:00:00.000000 UTC,44421.2,45400.0,43334.09,43892.98,57782.65081,2022-03-02 23:59:59.999000 UTC,2550792948.288624,1653131,28624.1131,1264172354.0456262,0
2022-03-03 00:00:00.000000 UTC,43892.99,44101.12,41832.28,42454.0,50940.61021,2022-03-03 23:59:59.999000 UTC,2192152097.925188,1289320,24438.40113,1051969942.211232,0
2022-03-04 00:00:00.000000 UTC,42454.0,42527.3,38550.0,39148.66,61964.68498,2022-03-04 23:59:59.999000 UTC,2527001270.7194686,1465066,29322.62323,1196441375.2961829,0
2022-03-05 00:00:00.000000 UTC,39148.65,39613.24,38407.59,39397.96,30363.13341,2022-03-05 23:59:59.999000 UTC,1187689935.0879936,879727,14846.61434,580820200.9425652,0
2022-03-06 00:00:00.000000 UTC,39397.97,39693.87,38088.57,38420.81,39677.26158,2022-03-06 23:59:59.999000 UTC,1542258009.6292188,986352,19055.16367,740741244.8965172,0
2022-03-07 00:00:00.000000 UTC,38420.8,39547.57,37155.0,37988.0,63994.11559,2022-03-07 23:59:59.999000 UTC,2449362161.7015386,1456041,31641.49735,1211103666.7671783,0
2022-03-08 00:00:00.000000 UTC,37988.01,39362.08,37867.65,38730.63,55583.06638,2022-03-08 23:59:59.999000 UTC,2149652714.804345,1271128,27964.07361,1081516303.5940902,0
2022-03-09 00:00:00.000000 UTC,38730.63,42594.06,38656.45,41941.71,67392.58799,2022-03-09 23:59:59.999000 UTC,2797240840.960747,1570230,34598.34753,1435303843.9873853,0
2022-03-10 00:00:00.000000 UTC,41941.7,42039.63,38539.73,39422.0,71962.93154,2022-03-10 23:59:59.999000 UTC,2854310740.807673,1512655,33804.27456,1340241708.0012028,0
2022-03-11 00:00:00.000000 UTC,39422.01,40236.26,38223.6,38729.57,59018.7642,2022-03-11 23:59:59.999000 UTC,2305825015.6010857,1252571,29148.02045,1139093538.3524642,0
2022-03-12 00:00:00.000000 UTC,38729.57,39486.71,38660.52,38807.36,24034.36432,2022-03-12 23:59:59.999000 UTC,939663387.3149892,671733,11869.94851,464113572.6085631,0
2022-03-13 00:00:00.000000 UTC,38807.35,39310.0,37578.51,37777.34,32791.82359,2022-03-13 23:59:59.999000 UTC,1268441605.1866877,841844,15150.32067,586406176.6009936,0
2022-03-14 00:00:00.000000 UTC,37777.35,39947.12,37555.0,39671.37,46945.45375,2022-03-14 23:59:59.999000 UTC,1821922588.4472065,1114899,24146.76237,937313460.6262864,0
2022-03-15 00:00:00.000000 UTC,39671.37,39887.61,38098.33,39280.33,46015.54926,2022-03-15 23:59:59.999000 UTC,1796571984.458497,1060517,22657.90532,885084067.9857315,0
2022-03-16 00:00:00.000000 UTC,39280.33,41718.0,38828.48,41114.0,88120.76167,2022-03-16 23:59:59.999000 UTC,3552563766.3655386,2051837,44119.65664,1779529342.3189175,0
2022-03-17 00:00:00.000000 UTC,41114.01,41478.82,40500.0,40917.9,37189.38087,2022-03-17 23:59:59.999000 UTC,1521083189.7108624,935784,18580.98075,760015585.8029839,0
2022-03-18 00:00:00.000000 UTC,40917.89,42325.02,40135.04,41757.51,45408.00969,2022-03-18 23:59:59.999000 UTC,1862337033.4847207,1065054,22374.92757,918115615.0464844,0
2022-03-19 00:00:00.000000 UTC,41757.51,42400.0,41499.29,42201.13,29067.18108,2022-03-19 23:59:59.999000 UTC,1216709156.4428053,801197,14463.06148,605480703.8859774,0
2022-03-20 00:00:00.000000 UTC,42201.13,42296.26,40911.0,41262.11,30653.33468,2022-03-20 23:59:59.999000 UTC,1273880705.2502496,799695,14636.72662,608328201.7906688,0
2022-03-21 00:00:00.000000 UTC,41262.11,41544.22,40467.94,41002.25,39426.24877,2022-03-21 23:59:59.999000 UTC,1618789548.0684211,947206,19079.42652,783366152.1200151,0
2022-03-22 00:00:00.000000 UTC,41002.26,43361.0,40875.51,42364.13,59454.94294,2022-03-22 23:59:59.999000 UTC,2525975507.8012,1367343,30215.54785,1283334795.325262,0
2022-03-23 00:00:00.000000 UTC,42364.13,43025.96,41751.47,42882.76,40828.87039,2022-03-23 23:59:59.999000 UTC,1725787170.5823965,916671,20211.34116,854479820.5334152,0
2022-03-24 00:00:00.000000 UTC,42882.76,44220.89,42560.46,43991.46,56195.12374,2022-03-24 23:59:59.999000 UTC,2436258223.622338,1202541,27963.10189,1212354441.1395836,0
2022-03-25 00:00:00.000000 UTC,43991.46,45094.14,43579.0,44313.16,54614.43648,2022-03-25 23:59:59.999000 UTC,2421153187.6604123,1141588,27819.34765,1233475690.3636422,0
2022-03-26 00:00:00.000000 UTC,44313.16,44792.99,44071.97,44511.27,23041.61741,2022-03-26 23:59:59.999000 UTC,1022802857.60941,693647,11422.59021,507079959.2099111,0
2022-03-27 00:00:00.000000 UTC,44511.27,46999.0,44421.46,46827.76,41874.91071,2022-03-27 23:59:59.999000 UTC,1907019662.3441496,1135096,21674.84642,987241345.6462932,0
2022-03-28 00:00:00.000000 UTC,46827.76,48189.84,46663.56,47122.21,58949.2614,2022-03-28 23:59:59.999000 UTC,2789898402.616576,1498975,29097.75719,1377280753.9727275,0
2022-03-29 00:00:00.000000 UTC,47122.21,48096.47,46950.85,47434.8,36772.28457,2022-03-29 23:59:59.999000 UTC,1748600385.4502351,1095678,18192.3742,865179145.1756456,0
2022-03-30 00:00:00.000000 UTC,47434.79,47700.22,46445.42,47067.99,40947.2085,2022-03-30 23:59:59.999000 UTC,1932152559.8831124,1081607,20896.43399,985946938.5682784,0
2022-03-31 00:00:00.000000 UTC,47067.99,47600.0,45200.0,45510.34,48645.12667,2022-03-31 23:59:59.999000 UTC,2262485160.568584,1290541,22879.47328,1064278670.6426108,0
2022-04-01 00:00:00.000000 UTC,45510.35,46720.09,44200.0,46283.49,56271.06474,2022-04-01 23:59:59.999000 UTC,2556532890.870311,1372216,28041.37621,1274359931.8405368,0
2022-04-02 00:00:00.000000 UTC,46283.49,47213.0,45620.0,45811.0,37073.53582,2022-04-02 23:59:59.999000 UTC,1721690754.4393935,1056716,18562.93079,862197811.5688925,0
2022-04-03 00:00:00.000000 UTC,45810.99,47444.11,45530.92,46407.35,33394.67794,2022-04-03 23:59:59.999000 UTC,1550999693.0508049,966563,16740.18067,777615974.8155178,0
2022-04-04 00:00:00.000000 UTC,46407.36,46890.71,45118.0,46580.51,44641.87514,2022-04-04 23:59:59.999000 UTC,2053434523.8685389,1171998,21913.04154,1008164276.0490184,0
2022-04-05 00:00:00.000000 UTC,46580.5,47200.0,45353.81,45497.55,42192.74852,2022-04-05 23:59:59.999000 UTC,1951668192.9295096,1046080,20607.57735,953494654.4599284,0
2022-04-06 00:00:00.000000 UTC,45497.54,45507.14,43121.0,43170.47,60849.32936,2022-04-06 23:59:59.999000 UTC,2700644700.890392,1471912,29467.28381,1307725131.1946254,0
2022-04-07 00:00:00.000000 UTC,43170.47,43900.99,42727.35,43444.19,37396.54156,2022-04-07 23:59:59.999000 UTC,1623879486.6600313,999816,18567.25999,806358703.2156663,0
2022-04-08 00:00:00.000000 UTC,43444.2,43970.62,42107.14,42252.01,42375.04203,2022-04-08 23:59:59.999000 UTC,1830699971.611312,1108136,20530.56354,887196762.494321,0
2022-04-09 00:00:00.000000 UTC,42252.02,42800.0,42125.48,42753.97,17891.66047,2022-04-09 23:59:59.999000 UTC,759274586.6137776,640230,8910.47179,378158044.3039713,0
2022-04-10 00:00:00.000000 UTC,42753.96,43410.3,41868.0,42158.85,22771.09403,2022-04-10 23:59:59.999000 UTC,971459737.5009404,678983,10952.24952,467438845.4221835,0
2022-04-11 00:00:00.000000 UTC,42158.85,42414.71,39200.0,39530.45,63560.44721,2022-04-11 23:59:59.999000 UTC,2602039073.015044,1385924,30543.05561,1251713135.500008,0
2022-04-12 00:00:00.000000 UTC,39530.45,40699.0,39254.63,40074.94,57751.01778,2022-04-12 23:59:59.999000 UTC,2309514071.593873,1153667,28344.99788,1133659106.6557107,0
2022-04-13 00:00:00.000000 UTC,40074.95,41561.31,39588.54,41147.79,41342.27254,2022-04-13 23:59:59.999000 UTC,1677171454.0910792,948061,20522.54699,832653378.5114936,0
2022-04-14 00:00:00.000000 UTC,41147.78,41500.0,39551.94,39942.38,36807.01401,2022-04-14 23:59:59.999000 UTC,1494726286.01801,803756,17787.82129,722216571.859389,0
2022-04-15 00:00:00.000000 UTC,39942.37,40870.36,39766.4,40551.9,24026.35739,2022-04-15 23:59:59.999000 UTC,966888436.8162508,616536,11755.54439,473100437.47337526,0
2022-04-16 00:00:00.000000 UTC,40551.9,40709.35,39991.55,40378.71,15805.44718,2022-04-16 23:59:59.999000 UTC,638275503.9141085,423446,7642.38243,308642382.8796384,0
2022-04-17 00:00:00.000000 UTC,40378.7,40595.67,39546.17,39678.12,19988.49259,2022-04-17 23:59:59.999000 UTC,803414248.9836986,590241,9578.91533,385124871.4665126,0
2022-04-18 00:00:00.000000 UTC,39678.11,41116.73,38536.51,40801.13,54243.49575,2022-04-18 23:59:59.999000 UTC,2153574975.9131336,1157741,27097.19375,1076513006.7058177,0
2022-04-19 00:00:00.000000 UTC,40801.13,41760.0,40571.0,41493.18,35788.85843,2022-04-19 23:59:59.999000 UTC,1472363265.362188,934526,17806.81506,732539241.8896791,0
2022-04-20 00:00:00.000000 UTC,41493.19,42199.0,40820.0,41358.19,40877.35041,2022-04-20 23:59:59.999000 UTC,1697039284.0853007,1063843,20007.29623,830754792.6236622,0
2022-04-21 00:00:00.000000 UTC,41358.19,42976.0,39751.0,40480.01,59316.27657,2022-04-21 23:59:59.999000 UTC,2476061417.8872576,1515456,29413.89548,1228429890.9573543,0
2022-04-22 00:00:00.000000 UTC,40480.01,40795.06,39177.0,39709.18,46664.0196,2022-04-22 23:59:59.999000 UTC,1870172362.40225,1043471,23248.71242,931654706.5531976,0
2022-04-23 00:00:00.000000 UTC,39709.19,39980.0,39285.0,39441.6,20291.42375,2022-04-23 23:59:59.999000 UTC,804677022.9078971,724132,10217.20484,405193110.9436816,0
2022-04-24 00:00:00.000000 UTC,39441.61,39940.0,38929.62,39450.13,26703.61186,2022-04-24 23:59:59.999000 UTC,1056336243.0198607,868183,12639.70229,500129939.0779573,0
2022-04-25 00:00:00.000000 UTC,39450.12,40616.0,38200.0,40426.08,63037.12784,2022-04-25 23:59:59.999000 UTC,2470071005.2401423,1280351,31958.39557,1252785476.6028605,0
2022-04-26 00:00:00.000000 UTC,40426.08,40797.31,37702.26,38112.65,66650.258,2022-04-26 23:59:59.999000 UTC,2615206861.8349133,1381618,31936.9422,1253685872.4445755,0
2022-04-27 00:00:00.000000 UTC,38112.64,39474.72,37881.31,39235.72,57083.12272,2022-04-27 23:59:59.999000 UTC,2218523642.426388,1232083,28942.08915,1124748467.7003632,0
2022-04-28 00:00:00.000000 UTC,39235.72,40372.63,38881.43,39742.07,56086.6715,2022-04-28 23:59:59.999000 UTC,2223808385.806376,1135242,28519.46629,1130865428.7936184,0
2022-04-29 00:00:00.000000 UTC,39742.06,39925.25,38175.0,38596.11,51453.65715,2022-04-29 23:59:59.999000 UTC,2006135662.8559992,1101140,24773.60543,966125835.4961329,0
2022-04-30 00:00:00.000000 UTC,38596.11,38795.38,37578.2,37630.8,35321.18989,2022-04-30 23:59:59.999000 UTC,1354900532.1335113,1017369,16523.43017,634076437.1873089,0
2022-05-01 00:00:00.000000 UTC,37630.8,38675.0,37386.38,38468.35,38812.24104,2022-05-01 23:59:59.999000 UTC,1478259271.913873,1021157,19551.11747,744825800.8143975,0
2022-05-02 00:00:00.000000 UTC,38468.35,39167.34,38052.0,38525.16,53200.92628,2022-05-02 23:59:59.999000 UTC,2058450718.2963235,1053893,27276.29561,1055369693.1339272,0
2022-05-03 00:00:00.000000 UTC,38525.16,38651.51,37517.8,37728.95,40316.45358,2022-05-03 23:59:59.999000 UTC,1539320434.2647235,1005131,20002.76343,764016892.6745052,0
2022-05-04 00:00:00.000000 UTC,37728.95,40023.77,37670.0,39690.0,62574.61736,2022-05-04 23:59:59.999000 UTC,2438553987.453544,1238847,32968.16942,1284541284.602138,0
2022-05-05 00:00:00.000000 UTC,39690.0,39845.51,35571.9,36552.97,88722.43355,2022-05-05 23:59:59.999000 UTC,3329684235.963952,1979692,41786.44096,1568954443.5851629,0
2022-05-06 00:00:00.000000 UTC,36552.97,36675.63,35258.0,36013.77,68437.80187,2022-05-06 23:59:59.999000 UTC,2466507512.182029,1214518,34536.42346,1245062436.8376348,0
2022-05-07 00:00:00.000000 UTC,36013.77,36146.3,34785.0,35472.39,34281.70682,2022-05-07 23:59:59.999000 UTC,1222539413.6400983,746488,15385.18829,548855038.2356379,0
2022-05-08 00:00:00.000000 UTC,35472.4,35514.22,33713.95,34038.4,72445.64344,2022-05-08 23:59:59.999000 UTC,2498365159.9945807,1301451,32350.03935,1115547715.9145272,0
2022-05-09 00:00:00.000000 UTC,34038.39,34243.15,30033.33,30076.31,191876.926428,2022-05-09 23:59:59.999000 UTC,6166367111.275724,2564538,86538.962569,2781053306.4725456,0
2022-05-10 00:00:00.000000 UTC,30074.23,32658.99,29730.4,31017.1,165532.00311,2022-05-10 23:59:59.999000 UTC,5179856929.47993,2470325,73691.196106,2307177624.541944,0
2022-05-11 00:00:00.000000 UTC,31017.11,32162.59,27785.0,29103.94,207063.739278,2022-05-11 23:59:59.999000 UTC,6300295994.553139,3559270,99622.117475,3036296142.098209,0
2022-05-12 00:00:00.000000 UTC,29103.94,30243.0,26700.0,29029.75,204507.263138,2022-05-12 23:59:59.999000 UTC,5795451310.945578,3951233,101465.278257,2877462252.212228,0
2022-05-13 00:00:00.000000 UTC,29029.74,31083.37,28751.67,29287.05,97872.36957,2022-05-13 23:59:59.999000 UTC,2956855804.856112,2051900,48827.72764,1475641181.96275,0
2022-05-14 00:00:00.000000 UTC,29287.05,30343.27,28630.0,30086.74,51095.87863,2022-05-14 23:59:59.999000 UTC,1501483453.5008905,1204626,25908.17135,761545954.1904565,0
2022-05-15 00:00:00.000000 UTC,30086.74,31460.0,29480.0,31328.89,46275.66912,2022-05-15 23:59:59.999000 UTC,1401499926.2304175,1016769,24163.362,732332763.6094487,0
2022-05-16 00:00:00.000000 UTC,31328.89,31328.9,29087.04,29874.01,73082.19658,2022-05-16 23:59:59.999000 UTC,2185567735.6820626,1561954,36284.05379,1085179422.7219367,0
2022-05-17 00:00:00.000000 UTC,29874.01,30788.37,29450.38,30444.93,56724.13307,2022-05-17 23:59:59.999000 UTC,1715109131.0802064,1175382,28600.36238,865031716.5404288,0
2022-05-18 00:00:00.000000 UTC,30444.93,30709.99,28654.47,28715.32,59749.15799,2022-05-18 23:59:59.999000 UTC,1762843836.126938,1379212,29501.76769,870623227.207057,0
2022-05-19 00:00:00.000000 UTC,28715.33,30545.18,28691.38,30319.23,67877.36415,2022-05-19 23:59:59.999000 UTC,2014360135.785272,1860780,35339.65787,1049163442.9020371,0
2022-05-20 00:00:00.000000 UTC,30319.22,30777.33,28730.0,29201.01,60517.25325,2022-05-20 23:59:59.999000 UTC,1800589029.270878,1694004,30890.40127,919467696.6181592,0
2022-05-21 00:00:00.000000 UTC,29201.01,29656.18,28947.28,29445.06,20987.13124,2022-05-21 23:59:59.999000 UTC,616194663.9792111,643486,10558.92886,310046148.8025876,0
2022-05-22 00:00:00.000000 UTC,29445.07,30487.99,29255.11,30293.94,36158.98748,2022-05-22 23:59:59.999000 UTC,1082530816.01625,862880,18538.10071,555044195.7973803,0
2022-05-23 00:00:00.000000 UTC,30293.93,30670.51,28866.35,29109.15,63901.49932,2022-05-23 23:59:59.999000 UTC,1914305818.074519,1328317,30476.66811,913813980.9533184,0
2022-05-24 00:00:00.000000 UTC,29109.14,29845.86,28669.0,29654.58,59442.96036,2022-05-24 23:59:59.999000 UTC,1740257602.3067698,946421,29480.07674,863516681.5129281,0
2022-05-25 00:00:00.000000 UTC,29654.58,30223.74,29294.21,29542.15,59537.38659,2022-05-25 23:59:59.999000 UTC,1771708175.0718913,985440,28846.96589,858587338.503838,0
2022-05-26 00:00:00.000000 UTC,29542.14,29886.64,28019.56,29201.35,94581.65463,2022-05-26 23:59:59.999000 UTC,2759055410.397752,1431112,45206.85416,1319426335.716236,0
2022-05-27 00:00:00.000000 UTC,29201.35,29397.66,28282.9,28629.8,90998.5201,2022-05-27 23:59:59.999000 UTC,2626515958.503489,1321406,43590.05398,1258912486.70486,0
2022-05-28 00:00:00.000000 UTC,28629.81,29266.0,28450.0,29031.33,34479.35127,2022-05-28 23:59:59.999000 UTC,994674257.5679232,684423,17561.21465,506633343.6800464,0
2022-05-29 00:00:00.000000 UTC,29031.33,29587.78,28839.21,29468.1,27567.34764,2022-05-29 23:59:59.999000 UTC,804777532.6497605,635311,13735.42581,401056725.5655391,0
2022-05-30 00:00:00.000000 UTC,29468.1,32222.0,29299.62,31734.22,96785.9476,2022-05-30 23:59:59.999000 UTC,2980527582.4674954,1380410,45024.45633,1384940691.9669578,0
2022-05-31 00:00:00.000000 UTC,31734.23,32399.0,31200.01,31801.04,62433.11632,2022-05-31 23:59:59.999000 UTC,1981259117.0115464,1161340,30046.95511,953574564.3261106,0
2022-06-01 00:00:00.000000 UTC,31801.05,31982.97,29301.0,29805.83,103395.63382,2022-06-01 23:59:59.999000 UTC,3171191028.249736,1404611,47614.81205,1460767260.6962943,0
2022-06-02 00:00:00.000000 UTC,29805.84,30689.0,29594.55,30452.62,56961.42928,2022-06-02 23:59:59.999000 UTC,1711652906.191896,1086183,28555.06607,858193492.4047693,0
2022-06-03 00:00:00.000000 UTC,30452.63,30699.0,29282.36,29700.21,54067.44727,2022-06-03 23:59:59.999000 UTC,1615616950.7143807,993769,26583.25141,794354787.3420941,0
2022-06-04 00:00:00.000000 UTC,29700.21,29988.88,29485.0,29864.04,25617.90113,2022-06-04 23:59:59.999000 UTC,760874329.4663155,618037,12971.7246,385358236.91578,0
2022-06-05 00:00:00.000000 UTC,29864.03,30189.0,29531.42,29919.21,23139.9281,2022-06-05 23:59:59.999000 UTC,691201528.1600257,604680,11753.51303,351150600.7844381,0
2022-06-06 00:00:00.000000 UTC,29919.2,31765.64,29890.23,31373.1,68836.92456,2022-06-06 23:59:59.999000 UTC,2149499896.934937,1124745,34225.53913,1068381827.9889436,0
2022-06-07 00:00:00.000000 UTC,31373.1,31589.6,29218.96,31125.33,110674.51658,2022-06-07 23:59:59.999000 UTC,3347397952.7305903,1743957,54831.53114,1661147413.2582464,0
2022-06-08 00:00:00.000000 UTC,31125.32,31327.22,29843.88,30204.77,68542.61276,2022-06-08 23:59:59.999000 UTC,2087270428.3470392,1236327,32668.41005,995180478.2745384,0
2022-06-09 00:00:00.000000 UTC,30204.77,30700.0,29944.1,30109.93,46291.1865,2022-06-09 23:59:59.999000 UTC,1399839073.774508,841562,23082.29251,697948605.9884633,0
2022-06-10 00:00:00.000000 UTC,30109.93,30382.8,28850.0,29091.88,76204.2498,2022-06-10 23:59:59.999000 UTC,2255866294.494887,1258608,35502.20972,1050877735.8447756,0
2022-06-11 00:00:00.000000 UTC,29091.87,29440.41,28099.99,28424.7,65901.39895,2022-06-11 23:59:59.999000 UTC,1892007188.0756,1084163,31848.3308,914365117.8340094,0
2022-06-12 00:00:00.000000 UTC,28424.71,28544.96,26560.0,26574.53,92474.598809,2022-06-12 23:59:59.999000 UTC,2551767136.3295846,1451271,43538.78641,1201389150.8900456,0
2022-06-13 00:00:00.000000 UTC,26574.53,26895.84,21925.77,22487.41,254611.034966,2022-06-13 23:59:59.999000 UTC,6192246037.404873,3261484,121398.556133,2953984191.5180383,0
2022-06-14 00:00:00.000000 UTC,22485.27,23362.88,20846.0,22136.41,187201.64671,2022-06-14 23:59:59.999000 UTC,4136108699.025428,2583151,92764.742864,2051107738.6303785,0
2022-06-15 00:00:00.000000 UTC,22136.42,22800.0,20111.62,22583.72,200774.493467,2022-06-15 23:59:59.999000 UTC,4249276481.2566967,2847831,98340.102217,2083014439.1952903,0
2022-06-16 00:00:00.000000 UTC,22583.72,22995.73,20232.0,20401.31,99673.59429,2022-06-16 23:59:59.999000 UTC,2130037160.0626109,1690477,48048.86237,1027305936.8191556,0
2022-06-17 00:00:00.000000 UTC,20400.6,21365.43,20246.66,20468.81,86694.33663,2022-06-17 23:59:59.999000 UTC,1796575392.5507207,1352992,43066.94445,892584106.6574169,0
2022-06-18 00:00:00.000000 UTC,20468.81,20792.06,17622.0,18970.79,196441.655524,2022-06-18 23:59:59.999000 UTC,3726639821.6961513,2467372,96560.044649,1833514054.889341,0
2022-06-19 00:00:00.000000 UTC,18970.79,20815.95,17960.41,20574.0,128320.87595,2022-06-19 23:59:59.999000 UTC,2487561781.535987,1950660,65871.82216,1277952917.4081194,0
2022-06-20 00:00:00.000000 UTC,20574.0,21090.0,19637.03,20573.89,109028.94154,2022-06-20 23:59:59.999000 UTC,2220396381.7426524,1639448,54047.82476,1100883996.500353,0
2022-06-21 00:00:00.000000 UTC,20573.9,21723.0,20348.4,20723.52,104371.0749,2022-06-21 23:59:59.999000 UTC,2198596137.343284,1515321,52193.33566,1099446297.1228633,0
2022-06-22 00:00:00.000000 UTC,20723.51,20900.0,19770.51,19987.99,92133.97938,2022-06-22 23:59:59.999000 UTC,1872204589.2375813,1394981,44907.30453,912710764.7302252,0
2022-06-23 00:00:00.000000 UTC,19988.0,21233.0,19890.07,21110.13,83127.08716,2022-06-23 23:59:59.999000 UTC,1710694866.4572449,1207858,42716.83721,879244263.2830158,0
2022-06-24 00:00:00.000000 UTC,21110.12,21558.41,20736.72,21237.69,77430.36622,2022-06-24 23:59:59.999000 UTC,1635129191.170251,1309709,38582.36962,815027131.3205568,0
2022-06-25 00:00:00.000000 UTC,21237.68,21614.5,20906.62,21491.19,51431.67794,2022-06-25 23:59:59.999000 UTC,1093873137.974752,874540,25240.18142,536863288.4627487,0
2022-06-26 00:00:00.000000 UTC,21491.18,21888.0,20964.73,21038.07,53278.10464,2022-06-26 23:59:59.999000 UTC,1139258367.1629148,885306,26051.16372,557192553.7220398,0
2022-06-27 00:00:00.000000 UTC,21038.08,21539.85,20510.0,20742.56,64475.0013,2022-06-27 23:59:59.999000 UTC,1354369225.8404648,1002214,31992.4604,672191483.8106796,0
2022-06-28 00:00:00.000000 UTC,20742.57,21212.1,20202.01,20281.29,63801.0832,2022-06-28 23:59:59.999000 UTC,1321862977.9315486,1064497,30490.78532,631852171.7596263,0
2022-06-29 00:00:00.000000 UTC,20281.28,20432.31,19854.92,20123.01,77309.04379,2022-06-29 23:59:59.999000 UTC,1556549790.008924,1210636,37814.12159,761473366.3908589,0
2022-06-30 00:00:00.000000 UTC,20123.0,20179.08,18626.0,19942.21,93846.64806,2022-06-30 23:59:59.999000 UTC,1808994369.031444,1438163,45447.98482,876020577.3495957,0
2022-07-01 00:00:00.000000 UTC,19942.21,20918.35,18975.0,19279.8,111844.59494,2022-07-01 23:59:59.999000 UTC,2197016369.9695287,1668363,56417.61783,1108492421.9565265,0
2022-07-02 00:00:00.000000 UTC,19279.8,19467.39,18977.01,19252.81,46180.3021,2022-07-02 23:59:59.999000 UTC,888415536.8730664,833508,23693.90779,455851305.3763755,0
2022-07-03 00:00:00.000000 UTC,19252.82,19647.63,18781.0,19315.83,51087.46631,2022-07-03 23:59:59.999000 UTC,980255891.3952552,880786,25361.96292,486752875.4369992,0
2022-07-04 00:00:00.000000 UTC,19315.83,20354.01,19055.31,20236.71,74814.04601,2022-07-04 23:59:59.999000 UTC,1470987695.521582,1282843,38543.72441,758241531.9880207,0
2022-07-05 00:00:00.000000 UTC,20236.71,20750.0,19304.4,20175.83,96041.13756,2022-07-05 23:59:59.999000 UTC,1919950110.1674304,1612273,48358.47507,967109793.3844756,0
2022-07-06 00:00:00.000000 UTC,20175.84,20675.22,19761.25,20564.51,82439.5808,2022-07-06 23:59:59.999000 UTC,1665481948.009632,1472221,41580.73433,840150579.6426861,0
2022-07-07 00:00:00.000000 UTC,20564.51,21838.1,20251.68,21624.98,85014.58261,2022-07-07 23:59:59.999000 UTC,1783224085.72368,1653722,42731.5372,896703207.2104565,0
2022-07-08 00:00:00.000000 UTC,21624.99,22527.37,21189.26,21594.75,403081.57349,2022-07-08 23:59:59.999000 UTC,8781330156.61243,4358216,201798.10144,4396546053.031909,0
2022-07-09 00:00:00.000000 UTC,21594.75,21980.0,21322.12,21591.83,178417.84468,2022-07-09 23:59:59.999000 UTC,3857190523.494272,3524386,89418.01811,1933132016.3047256,0
2022-07-10 00:00:00.000000 UTC,21592.15,21607.65,20655.0,20862.47,192188.21556,2022-07-10 23:59:59.999000 UTC,4062794310.2720337,3434401,95376.75351,2016291891.374369,0
2022-07-11 00:00:00.000000 UTC,20861.11,20868.48,19875.23,19963.61,137535.40724,2022-07-11 23:59:59.999000 UTC,2813718031.1093426,3232941,66869.47065,1368289522.9848232,0
2022-07-12 00:00:00.000000 UTC,19963.61,20059.42,19240.0,19328.75,139506.45862,2022-07-12 23:59:59.999000 UTC,2754215439.3324776,3626399,67681.11612,1336338002.7004988,0
2022-07-13 00:00:00.000000 UTC,19331.28,20366.61,18910.94,20234.87,209250.24888,2022-07-13 23:59:59.999000 UTC,4096306063.801935,4789109,103667.13511,2029863027.1787183,0
2022-07-14 00:00:00.000000 UTC,20234.87,20900.0,19616.07,20588.84,174809.21696,2022-07-14 23:59:59.999000 UTC,3526210098.285044,4576355,87993.05801,1775442258.4092436,0
2022-07-15 00:00:00.000000 UTC,20588.84,21200.0,20382.29,20830.04,143343.3049,2022-07-15 23:59:59.999000 UTC,2984339734.3532705,4411375,71354.9491,1485929119.4276447,0
2022-07-16 00:00:00.000000 UTC,20830.04,21588.94,20478.61,21195.6,121011.67393,2022-07-16 23:59:59.999000 UTC,2539616922.7986083,3723401,61225.46264,1285100231.955788,0
2022-07-17 00:00:00.000000 UTC,21195.6,21684.54,20750.01,20798.16,118229.4525,2022-07-17 23:59:59.999000 UTC,2511251392.5765257,4261057,59550.95291,1265042502.4618275,0
2022-07-18 00:00:00.000000 UTC,20799.58,22777.63,20762.45,22432.58,239942.73132,2022-07-18 23:59:59.999000 UTC,5263396811.539256,6564387,122398.31862,2685273104.2955766,0
2022-07-19 00:00:00.000000 UTC,22432.58,23800.0,21579.54,23396.62,263770.76574,2022-07-19 23:59:59.999000 UTC,5954419902.221928,6488375,132874.43405,2999605957.3039503,0
2022-07-20 00:00:00.000000 UTC,23398.48,24276.74,22906.19,23223.3,238762.17094,2022-07-20 23:59:59.999000 UTC,5631801151.220376,6364038,119820.55352,2826789486.1693096,0
2022-07-21 00:00:00.000000 UTC,23223.3,23442.77,22341.46,23152.19,184817.68191,2022-07-21 23:59:59.999000 UTC,4232411759.395025,4808194,92958.794,2128895623.6599832,0
2022-07-22 00:00:00.000000 UTC,23152.19,23756.49,22500.0,22684.83,171598.43966,2022-07-22 23:59:59.999000 UTC,3981394766.2280574,4745582,85026.96828,1973166657.8835504,0
2022-07-23 00:00:00.000000 UTC,22684.83,23000.77,21934.57,22451.07,122137.77375,2022-07-23 23:59:59.999000 UTC,2745262660.6777816,3762227,61569.86415,1383868861.284547,0
2022-07-24 00:00:00.000000 UTC,22448.58,23014.64,22257.15,22579.68,115189.67277,2022-07-24 23:59:59.999000 UTC,2610817967.163939,3671238,58086.99433,1316724597.4433148,0
2022-07-25 00:00:00.000000 UTC,22577.13,22666.0,21250.0,21310.9,180344.76643,2022-07-25 23:59:59.999000 UTC,3954002948.5472574,4807238,88021.9456,1930051719.273192,0
2022-07-26 00:00:00.000000 UTC,21310.9,21347.82,20706.5,21254.67,177817.24326,2022-07-26 23:59:59.999000 UTC,3738774849.3577113,4545385,87353.4604,1836821500.493304,0
2022-07-27 00:00:00.000000 UTC,21254.67,23112.63,21042.53,22952.45,210971.19796,2022-07-27 23:59:59.999000 UTC,4614909656.6957855,5475738,106519.12743,2330764840.646868,0
2022-07-28 00:00:00.000000 UTC,22954.31,24199.72,22582.13,23842.93,236029.0741,2022-07-28 23:59:59.999000 UTC,5511388547.615389,6500034,118170.70945,2759524239.0245447,0
2022-07-29 00:00:00.000000 UTC,23845.25,24442.66,23414.03,23773.75,198298.50623,2022-07-29 23:59:59.999000 UTC,4733780641.305037,6221401,100165.6085,2391310897.487863,0
2022-07-30 00:00:00.000000 UTC,23777.28,24668.0,23502.25,23643.51,151060.13211,2022-07-30 23:59:59.999000 UTC,3634601094.96542,4801528,75778.59282,1823456271.8759687,0
2022-07-31 00:00:00.000000 UTC,23644.64,24194.82,23227.31,23293.32,127743.32483,2022-07-31 23:59:59.999000 UTC,3028386330.644832,4463721,63737.43859,1511326027.2234037,0
2022-08-01 00:00:00.000000 UTC,23296.36,23509.68,22850.0,23268.01,144210.16219,2022-08-01 23:59:59.999000 UTC,3346371889.652121,4775213,71458.39583,1658446268.2253966,0
2022-08-02 00:00:00.000000 UTC,23266.9,23459.89,22654.37,22987.79,158073.28225,2022-08-02 23:59:59.999000 UTC,3631020649.22638,5066511,78122.08501,1794828205.6239038,0
2022-08-03 00:00:00.000000 UTC,22985.93,23647.68,22681.22,22818.37,145948.80995,2022-08-03 23:59:59.999000 UTC,3385430753.8050184,4887642,72355.55623,1678928892.7538445,0
2022-08-04 00:00:00.000000 UTC,22816.91,23223.32,22400.0,22622.98,154854.67016,2022-08-04 23:59:59.999000 UTC,3537434334.434649,4966138,76123.82073,1739248152.8679469,0
2022-08-05 00:00:00.000000 UTC,22622.41,23472.86,22586.95,23312.42,175251.69749,2022-08-05 23:59:59.999000 UTC,4046435951.354509,5340569,88240.55478,2037539950.682064,0
2022-08-06 00:00:00.000000 UTC,23313.56,23354.36,22909.52,22954.21,83911.80307,2022-08-06 23:59:59.999000 UTC,1944693656.706568,3360228,41438.9761,960462308.0530332,0
2022-08-07 00:00:00.000000 UTC,22954.21,23402.0,22844.62,23174.39,88890.00877,2022-08-07 23:59:59.999000 UTC,2051763044.5523689,3646643,44744.90366,1032885708.1753824,0
2022-08-08 00:00:00.000000 UTC,23174.39,24245.0,23154.25,23810.0,170958.44152,2022-08-08 23:59:59.999000 UTC,4078052110.543128,5892045,85942.29725,2050118384.21205,0
2022-08-09 00:00:00.000000 UTC,23810.98,23933.25,22865.0,23149.95,143182.50858,2022-08-09 23:59:59.999000 UTC,3347110918.907211,5105613,70598.77953,1650310502.5693648,0
2022-08-10 00:00:00.000000 UTC,23151.32,24226.0,22664.69,23954.05,208916.54953,2022-08-10 23:59:59.999000 UTC,4918825599.489632,6818207,105046.91327,2473680340.3238072,0
2022-08-11 00:00:00.000000 UTC,23954.05,24918.54,23852.13,23934.39,249759.79557,2022-08-11 23:59:59.999000 UTC,6097813762.895935,8269994,125001.90721,3051727583.877025,0
2022-08-12 00:00:00.000000 UTC,23933.09,24456.5,23583.0,24403.68,174207.5704,2022-08-12 23:59:59.999000 UTC,4175834601.8605466,6134163,87283.3227,2092464530.227176,0
2022-08-13 00:00:00.000000 UTC,24401.7,24888.0,24291.22,24441.38,152852.25435,2022-08-13 23:59:59.999000 UTC,3751417148.252107,5617859,76352.504,1873989924.2022443,0
2022-08-14 00:00:00.000000 UTC,24443.06,25047.56,24144.0,24305.24,151206.14473,2022-08-14 23:59:59.999000 UTC,3708565144.898009,5473905,75296.97372,1847145729.8789525,0
2022-08-15 00:00:00.000000 UTC,24305.25,25211.32,23773.22,24094.82,242539.54758,2022-08-15 23:59:59.999000 UTC,5894066098.523285,7488466,120284.46467,2923411975.708476,0
2022-08-16 00:00:00.000000 UTC,24093.04,24247.49,23671.22,23854.74,179324.94821,2022-08-16 23:59:59.999000 UTC,4294907691.650949,5978567,89812.55435,2151240576.226177,0
2022-08-17 00:00:00.000000 UTC,23856.15,24446.71,23180.4,23342.66,210668.68766,2022-08-17 23:59:59.999000 UTC,4993659434.236888,6901586,105158.87989,2493209361.5022287,0
2022-08-18 00:00:00.000000 UTC,23342.66,23600.0,23111.04,23191.2,144185.97011,2022-08-18 23:59:59.999000 UTC,3375338942.261788,6029662,71864.05086,1682458592.2075613,0
2022-08-19 00:00:00.000000 UTC,23191.45,23208.67,20783.57,20834.39,283995.87747,2022-08-19 23:59:59.999000 UTC,6181759252.730264,8860928,139601.81043,3038568050.675256,0
2022-08-20 00:00:00.000000 UTC,20834.39,21382.85,20761.9,21140.07,183041.68363,2022-08-20 23:59:59.999000 UTC,3871242921.22468,5723362,91862.59461,1943014391.2462528,0
2022-08-21 00:00:00.000000 UTC,21140.07,21800.0,21069.11,21515.61,159200.6841,2022-08-21 23:59:59.999000 UTC,3405034922.8070774,5034461,80239.2419,1716250543.035858,0
2022-08-22 00:00:00.000000 UTC,21516.7,21548.71,20890.18,21399.83,222222.04526,2022-08-22 23:59:59.999000 UTC,4721412016.903412,6443370,110925.72751,2356921868.623943,0
2022-08-23 00:00:00.000000 UTC,21400.75,21684.87,20890.14,21529.12,200967.77164,2022-08-23 23:59:59.999000 UTC,4299812533.944709,6333442,101222.30098,2165911837.1236906,0
2022-08-24 00:00:00.000000 UTC,21529.11,21900.0,21145.0,21368.08,174383.22046,2022-08-24 23:59:59.999000 UTC,3744196823.564855,5561412,86499.84759,1857345193.8069584,0
2022-08-25 00:00:00.000000 UTC,21368.05,21819.88,21310.15,21559.04,169915.78301,2022-08-25 23:59:59.999000 UTC,3672148286.6013737,5618785,84555.07067,1827390010.1745017,0
2022-08-26 00:00:00.000000 UTC,21559.04,21886.77,20107.9,20241.05,273811.61955,2022-08-26 23:59:59.999000 UTC,5785149465.09769,7587244,135780.72507,2869440464.9916983,0
2022-08-27 00:00:00.000000 UTC,20239.14,20402.93,19800.0,20037.6,162582.46032,2022-08-27 23:59:59.999000 UTC,3269764074.35644,5263328,80922.99413,1627546028.5246556,0
2022-08-28 00:00:00.000000 UTC,20037.6,20171.18,19520.0,19555.61,139307.95976,2022-08-28 23:59:59.999000 UTC,2781133881.0518456,4678693,69363.5072,1384969093.7702348,0
2022-08-29 00:00:00.000000 UTC,19555.61,20433.62,19550.79,20285.73,210509.49545,2022-08-29 23:59:59.999000 UTC,4211334408.9865937,5840323,105809.86253,2116902111.20904,0
2022-08-30 00:00:00.000000 UTC,20287.2,20576.25,19540.0,19811.66,256634.35529,2022-08-30 23:59:59.999000 UTC,5157974826.609323,6593178,126919.07924,2551087936.8586006,0
2022-08-31 00:00:00.000000 UTC,19813.03,20490.0,19797.94,20050.02,276946.60765,2022-08-31 23:59:59.999000 UTC,5595829094.391042,6389133,140474.46035,2838456435.8151093,0
2022-09-01 00:00:00.000000 UTC,20048.44,20208.37,19565.66,20131.46,245289.97263,2022-09-01 23:59:59.999000 UTC,4893158531.781241,5937975,121158.48629,2417157339.99022,0
2022-09-02 00:00:00.000000 UTC,20132.64,20441.26,19755.29,19951.86,245986.6033,2022-09-02 23:59:59.999000 UTC,4946889819.514837,5740705,122616.90745,2466027768.598654,0
2022-09-03 00:00:00.000000 UTC,19950.98,20055.93,19652.72,19831.9,146639.03204,2022-09-03 23:59:59.999000 UTC,2908816275.0102863,3739909,72556.83777,1439326777.5857377,0
2022-09-04 00:00:00.000000 UTC,19832.45,20029.23,19583.1,20000.3,145588.77893,2022-09-04 23:59:59.999000 UTC,2883227667.1961923,3838915,72789.26129,1441735599.5476143,0
2022-09-05 00:00:00.000000 UTC,20000.3,20057.27,19633.83,19796.84,222543.01057,2022-09-05 23:59:59.999000 UTC,4404971191.907025,4657233,110786.05423,2193009371.5191665,0
2022-09-06 00:00:00.000000 UTC,19795.34,20180.0,18649.51,18790.61,356315.05718,2022-09-06 23:59:59.999000 UTC,6976809188.410191,7124384,175781.84468,3443135959.018857,0
2022-09-07 00:00:00.000000 UTC,18790.61,19464.06,18510.77,19292.84,287394.7788,2022-09-07 23:59:59.999000 UTC,5436827909.201311,5597127,142700.96438,2700094090.5392246,0
2022-09-08 00:00:00.000000 UTC,19292.85,19458.25,19012.0,19319.77,262813.28273,2022-09-08 23:59:59.999000 UTC,5057217166.675081,6013826,131429.45873,2529247772.3438287,0
2022-09-09 00:00:00.000000 UTC,19320.54,21597.22,19291.75,21360.11,428919.74652,2022-09-09 23:59:59.999000 UTC,8929831332.708796,7777214,217979.24137,4537141163.9901085,0
2022-09-10 00:00:00.000000 UTC,21361.62,21810.8,21111.13,21648.34,307997.33504,2022-09-10 23:59:59.999000 UTC,6589753118.84113,5615783,154171.04126,3298995539.435664,0
2022-09-11 00:00:00.000000 UTC,21647.21,21860.0,21350.0,21826.87,280702.55149,2022-09-11 23:59:59.999000 UTC,6064643642.716231,4801844,141171.88117,3050253458.283562,0
2022-09-12 00:00:00.000000 UTC,21826.87,22488.0,21538.51,22395.74,395395.61828,2022-09-12 23:59:59.999000 UTC,8743762682.841719,6979539,199489.5406,4411479060.203694,0
2022-09-13 00:00:00.000000 UTC,22395.44,22799.0,19860.0,20173.57,431915.03333,2022-09-13 23:59:59.999000 UTC,9302239274.39612,8126869,217144.54247,4679543994.693207,0
2022-09-14 00:00:00.000000 UTC,20173.62,20541.48,19617.62,20226.71,340826.40151,2022-09-14 23:59:59.999000 UTC,6886235196.646198,6313052,169670.53169,3428396493.969275,0
2022-09-15 00:00:00.000000 UTC,20227.17,20330.24,19497.0,19701.88,333069.76076,2022-09-15 23:59:59.999000 UTC,6655264974.21376,6690974,165652.7291,3310217929.741116,0
2022-09-16 00:00:00.000000 UTC,19701.88,19890.0,19320.01,19803.3,283791.07064,2022-09-16 23:59:59.999000 UTC,5584012914.113887,5120935,141085.20536,2776292772.190228,0
2022-09-17 00:00:00.000000 UTC,19803.3,20189.0,19748.08,20113.62,179350.24338,2022-09-17 23:59:59.999000 UTC,3578667842.695283,3862666,89621.58733,1788389852.300196,0
2022-09-18 00:00:00.000000 UTC,20112.61,20117.26,19335.62,19416.18,254217.46904,2022-09-18 23:59:59.999000 UTC,5033968947.530573,4634096,124480.59651,2465062845.967856,0
2022-09-19 00:00:00.000000 UTC,19417.45,19686.2,18232.56,19537.02,380512.40306,2022-09-19 23:59:59.999000 UTC,7215196795.656052,6820580,189241.29071,3589311748.607395,0
2022-09-20 00:00:00.000000 UTC,19537.02,19634.62,18711.87,18875.0,324098.3286,2022-09-20 23:59:59.999000 UTC,6206043205.412278,5900070,160716.33038,3077612901.1468134,0
2022-09-21 00:00:00.000000 UTC,18874.31,19956.0,18125.98,18461.36,385034.10021,2022-09-21 23:59:59.999000 UTC,7338667639.751955,6907777,190299.47143,3628361586.910153,0
2022-09-22 00:00:00.000000 UTC,18461.36,19550.17,18356.39,19401.63,379321.72111,2022-09-22 23:59:59.999000 UTC,7203741481.483637,6251862,190987.32145,3627123696.690569,0
2022-09-23 00:00:00.000000 UTC,19401.63,19500.0,18531.42,19289.91,385886.91829,2022-09-23 23:59:59.999000 UTC,7330336009.190998,5906265,194842.08772,3701394516.773616,0
2022-09-24 00:00:00.000000 UTC,19288.57,19316.14,18805.34,18920.5,239496.56746,2022-09-24 23:59:59.999000 UTC,4568927983.6507845,3907636,120501.3057,2298979763.309452,0
2022-09-25 00:00:00.000000 UTC,18921.99,19180.21,18629.2,18807.38,191191.4492,2022-09-25 23:59:59.999000 UTC,3625136713.924704,3714450,94989.39646,1801229611.9768589,0
2022-09-26 00:00:00.000000 UTC,18809.13,19318.96,18680.72,19227.82,439239.21943,2022-09-26 23:59:59.999000 UTC,8356951609.998723,5837041,220623.29914,4198006044.884225,0
2022-09-27 00:00:00.000000 UTC,19226.68,20385.86,18816.32,19079.13,593260.74161,2022-09-27 23:59:59.999000 UTC,11705770260.67216,8152473,296727.71059,5856646101.495988,0
2022-09-28 00:00:00.000000 UTC,19078.1,19790.0,18471.28,19412.82,521385.45547,2022-09-28 23:59:59.999000 UTC,9964460007.304356,7357437,260944.38118,4988233394.322661,0
2022-09-29 00:00:00.000000 UTC,19412.82,19645.52,18843.01,19591.51,406424.93256,2022-09-29 23:59:59.999000 UTC,7868786414.856212,5631615,203187.57552,3934342925.087511,0
2022-09-30 00:00:00.000000 UTC,19590.54,20185.0,19155.36,19422.61,444322.9534,2022-09-30 23:59:59.999000 UTC,8694127253.576593,6254203,220029.84583,4304848630.332639,0
2022-10-01 00:00:00.000000 UTC,19422.61,19484.0,19159.42,19310.95,165625.13959,2022-10-01 23:59:59.999000 UTC,3200350294.52687,2470590,82734.18388,1598688567.5865653,0
2022-10-02 00:00:00.000000 UTC,19312.24,19395.91,18920.35,19056.8,206812.47032,2022-10-02 23:59:59.999000 UTC,3970724799.9558167,3320217,102972.16014,1977186000.1992047,0
2022-10-03 00:00:00.000000 UTC,19057.74,19719.1,18959.68,19629.08,293585.75212,2022-10-03 23:59:59.999000 UTC,5672105805.772144,4471910,147383.93612,2847846726.2369485,0
2022-10-04 00:00:00.000000 UTC,19629.08,20475.0,19490.6,20337.82,327012.00127,2022-10-04 23:59:59.999000 UTC,6533428229.851052,4871932,165646.2649,3309936012.948392,0
2022-10-05 00:00:00.000000 UTC,20337.82,20365.6,19730.0,20158.26,312239.75224,2022-10-05 23:59:59.999000 UTC,6275437160.958072,4540004,155249.45329,3120338866.325756,0
2022-10-06 00:00:00.000000 UTC,20158.26,20456.6,19853.0,19960.67,320122.1702,2022-10-06 23:59:59.999000 UTC,6452892402.324269,5085004,161557.89851,3256881316.716539,0
2022-10-07 00:00:00.000000 UTC,19960.67,20068.82,19320.0,19530.09,220874.83913,2022-10-07 23:59:59.999000 UTC,4353681483.987034,4324772,109800.49576,2164491136.483128,0
2022-10-08 00:00:00.000000 UTC,19530.09,19627.38,19237.14,19417.96,102480.09842,2022-10-08 23:59:59.999000 UTC,1995917001.7395988,2637385,50775.11492,988952773.2163392,0
2022-10-09 00:00:00.000000 UTC,19416.52,19558.0,19316.04,19439.02,113900.82681,2022-10-09 23:59:59.999000 UTC,2215007204.237991,2833704,57166.25996,1111737800.1694417,0
2022-10-10 00:00:00.000000 UTC,19439.96,19525.0,19020.25,19131.87,212509.09849,2022-10-10 23:59:59.999000 UTC,4101745483.129524,4432688,104849.40967,2023908022.7360184,0
2022-10-11 00:00:00.000000 UTC,19131.87,19268.09,18860.0,19060.0,243473.84286,2022-10-11 23:59:59.999000 UTC,4642843395.600282,4792106,121218.68324,2311676809.242172,0
2022-10-12 00:00:00.000000 UTC,19060.0,19238.31,18965.88,19155.53,213826.26731,2022-10-12 23:59:59.999000 UTC,4086903621.9265537,4556597,106608.7184,2037738508.16164,0
2022-10-13 00:00:00.000000 UTC,19155.1,19513.79,18190.0,19375.13,399756.68337,2022-10-13 23:59:59.999000 UTC,7554309475.307985,7470896,199869.15895,3777964473.262912,0
2022-10-14 00:00:00.000000 UTC,19375.58,19951.87,19070.37,19176.93,351634.32601,2022-10-14 23:59:59.999000 UTC,6877621835.225796,6688310,175798.36758,3438783886.9118066,0
2022-10-15 00:00:00.000000 UTC,19176.93,19227.68,18975.18,19069.39,113847.64232,2022-10-15 23:59:59.999000 UTC,2178316065.622199,3052219,56109.00376,1073637476.7688468,0
2022-10-16 00:00:00.000000 UTC,19068.4,19425.84,19063.74,19262.98,131894.61885,2022-10-16 23:59:59.999000 UTC,2531545363.3077006,3438605,66536.80449,1277129233.6607454,0
2022-10-17 00:00:00.000000 UTC,19262.98,19676.96,19152.03,19549.86,222813.87634,2022-10-17 23:59:59.999000 UTC,4331666395.604673,5162979,111854.00525,2174642989.585405,0
2022-10-18 00:00:00.000000 UTC,19548.48,19706.66,19091.0,19327.44,260313.07848,2022-10-18 23:59:59.999000 UTC,5065944973.464348,5588482,129478.25628,2520037025.607416,0
2022-10-19 00:00:00.000000 UTC,19327.44,19360.16,19065.97,19123.97,186137.29538,2022-10-19 23:59:59.999000 UTC,3575041318.449784,4545820,92346.11007,1773769908.8877597,0
2022-10-20 00:00:00.000000 UTC,19123.35,19347.82,18900.0,19041.92,223530.13068,2022-10-20 23:59:59.999000 UTC,4276025723.9947824,5391090,110662.16001,2117089562.3644776,0
2022-10-21 00:00:00.000000 UTC,19041.92,19250.0,18650.0,19164.37,269310.75769,2022-10-21 23:59:59.999000 UTC,5126619487.86902,5679281,133589.01923,2543268174.8886347,0
2022-10-22 00:00:00.000000 UTC,19164.37,19257.0,19112.72,19204.35,110403.90837,2022-10-22 23:59:59.999000 UTC,2117395641.1269207,2887106,54134.08243,1038228038.7109544,0
2022-10-23 00:00:00.000000 UTC,19204.29,19695.0,19070.11,19570.4,167057.20184,2022-10-23 23:59:59.999000 UTC,3233393909.200977,3939703,84465.80483,1635057403.3351152,0
2022-10-24 00:00:00.000000 UTC,19570.4,19601.15,19157.0,19329.72,256168.14467,2022-10-24 23:59:59.999000 UTC,4957159176.816838,5676899,126808.683,2453987281.1859627,0
2022-10-25 00:00:00.000000 UTC,19330.6,20415.87,19237.0,20080.07,326370.67061,2022-10-25 23:59:59.999000 UTC,6454151276.520069,7214687,163350.80531,3230612090.8673344,0
2022-10-26 00:00:00.000000 UTC,20079.02,21020.0,20050.41,20771.59,380492.69576,2022-10-26 23:59:59.999000 UTC,7833551674.485679,8512349,190912.96434,3930265900.9481273,0
2022-10-27 00:00:00.000000 UTC,20771.61,20872.21,20200.0,20295.11,328643.57791,2022-10-27 23:59:59.999000 UTC,6771209922.011917,7748080,163139.47991,3361632657.413893,0
2022-10-28 00:00:00.000000 UTC,20295.11,20750.0,20000.09,20591.84,287039.94569,2022-10-28 23:59:59.999000 UTC,5849603405.682575,6638096,143078.25276,2915977522.582497,0
2022-10-29 00:00:00.000000 UTC,20591.84,21085.0,20554.01,20809.67,254881.77755,2022-10-29 23:59:59.999000 UTC,5303038321.457483,6255599,127941.56356,2662029299.90964,0
2022-10-30 00:00:00.000000 UTC,20809.68,20931.21,20515.0,20627.48,192795.60886,2022-10-30 23:59:59.999000 UTC,3994389493.325891,4920007,96047.94574,1990076844.6331496,0
2022-10-31 00:00:00.000000 UTC,20627.48,20845.92,20237.95,20490.74,303567.61628,2022-10-31 23:59:59.999000 UTC,6226304300.443864,6571526,151222.29645,3101777763.8604746,0
2022-11-01 00:00:00.000000 UTC,20490.74,20700.0,20330.74,20483.62,279932.43771,2022-11-01 23:59:59.999000 UTC,5740102554.920829,5971938,139277.94706,2856018095.763569,0
2022-11-02 00:00:00.000000 UTC,20482.81,20800.0,20048.04,20151.84,373716.27299,2022-11-02 23:59:59.999000 UTC,7633404092.430691,7431698,185785.97212,3795164791.221807,0
2022-11-03 00:00:00.000000 UTC,20151.84,20393.32,20031.24,20207.82,319185.1544,2022-11-03 23:59:59.999000 UTC,6461673165.239642,6948227,159939.6187,3237968703.461187,0
2022-11-04 00:00:00.000000 UTC,20207.12,21302.05,20180.96,21148.52,453694.39165,2022-11-04 23:59:59.999000 UTC,9409862204.986904,9249613,227403.70755,4716670352.08739,0
2022-11-05 00:00:00.000000 UTC,21148.52,21480.65,21080.65,21299.37,245621.98525,2022-11-05 23:59:59.999000 UTC,5240395528.908201,5570832,123030.36163,2624930077.1572924,0
2022-11-06 00:00:00.000000 UTC,21299.37,21365.27,20886.13,20905.58,230036.97217,2022-11-06 23:59:59.999000 UTC,4877535058.412704,5268210,114034.06693,2418047871.809807,0
2022-11-07 00:00:00.000000 UTC,20905.58,21069.77,20384.89,20591.13,386977.60337,2022-11-07 23:59:59.999000 UTC,8035052131.593452,8344242,191603.32017,3978525724.8740206,0
2022-11-08 00:00:00.000000 UTC,20590.67,20700.88,17166.83,18547.23,760705.362783,2022-11-08 23:59:59.999000 UTC,14758384309.854223,14530601,374775.574085,7271200924.070387,0
2022-11-09 00:00:00.000000 UTC,18545.38,18587.76,15588.0,15922.81,731926.929729,2022-11-09 23:59:59.999000 UTC,12737719697.394009,13605474,358702.788996,6245795114.512092,0
2022-11-10 00:00:00.000000 UTC,15922.68,18199.0,15754.26,17601.15,608448.36432,2022-11-10 23:59:59.999000 UTC,10323294543.880354,12719887,302898.84757,5141663571.356439,0
2022-11-11 00:00:00.000000 UTC,17602.45,17695.0,16361.6,17070.31,393552.86492,2022-11-11 23:59:59.999000 UTC,6725273822.837806,9900073,197414.69616,3374092512.561806,0
2022-11-12 00:00:00.000000 UTC,17069.98,17119.1,16631.39,16812.08,167819.96035,2022-11-12 23:59:59.999000 UTC,2827930561.00638,5046837,83267.92293,1403236127.923594,0
2022-11-13 00:00:00.000000 UTC,16813.16,16954.28,16229.0,16329.85,184960.78846,2022-11-13 23:59:59.999000 UTC,3074280132.0535235,5382834,91914.44893,1527844645.634117,0
2022-11-14 00:00:00.000000 UTC,16331.78,17190.0,15815.21,16619.46,380210.7775,2022-11-14 23:59:59.999000 UTC,6273920325.336827,9215128,189502.41248,3127495594.210764,0
2022-11-15 00:00:00.000000 UTC,16617.72,17134.69,16527.72,16900.57,282461.84391,2022-11-15 23:59:59.999000 UTC,4758545355.786832,7200265,141015.70658,2375750102.4183183,0
2022-11-16 00:00:00.000000 UTC,16900.57,17015.92,16378.61,16662.76,261493.40809,2022-11-16 23:59:59.999000 UTC,4362538338.565324,6297404,129644.72244,2162757428.721518,0
2022-11-17 00:00:00.000000 UTC,16661.61,16751.0,16410.74,16692.56,228038.97873,2022-11-17 23:59:59.999000 UTC,3785204632.0142207,5352083,113347.39771,1881536908.0664897,0
2022-11-18 00:00:00.000000 UTC,16692.56,17011.0,16546.04,16700.45,214224.18184,2022-11-18 23:59:59.999000 UTC,3588467560.373121,5114799,106366.35569,1781845353.094005,0
2022-11-19 00:00:00.000000 UTC,16699.43,16822.41,16553.53,16700.68,104963.15558,2022-11-19 23:59:59.999000 UTC,1747627888.1295474,3142123,52397.34048,872445362.1257405,0
2022-11-20 00:00:00.000000 UTC,16700.68,16753.33,16180.0,16280.23,154842.13478,2022-11-20 23:59:59.999000 UTC,2561165772.4957075,4557344,75959.10991,1256443330.0415068,0
2022-11-21 00:00:00.000000 UTC,16279.5,16319.0,15476.0,15781.29,324096.997753,2022-11-21 23:59:59.999000 UTC,5188798317.004153,7440871,159995.4646,2561914108.924417,0
2022-11-22 00:00:00.000000 UTC,15781.29,16315.0,15616.63,16226.94,239548.06623,2022-11-22 23:59:59.999000 UTC,3823612603.8030014,6276097,119384.47075,1905917090.26696,0
2022-11-23 00:00:00.000000 UTC,16227.96,16706.0,16160.2,16603.11,264927.70408,2022-11-23 23:59:59.999000 UTC,4368042618.50026,6260616,132804.37627,2189676204.366816,0
2022-11-24 00:00:00.000000 UTC,16603.11,16812.63,16458.05,16598.95,206565.92346,2022-11-24 23:59:59.999000 UTC,3431724405.654768,5031851,103203.3193,1714660566.877812,0
2022-11-25 00:00:00.000000 UTC,16599.55,16666.0,16342.81,16522.14,182089.49533,2022-11-25 23:59:59.999000 UTC,3003553172.229472,4396465,90187.55597,1487718711.084076,0
2022-11-26 00:00:00.000000 UTC,16521.35,16701.99,16385.0,16458.57,181804.81666,2022-11-26 23:59:59.999000 UTC,3011990387.647429,3817130,89646.23245,1485219997.2638843,0
2022-11-27 00:00:00.000000 UTC,16457.61,16600.0,16401.0,16428.78,162025.47607,2022-11-27 23:59:59.999000 UTC,2679048565.5213013,3362221,80097.04098,1324406073.6694643,0
2022-11-28 00:00:00.000000 UTC,16428.77,16487.04,15995.27,16212.91,252695.40367,2022-11-28 23:59:59.999000 UTC,4096398587.3573136,5570407,125766.80639,2038825206.5401728,0
2022-11-29 00:00:00.000000 UTC,16212.18,16548.71,16100.0,16442.53,248106.25009,2022-11-29 23:59:59.999000 UTC,4072651066.9994063,5206638,123715.14039,2030827592.4923496,0
2022-11-30 00:00:00.000000 UTC,16442.91,17249.0,16428.3,17163.64,303019.80719,2022-11-30 23:59:59.999000 UTC,5123595199.505285,6519330,151764.57285,2566042182.996361,0
2022-12-01 00:00:00.000000 UTC,17165.53,17324.0,16855.01,16977.37,232818.18218,2022-12-01 23:59:59.999000 UTC,3972607179.868572,5097720,116018.88867,1979692808.00706,0
2022-12-02 00:00:00.000000 UTC,16978.0,17105.73,16787.85,17092.74,202372.2062,2022-12-02 23:59:59.999000 UTC,3432385161.660257,4305515,99556.14105,1688510144.191262,0
2022-12-03 00:00:00.000000 UTC,17092.13,17188.98,16858.74,16885.2,154542.57306,2022-12-03 23:59:59.999000 UTC,2622504252.8664527,3308694,76214.56604,1293351463.160912,0
2022-12-04 00:00:00.000000 UTC,16885.2,17202.84,16878.25,17105.7,178619.13387,2022-12-04 23:59:59.999000 UTC,3040020095.051177,3948990,89359.35165,1520945572.0768335,0
2022-12-05 00:00:00.000000 UTC,17106.65,17424.25,16867.0,16966.35,233703.29225,2022-12-05 23:59:59.999000 UTC,4015334796.6037207,5138207,115508.19916,1984551471.316408,0
2022-12-06 00:00:00.000000 UTC,16966.35,17107.01,16906.37,17088.96,218730.76883,2022-12-06 23:59:59.999000 UTC,3717926010.340586,4416864,108449.54144,1843473774.586164,0
2022-12-07 00:00:00.000000 UTC,17088.96,17142.21,16678.83,16836.64,220657.41334,2022-12-07 23:59:59.999000 UTC,3723206794.305466,4284989,107803.05198,1819002376.492869,0
2022-12-08 00:00:00.000000 UTC,16836.64,17299.0,16733.49,17224.1,236417.97804,2022-12-08 23:59:59.999000 UTC,4009427525.030412,4520282,117238.75694,1988377121.4173508,0
2022-12-09 00:00:00.000000 UTC,17224.1,17360.0,17058.21,17128.56,238422.06465,2022-12-09 23:59:59.999000 UTC,4097973425.6973534,4282003,118031.91364,2028743141.4068208,0
2022-12-10 00:00:00.000000 UTC,17128.56,17227.72,17092.0,17127.49,140573.97937,2022-12-10 23:59:59.999000 UTC,2411933258.8486,3032257,70355.34064,1207126756.2174747,0
2022-12-11 00:00:00.000000 UTC,17127.49,17270.99,17071.0,17085.05,155286.47871,2022-12-11 23:59:59.999000 UTC,2663686104.082561,3260722,77740.37478,1333501724.91499,0
2022-12-12 00:00:00.000000 UTC,17085.05,17241.89,16871.85,17209.83,226227.49694,2022-12-12 23:59:59.999000 UTC,3844787581.481925,4463916,112286.94413,1908405023.8763013,0
2022-12-13 00:00:00.000000 UTC,17208.93,18000.0,17080.14,17774.7,284462.9139,2022-12-13 23:59:59.999000 UTC,4983896040.378995,6242080,143922.84935,2521692886.9668703,0
2022-12-14 00:00:00.000000 UTC,17775.82,18387.95,17660.94,17803.15,266681.22209,2022-12-14 23:59:59.999000 UTC,4779915721.484458,5743730,133308.11239,2389606669.9635315,0
2022-12-15 00:00:00.000000 UTC,17804.01,17854.82,17275.51,17356.34,223701.96882,2022-12-15 23:59:59.999000 UTC,3923378677.833748,4789226,110193.63642,1932609296.7091348,0
2022-12-16 00:00:00.000000 UTC,17356.96,17531.73,16527.32,16632.12,253379.04116,2022-12-16 23:59:59.999000 UTC,4308933187.65654,5703001,123374.83424,2098188985.0070968,0
2022-12-17 00:00:00.000000 UTC,16631.5,16796.82,16579.85,16776.52,144825.66684,2022-12-17 23:59:59.999000 UTC,2417851422.2131248,3905843,72289.66495,1206885683.569382,0
2022-12-18 00:00:00.000000 UTC,16777.54,16863.26,16663.07,16738.21,112619.31646,2022-12-18 23:59:59.999000 UTC,1884666030.099238,3369193,55539.12922,929480021.401935,0
2022-12-19 00:00:00.000000 UTC,16739.0,16815.99,16256.3,16438.88,179094.28305,2022-12-19 23:59:59.999000 UTC,2981094033.013813,4681887,87610.2351,1458309480.7452483,0
2022-12-20 00:00:00.000000 UTC,16438.88,17061.27,16397.2,16895.56,248808.92324,2022-12-20 23:59:59.999000 UTC,4176995653.545711,5945803,124217.3859,2085423621.7423253,0
2022-12-21 00:00:00.000000 UTC,16896.15,16925.0,16723.0,16824.67,156810.96362,2022-12-21 23:59:59.999000 UTC,2638528723.736041,4375570,77675.35979,1307019850.0606215,0
2022-12-22 00:00:00.000000 UTC,16824.68,16868.52,16559.85,16821.43,176044.27235,2022-12-22 23:59:59.999000 UTC,2949612072.0493026,4678640,87573.90221,1467281598.7190852,0
2022-12-23 00:00:00.000000 UTC,16821.9,16955.14,16731.13,16778.5,161612.00947,2022-12-23 23:59:59.999000 UTC,2720021933.978926,4561020,81034.18553,1363871435.6135492,0
2022-12-24 00:00:00.000000 UTC,16778.52,16869.99,16776.62,16836.12,100224.29096,2022-12-24 23:59:59.999000 UTC,1686757294.9926343,3076985,49578.22304,834395051.2711908,0
2022-12-25 00:00:00.000000 UTC,16835.73,16857.96,16721.0,16832.11,125441.07202,2022-12-25 23:59:59.999000 UTC,2108857873.1916704,3570157,62073.54114,1043560797.0693524,0
2022-12-26 00:00:00.000000 UTC,16832.11,16944.52,16791.0,16919.39,124564.00656,2022-12-26 23:59:59.999000 UTC,2099037538.631794,3915571,61741.18011,1040420821.2262526,0
2022-12-27 00:00:00.000000 UTC,16919.39,16972.83,16592.37,16706.36,173749.58616,2022-12-27 23:59:59.999000 UTC,2918379509.5314097,5047628,86096.58586,1446098274.565338,0
2022-12-28 00:00:00.000000 UTC,16706.06,16785.19,16465.33,16547.31,193037.56577,2022-12-28 23:59:59.999000 UTC,3210894236.8123903,5465468,96118.18717,1598767893.1727967,0
2022-12-29 00:00:00.000000 UTC,16547.32,16664.41,16488.91,16633.47,160998.47158,2022-12-29 23:59:59.999000 UTC,2671665748.0816226,4553877,80977.62443,1343799862.9950268,0
2022-12-30 00:00:00.000000 UTC,16633.47,16677.35,16333.0,16607.48,164916.31174,2022-12-30 23:59:59.999000 UTC,2726831056.725026,4310415,82170.4749,1358631100.7592444,0
2022-12-31 00:00:00.000000 UTC,16607.48,16644.09,16470.0,16542.4,114490.42864,2022-12-31 23:59:59.999000 UTC,1897047504.918897,3344374,57021.06919,944834393.3413354,0
2023-01-01 00:00:00.000000 UTC,16541.77,16628.0,16499.01,16616.75,96925.41374,2023-01-01 23:59:59.999000 UTC,1604793789.6772127,3218355,48548.78168,803841673.8350587,0
2023-01-02 00:00:00.000000 UTC,16617.17,16799.23,16548.7,16672.87,121888.57191,2023-01-02 23:59:59.999000 UTC,2034683215.2678783,4036118,60925.25948,1017074780.6918064,0
2023-01-03 00:00:00.000000 UTC,16672.78,16778.4,16605.28,16675.18,159541.53733,2023-01-03 23:59:59.999000 UTC,2662765916.3256683,5097596,79595.76246,1328471402.7136743,0
2023-01-04 00:00:00.000000 UTC,16675.65,16991.87,16652.66,16850.36,220362.18862,2023-01-04 23:59:59.999000 UTC,3709833209.8453646,6310703,109747.11502,1847617011.3853767,0
2023-01-05 00:00:00.000000 UTC,16850.36,16879.82,16753.0,16831.85,163473.56641,2023-01-05 23:59:59.999000 UTC,2751080253.8177333,4842014,80959.57162,1362471754.0532992,0
2023-01-06 00:00:00.000000 UTC,16831.85,17041.0,16679.0,16950.65,207401.28415,2023-01-06 23:59:59.999000 UTC,3490305009.6881223,5388661,103320.22965,1738828235.2023003,0
2023-01-07 00:00:00.000000 UTC,16950.31,16981.91,16908.0,16943.57,104526.5688,2023-01-07 23:59:59.999000 UTC,1770201710.2089734,3227161,51624.83107,874295207.6365123,0
2023-01-08 00:00:00.000000 UTC,16943.83,17176.99,16911.0,17127.83,135155.89695,2023-01-08 23:59:59.999000 UTC,2291925699.958545,4036092,67200.6025,1139647002.7608511,0
2023-01-09 00:00:00.000000 UTC,17127.83,17398.8,17104.66,17178.26,266211.52723,2023-01-09 23:59:59.999000 UTC,4590284350.546168,6327667,131748.52517,2271681164.7993326,0
2023-01-10 00:00:00.000000 UTC,17179.04,17499.0,17146.34,17440.66,221382.42581,2023-01-10 23:59:59.999000 UTC,3829247653.731105,5448751,109377.45606,1891995855.287608,0
2023-01-11 00:00:00.000000 UTC,17440.64,18000.0,17315.6,17943.26,262221.60653,2023-01-11 23:59:59.999000 UTC,4586965947.26355,5627464,129944.5693,2273368097.029264,0
2023-01-12 00:00:00.000000 UTC,17943.26,19117.04,17892.05,18846.62,454568.32178,2023-01-12 23:59:59.999000 UTC,8348431207.846009,8911373,227295.33172,4174813798.3828607,0
2023-01-13 00:00:00.000000 UTC,18846.62,20000.0,18714.12,19930.01,368615.87823,2023-01-13 23:59:59.999000 UTC,7061633461.444735,8021774,183448.89377,3515300890.305057,0
2023-01-14 00:00:00.000000 UTC,19930.01,21258.0,19888.05,20954.92,393913.74951,2023-01-14 23:59:59.999000 UTC,8183071567.046188,8659545,197817.55209,4109568162.17042,0
2023-01-15 00:00:00.000000 UTC,20952.76,21050.74,20551.01,20871.5,178542.22549,2023-01-15 23:59:59.999000 UTC,3710526606.1389647,5194354,88310.83908,1835436631.7038703,0
2023-01-16 00:00:00.000000 UTC,20872.99,21474.05,20611.48,21185.65,293078.08262,2023-01-16 23:59:59.999000 UTC,6168654053.042638,6856434,145352.66942,3059597458.3853526,0
2023-01-17 00:00:00.000000 UTC,21185.65,21647.45,20841.31,21134.81,275407.74409,2023-01-17 23:59:59.999000 UTC,5840585769.490093,6440138,137121.64311,2908227174.2490306,0
2023-01-18 00:00:00.000000 UTC,21132.29,21650.0,20407.15,20677.47,350916.01949,2023-01-18 23:59:59.999000 UTC,7399719195.246726,7617173,173174.4169,3652037808.316215,0
2023-01-19 00:00:00.000000 UTC,20677.47,21192.0,20659.19,21071.59,251385.84925,2023-01-19 23:59:59.999000 UTC,5243024330.011201,5819932,124924.23436,2605629874.089028,0
2023-01-20 00:00:00.000000 UTC,21071.59,22755.93,20861.28,22667.21,338079.13659,2023-01-20 23:59:59.999000 UTC,7256172889.710531,7382435,170200.04869,3654038898.270929,0
2023-01-21 00:00:00.000000 UTC,22666.0,23371.8,22422.0,22783.55,346445.48432,2023-01-21 23:59:59.999000 UTC,7938935168.532013,7796520,172663.17131,3956916674.402963,0
2023-01-22 00:00:00.000000 UTC,22783.35,23078.71,22292.37,22707.88,253577.75286,2023-01-22 23:59:59.999000 UTC,5775552321.54412,6603827,125842.91663,2866409820.7225704,0
2023-01-23 00:00:00.000000 UTC,22706.02,23180.0,22500.0,22916.45,293588.37938,2023-01-23 23:59:59.999000 UTC,6704191295.97568,7258655,145854.70936,3330927704.4836106,0
2023-01-24 00:00:00.000000 UTC,22917.81,23162.2,22462.93,22632.89,293158.78254,2023-01-24 23:59:59.999000 UTC,6721432962.573842,7395584,144239.84356,3307407342.13858,0
2023-01-25 00:00:00.000000 UTC,22631.94,23816.73,22300.0,23060.94,346042.83223,2023-01-25 23:59:59.999000 UTC,7875590359.115837,8060446,172647.90115,3929821773.965117,0
2023-01-26 00:00:00.000000 UTC,23060.42,23282.47,22850.01,23009.65,288924.43581,2023-01-26 23:59:59.999000 UTC,6664592468.337928,7181086,143185.08341,3303064271.051174,0
2023-01-27 00:00:00.000000 UTC,23009.65,23500.0,22534.88,23074.16,280833.86315,2023-01-27 23:59:59.999000 UTC,6461707755.053915,7079096,139699.27638,3214623770.84504,0
2023-01-28 00:00:00.000000 UTC,23074.16,23189.0,22878.46,23022.6,148115.71085,2023-01-28 23:59:59.999000 UTC,3408985411.316586,4181816,73861.83566,1700057503.749539,0
2023-01-29 00:00:00.000000 UTC,23021.4,23960.54,22967.76,23742.3,295688.79204,2023-01-29 23:59:59.999000 UTC,6941922954.136406,7030837,149507.5061,3510026672.7997174,0
2023-01-30 00:00:00.000000 UTC,23743.37,23800.51,22500.0,22826.15,302405.90121,2023-01-30 23:59:59.999000 UTC,7020727239.059652,7790224,149096.53066,3461492907.172605,0
2023-01-31 00:00:00.000000 UTC,22827.38,23320.0,22714.77,23125.13,264649.34909,2023-01-31 23:59:59.999000 UTC,6083858924.538485,6798411,133028.12717,3058369006.2407,0
2023-02-01 00:00:00.000000 UTC,23125.13,23812.66,22760.23,23732.66,310790.42271,2023-02-01 23:59:59.999000 UTC,7212542002.325099,7863213,156107.58478,3623730152.719127,0
2023-02-02 00:00:00.000000 UTC,23731.41,24255.0,23363.27,23488.94,364177.20751,2023-02-02 23:59:59.999000 UTC,8673696845.80511,9102300,181814.20318,4330715913.906593,0
2023-02-03 00:00:00.000000 UTC,23489.33,23715.7,23204.62,23431.9,332571.02904,2023-02-03 23:59:59.999000 UTC,7806490899.914181,8007846,166143.33246,3900042090.5163646,0
2023-02-04 00:00:00.000000 UTC,23431.9,23587.78,23253.96,23326.84,166126.47295,2023-02-04 23:59:59.999000 UTC,3886777607.7960505,4852404,81863.93145,1915443497.6889515,0
2023-02-05 00:00:00.000000 UTC,23327.66,23433.33,22743.0,22932.91,209251.33917,2023-02-05 23:59:59.999000 UTC,4842463016.833934,5903916,103885.22312,2404286621.1203337,0
2023-02-06 00:00:00.000000 UTC,22932.91,23158.25,22628.13,22762.52,265371.6069,2023-02-06 23:59:59.999000 UTC,6076050768.117039,6956395,132350.52989,3030470974.62453,0
2023-02-07 00:00:00.000000 UTC,22762.52,23350.25,22745.78,23240.46,308006.72482,2023-02-07 23:59:59.999000 UTC,7085929136.45685,8293878,154613.24744,3557209786.515369,0
2023-02-08 00:00:00.000000 UTC,23242.42,23452.0,22665.85,22963.0,280056.30717,2023-02-08 23:59:59.999000 UTC,6457585647.820655,7896433,138627.72636,3196783919.630122,0
2023-02-09 00:00:00.000000 UTC,22961.85,23011.39,21688.0,21796.35,402894.6955,2023-02-09 23:59:59.999000 UTC,9052973327.19716,9784291,199309.68374,4478800426.302857,0
2023-02-10 00:00:00.000000 UTC,21797.83,21938.16,21451.0,21625.19,338591.94247,2023-02-10 23:59:59.999000 UTC,7369456394.906654,6993675,167419.66937,3644087094.706669,0
2023-02-11 00:00:00.000000 UTC,21625.19,21906.32,21599.78,21862.55,177021.58433,2023-02-11 23:59:59.999000 UTC,3842000897.79758,4207940,87937.9597,1908638569.77981,0
2023-02-12 00:00:00.000000 UTC,21862.02,22090.0,21630.0,21783.54,204435.65163,2023-02-12 23:59:59.999000 UTC,4469822441.4372015,4561903,101194.34699,2212545781.0931144,0
2023-02-13 00:00:00.000000 UTC,21782.37,21894.99,21351.07,21773.97,295730.76791,2023-02-13 23:59:59.999000 UTC,6404813758.2696295,6503611,147221.38569,3188732830.1994424,0
2023-02-14 00:00:00.000000 UTC,21774.63,22319.08,21532.77,22199.84,361958.40109,2023-02-14 23:59:59.999000 UTC,7938385476.792083,7695927,182006.71562,3991901041.9023833,0
2023-02-15 00:00:00.000000 UTC,22199.84,24380.0,22047.28,24324.05,375669.16111,2023-02-15 23:59:59.999000 UTC,8604133693.663172,8335550,190798.1552,4372346767.103614,0
2023-02-16 00:00:00.000000 UTC,24322.87,25250.0,23505.25,23517.72,450080.68366,2023-02-16 23:59:59.999000 UTC,11074988148.779009,11006793,224396.77566,5522891581.325578,0
2023-02-17 00:00:00.000000 UTC,23517.72,25021.11,23339.37,24569.97,496813.21376,2023-02-17 23:59:59.999000 UTC,11968532252.057327,10895009,249087.94774,6001870488.345367,0
2023-02-18 00:00:00.000000 UTC,24568.24,24877.0,24430.0,24631.95,216917.25213,2023-02-18 23:59:59.999000 UTC,5339920389.516133,6296097,107467.08761,2645647445.819601,0
2023-02-19 00:00:00.000000 UTC,24632.05,25192.0,24192.57,24271.76,300395.99542,2023-02-19 23:59:59.999000 UTC,7408745406.624342,7660484,149680.28058,3692030229.980345,0
2023-02-20 00:00:00.000000 UTC,24272.51,25121.23,23840.83,24842.2,346938.56997,2023-02-20 23:59:59.999000 UTC,8561226688.07291,9808728,174453.04334,4305469238.849921,0
2023-02-21 00:00:00.000000 UTC,24843.89,25250.0,24148.34,24452.16,376000.82868,2023-02-21 23:59:59.999000 UTC,9280992344.428871,10712371,187029.49757,4617218785.187702,0
2023-02-22 00:00:00.000000 UTC,24450.67,24476.05,23574.69,24182.21,379425.75365,2023-02-22 23:59:59.999000 UTC,9101745945.990707,11395957,188203.74268,4515001623.435452,0
2023-02-23 00:00:00.000000 UTC,24182.21,24599.59,23608.0,23940.2,398400.45437,2023-02-23 23:59:59.999000 UTC,9596083721.512953,11396877,198080.68369,4771375630.511308,0
2023-02-24 00:00:00.000000 UTC,23940.2,24132.35,22841.19,23185.29,343582.57453,2023-02-24 23:59:59.999000 UTC,8087524100.39044,11531424,170263.13353,4008150118.2168,0
2023-02-25 00:00:00.000000 UTC,23184.04,23219.13,22722.0,23157.07,191311.8101,2023-02-25 23:59:59.999000 UTC,4406286300.272117,9124568,94440.13964,2175283940.9041314,0
2023-02-26 00:00:00.000000 UTC,23157.07,23689.99,23059.18,23554.85,202323.73623,2023-02-26 23:59:59.999000 UTC,4716158181.22559,9506015,101003.39278,2354572412.690068,0
2023-02-27 00:00:00.000000 UTC,23554.85,23897.99,23106.77,23492.09,283706.0859,2023-02-27 23:59:59.999000 UTC,6659785788.329373,11754195,141360.04845,3318353869.99525,0
2023-02-28 00:00:00.000000 UTC,23492.09,23600.0,23020.97,23141.57,264140.99894,2023-02-28 23:59:59.999000 UTC,6172930936.037335,9568743,131200.82704,3066249880.6703186,0
2023-03-01 00:00:00.000000 UTC,23141.57,24000.0,23020.03,23628.97,315287.41737,2023-03-01 23:59:59.999000 UTC,7441571085.495408,9390487,157961.92667,3728256787.110095,0
2023-03-02 00:00:00.000000 UTC,23629.76,23796.93,23195.9,23465.32,239315.45219,2023-03-02 23:59:59.999000 UTC,5603770010.239548,7435815,119522.00584,2798797976.70041,0
2023-03-03 00:00:00.000000 UTC,23465.32,23476.95,21971.13,22354.34,319954.19785,2023-03-03 23:59:59.999000 UTC,7167184765.7436495,8214639,156827.31366,3512245357.186192,0
2023-03-04 00:00:00.000000 UTC,22354.34,22410.0,22157.08,22346.57,121257.38132,2023-03-04 23:59:59.999000 UTC,2706422995.680256,4169260,60043.33153,1340204531.15407,0
2023-03-05 00:00:00.000000 UTC,22346.57,22662.09,22189.22,22430.24,154841.75786,2023-03-05 23:59:59.999000 UTC,3473011455.187952,4835978,77394.35765,1735989090.899561,0
2023-03-06 00:00:00.000000 UTC,22430.24,22602.19,22258.0,22410.0,203751.82957,2023-03-06 23:59:59.999000 UTC,4569102169.18569,6471278,102110.26304,2289889200.1667166,0
2023-03-07 00:00:00.000000 UTC,22409.41,22557.91,21927.0,22197.96,292519.80912,2023-03-07 23:59:59.999000 UTC,6517594938.246053,7813394,145498.64219,3242136502.6546726,0
2023-03-08 00:00:00.000000 UTC,22198.56,22287.0,21580.0,21705.44,301460.57272,2023-03-08 23:59:59.999000 UTC,6641171704.242421,8018963,150008.02488,3304860256.104994,0
2023-03-09 00:00:00.000000 UTC,21704.37,21834.99,20042.72,20362.22,443658.28584,2023-03-09 23:59:59.999000 UTC,9403028764.707771,10076702,217900.59621,4619803522.043237,0
2023-03-10 00:00:00.000000 UTC,20362.21,20367.78,19549.09,20150.69,618456.4671,2023-03-10 23:59:59.999000 UTC,12344992788.912497,12106261,308155.80993,6151475123.535514,0
2023-03-11 00:00:00.000000 UTC,20150.69,20686.51,19765.03,20455.73,427831.82133,2023-03-11 23:59:59.999000 UTC,8651590672.468525,10412300,213151.47855,4310534195.909292,0
2023-03-12 00:00:00.000000 UTC,20455.73,22150.0,20270.6,21997.11,430944.94288,2023-03-12 23:59:59.999000 UTC,8982418413.80114,9721933,218639.0688,4558127964.925805,0
2023-03-13 00:00:00.000000 UTC,21998.05,24500.0,21813.88,24113.48,687889.31259,2023-03-13 23:59:59.999000 UTC,15824996078.60564,14820760,346688.17025,7976620081.706098,0
2023-03-14 00:00:00.000000 UTC,24112.27,26386.87,23976.42,24670.41,699360.93423,2023-03-14 23:59:59.999000 UTC,17465307097.88407,15223589,351739.11994,8783916247.676138,0
2023-03-15 00:00:00.000000 UTC,24670.41,25196.97,23896.95,24285.66,581450.72984,2023-03-15 23:59:59.999000 UTC,14291005743.897852,12613034,291192.86696,7157472156.962334,0
2023-03-16 00:00:00.000000 UTC,24285.66,25167.4,24123.0,24998.78,439421.32998,2023-03-16 23:59:59.999000 UTC,10847330151.941004,10418081,220403.30289,5441432259.260846,0
2023-03-17 00:00:00.000000 UTC,24998.78,27756.84,24890.0,27395.13,624460.68091,2023-03-17 23:59:59.999000 UTC,16476681071.24338,13113359,318022.61356,8392477832.002321,0
2023-03-18 00:00:00.000000 UTC,27395.13,27724.85,26578.0,26907.49,371238.97174,2023-03-18 23:59:59.999000 UTC,10135945069.642628,9948603,185687.70768,5070480124.593879,0
2023-03-19 00:00:00.000000 UTC,26907.49,28390.1,26827.22,27972.87,372066.99054,2023-03-19 23:59:59.999000 UTC,10264707987.594164,9578297,188150.56147,5191102286.400918,0
2023-03-20 00:00:00.000000 UTC,27972.87,28472.0,27124.47,27717.01,477378.23373,2023-03-20 23:59:59.999000 UTC,13300424536.51492,11775950,239765.29148,6680704887.5321455,0
2023-03-21 00:00:00.000000 UTC,27717.01,28438.55,27303.1,28105.47,420929.7422,2023-03-21 23:59:59.999000 UTC,11760492716.33759,11530870,210472.34027,5880942507.63001,0
2023-03-22 00:00:00.000000 UTC,28107.81,28868.05,26601.8,27250.97,224113.41296,2023-03-22 23:59:59.999000 UTC,6272099822.449624,3589327,110355.97386,3089585214.115064,0
2023-03-23 00:00:00.000000 UTC,27250.97,28750.0,27105.0,28295.41,128649.60818,2023-03-23 23:59:59.999000 UTC,3591123573.1149583,2159091,65172.02479,1819323637.2903445,0
2023-03-24 00:00:00.000000 UTC,28295.42,28374.3,27000.0,27454.47,86242.06544,2023-03-24 23:59:59.999000 UTC,2403443392.0273013,1511137,41449.56122,1155147465.7389932,0
2023-03-25 00:00:00.000000 UTC,27454.46,27787.33,27156.09,27462.95,50844.08102,2023-03-25 23:59:59.999000 UTC,1397227639.2141378,1088721,25326.94876,696042529.0839624,0
2023-03-26 00:00:00.000000 UTC,27462.96,28194.4,27417.76,27968.05,49671.70353,2023-03-26 23:59:59.999000 UTC,1380973402.9961205,1068196,25248.15818,702028235.0573264,0
2023-03-27 00:00:00.000000 UTC,27968.05,28023.86,26508.14,27124.91,88039.46898,2023-03-27 23:59:59.999000 UTC,2407130888.034605,1575264,43151.91539,1179905180.6135278,0
2023-03-28 00:00:00.000000 UTC,27124.9,27520.0,26631.78,27261.07,78602.44341,2023-03-28 23:59:59.999000 UTC,2124533606.765556,1521981,38972.61486,1053473599.2587688,0
2023-03-29 00:00:00.000000 UTC,27261.06,28650.0,27240.1,28348.6,89486.16008,2023-03-29 23:59:59.999000 UTC,2519887866.2111588,1704217,45742.08025,1288220696.4926782,0
2023-03-30 00:00:00.000000 UTC,28348.6,29184.68,27686.0,28028.53,98865.43256,2023-03-30 23:59:59.999000 UTC,2808471938.6424427,1843652,49100.20979,1394972886.7062368,0
2023-03-31 00:00:00.000000 UTC,28028.53,28656.69,27511.71,28465.36,78198.12139,2023-03-31 23:59:59.999000 UTC,2203253311.777351,1537349,39636.47111,1117184234.1868577,0
2023-04-01 00:00:00.000000 UTC,28465.36,28819.71,28220.27,28452.73,30238.44753,2023-04-01 23:59:59.999000 UTC,860804237.452269,822781,15171.37738,431931567.4827481,0
2023-04-02 00:00:00.000000 UTC,28452.74,28530.0,27856.43,28171.87,37365.65692,2023-04-02 23:59:59.999000 UTC,1053600933.0676804,938464,17897.01839,504647268.0863643,0
2023-04-03 00:00:00.000000 UTC,28171.87,28500.99,27200.24,27800.0,79180.01405,2023-04-03 23:59:59.999000 UTC,2214361048.7823668,1651062,40534.82008,1133865764.0916288,0
2023-04-04 00:00:00.000000 UTC,27800.0,28444.44,27662.79,28165.47,49722.55691,2023-04-04 23:59:59.999000 UTC,1397141464.875036,1102007,25083.95234,704845402.4191409,0
2023-04-05 00:00:00.000000 UTC,28165.47,28775.0,27805.1,28170.01,60737.64732,2023-04-05 23:59:59.999000 UTC,1721098539.0660567,1262730,30556.88672,865971090.1704682,0
2023-04-06 00:00:00.000000 UTC,28170.01,28182.05,27711.0,28033.82,40118.94963,2023-04-06 23:59:59.999000 UTC,1122713087.5561826,934548,19308.64369,540384260.8568,0
2023-04-07 00:00:00.000000 UTC,28033.83,28100.0,27766.94,27906.33,24762.09387,2023-04-07 23:59:59.999000 UTC,691323748.9286413,655634,11983.13367,334559478.4702819,0
2023-04-08 00:00:00.000000 UTC,27906.34,28154.99,27859.02,27938.38,19479.96735,2023-04-08 23:59:59.999000 UTC,545324518.6860753,624159,9729.24214,272366679.3440387,0
2023-04-09 00:00:00.000000 UTC,27938.38,28530.0,27800.0,28323.76,32531.16101,2023-04-09 23:59:59.999000 UTC,913915923.6951956,777589,16885.70757,474454325.3569296,0
2023-04-10 00:00:00.000000 UTC,28323.76,29770.0,28170.0,29637.34,67754.0622,2023-04-10 23:59:59.999000 UTC,1955300943.1708305,1285695,36147.62326,1043138687.5916125,0
2023-04-11 00:00:00.000000 UTC,29637.35,30550.0,29590.0,30200.42,67990.07621,2023-04-11 23:59:59.999000 UTC,2046078278.0821176,1340458,34766.92718,1046250622.2934568,0
2023-04-12 00:00:00.000000 UTC,30200.43,30486.0,29637.4,29888.07,62049.48451,2023-04-12 23:59:59.999000 UTC,1863497606.1415305,1246556,31136.38576,935223730.572567,0
2023-04-13 00:00:00.000000 UTC,29888.07,30595.0,29854.59,30373.84,51934.11731,2023-04-13 23:59:59.999000 UTC,1571091101.1299672,1054144,26767.65298,809748635.0025868,0
2023-04-14 00:00:00.000000 UTC,30373.84,31000.0,29966.0,30466.93,75984.19452,2023-04-14 23:59:59.999000 UTC,2323267494.38023,1504180,38406.59006,1174371283.5651665,0
2023-04-15 00:00:00.000000 UTC,30466.93,30595.6,30202.0,30295.09,25429.81247,2023-04-15 23:59:59.999000 UTC,772211097.614016,732418,12424.34509,377293528.31290674,0
2023-04-16 00:00:00.000000 UTC,30295.1,30549.99,30120.0,30304.65,26431.99322,2023-04-16 23:59:59.999000 UTC,801322926.1525651,708233,13163.73591,399115587.0035981,0
2023-04-17 00:00:00.000000 UTC,30304.66,30316.06,29240.65,29430.27,56441.81127,2023-04-17 23:59:59.999000 UTC,1675287761.4330356,1137294,26880.17771,797711012.8071816,0
2023-04-18 00:00:00.000000 UTC,29430.27,30485.0,29096.78,30380.01,62004.89434,2023-04-18 23:59:59.999000 UTC,1861001491.9786973,1141562,32417.57068,972769560.730304,0
2023-04-19 00:00:00.000000 UTC,30380.01,30413.53,28520.0,28797.1,86575.48656,2023-04-19 23:59:59.999000 UTC,2541283888.3034472,1699891,41467.78872,1217556267.201096,0
2023-04-20 00:00:00.000000 UTC,28797.1,29088.3,28010.0,28243.65,76879.09372,2023-04-20 23:59:59.999000 UTC,2198854031.424746,1434642,36919.58585,1055949765.7724996,0
2023-04-21 00:00:00.000000 UTC,28243.65,28374.02,27125.0,27262.84,77684.7679,2023-04-21 23:59:59.999000 UTC,2164667611.9354606,1463628,38419.13612,1070540576.475792,0
2023-04-22 00:00:00.000000 UTC,27262.84,27882.72,27140.35,27816.85,36023.69686,2023-04-22 23:59:59.999000 UTC,989379475.3218232,859500,18612.89655,511200971.6362268,0
2023-04-23 00:00:00.000000 UTC,27816.85,27816.85,27311.25,27590.6,34812.09581,2023-04-23 23:59:59.999000 UTC,959389698.7572552,873485,17610.47671,485328645.6943109,0
2023-04-24 00:00:00.000000 UTC,27590.59,28000.0,26942.82,27510.93,53111.56874,2023-04-24 23:59:59.999000 UTC,1458406515.6404212,1211080,25641.28044,704079582.6514921,0
2023-04-25 00:00:00.000000 UTC,27510.93,28399.99,27192.0,28300.79,52325.14637,2023-04-25 23:59:59.999000 UTC,1446329375.242731,1087067,26833.47192,742069216.9989536,0
2023-04-26 00:00:00.000000 UTC,28300.8,30036.0,27235.0,28415.29,129228.40403,2023-04-26 23:59:59.999000 UTC,3719701461.909163,2261942,64540.55521,1857698379.2654004,0
2023-04-27 00:00:00.000000 UTC,28415.29,29890.0,28378.86,29472.77,95430.82431,2023-04-27 23:59:59.999000 UTC,2784859692.36462,1990148,48601.97474,1418439305.617905,0
2023-04-28 00:00:00.000000 UTC,29472.77,29599.54,28891.0,29311.7,54298.16578,2023-04-28 23:59:59.999000 UTC,1590683771.668198,1129240,26659.2164,780784851.5470375,0
2023-04-29 00:00:00.000000 UTC,29311.69,29448.88,29031.0,29230.45,20466.83058,2023-04-29 23:59:59.999000 UTC,599466910.0466621,619319,10024.59978,293627195.7058327,0
2023-04-30 00:00:00.000000 UTC,29230.45,29969.39,29079.59,29233.21,39752.5372,2023-04-30 23:59:59.999000 UTC,1172155267.8761897,949458,19894.27252,586711670.5560739,0
2023-05-01 00:00:00.000000 UTC,29233.2,29337.34,27666.95,28068.26,64433.65958,2023-05-01 23:59:59.999000 UTC,1828221138.95444,1362793,30761.9269,872712018.1808255,0
2023-05-02 00:00:00.000000 UTC,28068.26,28879.88,27872.0,28669.86,50824.5224,2023-05-02 23:59:59.999000 UTC,1441733922.0116444,1174697,24789.36748,703206831.7801807,0
2023-05-03 00:00:00.000000 UTC,28669.85,29266.66,28113.69,29026.16,64615.79213,2023-05-03 23:59:59.999000 UTC,1845961218.843244,1502909,32291.20998,922549963.250758,0
2023-05-04 00:00:00.000000 UTC,29026.16,29379.83,28663.64,28838.16,42575.47501,2023-05-04 23:59:59.999000 UTC,1233816136.1606576,961542,20470.2124,593281438.9381377,0
2023-05-05 00:00:00.000000 UTC,28838.16,29677.0,28800.0,29505.61,58415.83048,2023-05-05 23:59:59.999000 UTC,1709786814.901134,1288027,29071.98606,850975342.6424302,0
2023-05-06 00:00:00.000000 UTC,29505.6,29820.0,28300.0,28848.2,49249.28459,2023-05-06 23:59:59.999000 UTC,1429517892.780502,1221021,23315.95073,676717267.0117224,0
2023-05-07 00:00:00.000000 UTC,28848.19,29138.29,28395.23,28430.1,30003.41028,2023-05-07 23:59:59.999000 UTC,865838535.326382,855425,14904.01102,430162358.6294252,0
2023-05-08 00:00:00.000000 UTC,28430.09,28631.01,27262.0,27668.79,68244.36179,2023-05-08 23:59:59.999000 UTC,1903052694.6684127,1600637,32347.56935,901988104.11036,0
2023-05-09 00:00:00.000000 UTC,27668.8,27818.0,27353.0,27628.27,40113.31069,2023-05-09 23:59:59.999000 UTC,1106923908.3058467,1003698,20094.09737,554561922.8053713,0
2023-05-10 00:00:00.000000 UTC,27628.28,28331.42,26777.0,27598.75,71155.11355,2023-05-10 23:59:59.999000 UTC,1971173412.435502,1534579,34398.83676,953153016.5096188,0
2023-05-11 00:00:00.000000 UTC,27598.74,27630.14,26702.05,26968.62,47635.31365,2023-05-11 23:59:59.999000 UTC,1295799109.011004,1257000,23270.11723,632925807.4925774,0
2023-05-12 00:00:00.000000 UTC,26968.61,27091.12,25811.46,26795.01,67207.93494,2023-05-12 23:59:59.999000 UTC,1777052127.731093,1351633,33147.27251,876487224.2550422,0
2023-05-13 00:00:00.000000 UTC,26795.01,27045.45,26692.03,26775.28,22814.90421,2023-05-13 23:59:59.999000 UTC,612062852.0866882,605049,10959.29947,294038915.03262633,0
2023-05-14 00:00:00.000000 UTC,26775.27,27200.0,26560.53,26917.62,21594.8036,2023-05-14 23:59:59.999000 UTC,580801698.0002693,629537,10672.14983,287060095.3315276,0
2023-05-15 00:00:00.000000 UTC,26917.61,27663.59,26726.0,27162.14,40430.08333,2023-05-15 23:59:59.999000 UTC,1104633264.131574,935914,19301.24631,527237637.33101344,0
2023-05-16 00:00:00.000000 UTC,27162.15,27296.89,26852.11,27033.84,33270.45451,2023-05-16 23:59:59.999000 UTC,900273404.6010331,815642,15970.99932,432214355.0561344,0
2023-05-17 00:00:00.000000 UTC,27033.85,27500.0,26544.71,27405.61,42958.97785,2023-05-17 23:59:59.999000 UTC,1159714527.6352637,1016823,21634.02212,584185553.7913067,0
2023-05-18 00:00:00.000000 UTC,27405.62,27485.33,26361.2,26821.28,49198.65143,2023-05-18 23:59:59.999000 UTC,1330745572.6946373,1057318,23659.89374,640128055.9068437,0
2023-05-19 00:00:00.000000 UTC,26821.28,27183.6,26630.0,26880.26,28754.13544,2023-05-19 23:59:59.999000 UTC,772864757.1633048,756295,13622.24812,366169697.3870807,0
2023-05-20 00:00:00.000000 UTC,26880.26,27150.0,26825.11,27102.43,14434.54718,2023-05-20 23:59:59.999000 UTC,389225653.7451669,481382,6769.94368,182562924.6341634,0
2023-05-21 00:00:00.000000 UTC,27102.42,27277.55,26666.03,26747.78,21347.87279,2023-05-21 23:59:59.999000 UTC,575213570.2794422,568937,9855.43959,265526847.33206752,0
2023-05-22 00:00:00.000000 UTC,26747.78,27099.89,26538.21,26849.27,26458.83828,2023-05-22 23:59:59.999000 UTC,709594996.7242744,717111,12639.67925,338982776.4596819,0
2023-05-23 00:00:00.000000 UTC,26849.28,27495.83,26798.11,27219.61,38700.83858,2023-05-23 23:59:59.999000 UTC,1054565781.6023751,816399,18966.20117,516737777.2652495,0
2023-05-24 00:00:00.000000 UTC,27219.61,27219.61,26080.5,26329.01,54393.0657,2023-05-24 23:59:59.999000 UTC,1442636235.4543552,1012767,26698.91191,707870181.8163438,0
2023-05-25 00:00:00.000000 UTC,26329.0,26631.98,25871.89,26473.79,37435.44895,2023-05-25 23:59:59.999000 UTC,984117789.7017612,753125,17773.08882,467287939.9395918,0
2023-05-26 00:00:00.000000 UTC,26473.8,26932.16,26327.24,26705.92,35061.18713,2023-05-26 23:59:59.999000 UTC,932817724.59401,655755,16507.37461,439209106.744672,0
2023-05-27 00:00:00.000000 UTC,26705.93,26895.0,26551.0,26854.27,15095.6867,2023-05-27 23:59:59.999000 UTC,403337263.0344908,415694,7152.30076,191116596.7726724,0
2023-05-28 00:00:00.000000 UTC,26854.28,28261.32,26764.36,28065.0,43916.00855,2023-05-28 23:59:59.999000 UTC,1205762341.9704952,843861,23346.55866,640869473.6004443,0
2023-05-29 00:00:00.000000 UTC,28065.01,28447.14,27524.6,27736.4,42385.41945,2023-05-29 23:59:59.999000 UTC,1182678581.6346693,805579,20199.85331,563722083.6591941,0
2023-05-30 00:00:00.000000 UTC,27736.39,28038.59,27554.0,27694.4,32686.75371,2023-05-30 23:59:59.999000 UTC,908653906.0072744,745633,15196.52438,422438614.8525725,0
2023-05-31 00:00:00.000000 UTC,27694.39,27835.51,26839.01,27210.35,46588.80573,2023-05-31 23:59:59.999000 UTC,1265952178.7798684,908537,21962.66824,596493723.439264,0
2023-06-01 00:00:00.000000 UTC,27210.36,27350.0,26605.05,26817.93,39217.8088,2023-06-01 23:59:59.999000 UTC,1055132509.8658342,814389,18620.69161,500960557.9227829,0
2023-06-02 00:00:00.000000 UTC,26817.93,27300.0,26505.0,27242.59,36380.90269,2023-06-02 23:59:59.999000 UTC,983857061.640842,811087,18134.67738,490485191.7880676,0
2023-06-03 00:00:00.000000 UTC,27242.59,27333.29,26914.93,27069.22,16595.34117,2023-06-03 23:59:59.999000 UTC,450588672.4704081,466520,7745.7868,210327639.56108248,0
2023-06-04 00:00:00.000000 UTC,27069.22,27455.02,26951.0,27115.21,19258.41049,2023-06-04 23:59:59.999000 UTC,523747237.4389696,504474,9511.72432,258699846.47588032,0
2023-06-05 00:00:00.000000 UTC,27115.2,27129.33,25388.0,25728.2,65805.60305,2023-06-05 23:59:59.999000 UTC,1722665798.0920303,1420829,30583.35138,799867474.2125897,0
2023-06-06 00:00:00.000000 UTC,25728.2,27355.33,25351.02,27230.08,68392.60438,2023-06-06 23:59:59.999000 UTC,1797636024.0812123,1345725,35083.7879,922716234.2100114,0
2023-06-07 00:00:00.000000 UTC,27230.07,27391.77,26125.01,26339.34,59619.44364,2023-06-07 23:59:59.999000 UTC,1589291467.5372329,1311928,28095.50924,749083400.1203891,0
2023-06-08 00:00:00.000000 UTC,26339.34,26810.0,26210.0,26498.61,31075.51083,2023-06-08 23:59:59.999000 UTC,823023638.236875,848252,14614.60741,387105933.4399799,0
2023-06-09 00:00:00.000000 UTC,26498.62,26783.33,26269.91,26477.81,27934.7097,2023-06-09 23:59:59.999000 UTC,741158215.0539023,746911,12757.07361,338454644.8956143,0
2023-06-10 00:00:00.000000 UTC,26477.8,26533.87,25358.0,25841.21,64944.60108,2023-06-10 23:59:59.999000 UTC,1673795235.4008925,1713871,31558.13098,813190388.2485608,0
2023-06-11 00:00:00.000000 UTC,25841.22,26206.88,25634.7,25925.55,30014.29595,2023-06-11 23:59:59.999000 UTC,776111471.8669971,833902,14266.10759,368954010.80744416,0
2023-06-12 00:00:00.000000 UTC,25925.54,26106.48,25602.11,25905.19,29900.50893,2023-06-12 23:59:59.999000 UTC,773303698.8633221,858037,14219.97114,367770742.66004,0
2023-06-13 00:00:00.000000 UTC,25905.2,26433.21,25712.57,25934.25,41065.60853,2023-06-13 23:59:59.999000 UTC,1068985236.5126554,1007138,20120.32689,523776704.241491,0
2023-06-14 00:00:00.000000 UTC,25934.24,26098.0,24820.56,25128.6,45077.31608,2023-06-14 23:59:59.999000 UTC,1152808416.919793,957418,20726.13761,530122336.3788532,0
2023-06-15 00:00:00.000000 UTC,25128.6,25759.01,24800.0,25598.49,48664.86063,2023-06-15 23:59:59.999000 UTC,1224436974.8502872,943268,24035.81623,604884325.2462568,0
2023-06-16 00:00:00.000000 UTC,25598.49,26518.0,25175.56,26345.0,51596.91662,2023-06-16 23:59:59.999000 UTC,1335158158.639614,926194,24055.65943,622525707.6049981,0
2023-06-17 00:00:00.000000 UTC,26345.01,26839.99,26181.0,26516.99,27842.2195,2023-06-17 23:59:59.999000 UTC,738491809.8811625,666967,13843.65158,367248705.0054073,0
2023-06-18 00:00:00.000000 UTC,26516.99,26700.0,26255.85,26339.97,21538.31022,2023-06-18 23:59:59.999000 UTC,571013013.8553362,555956,10367.07533,274864183.4442869,0
2023-06-19 00:00:00.000000 UTC,26339.98,27068.09,26256.61,26844.35,35872.65974,2023-06-19 23:59:59.999000 UTC,954193987.2948112,732735,17593.19977,468128198.05453104,0
2023-06-20 00:00:00.000000 UTC,26844.35,28402.74,26652.0,28307.99,69666.95525,2023-06-20 23:59:59.999000 UTC,1912797983.531005,1189024,35052.57462,962782935.68993,0
2023-06-21 00:00:00.000000 UTC,28308.0,30800.0,28257.99,29993.89,108926.40412,2023-06-21 23:59:59.999000 UTC,3210301129.3662906,1872873,55846.96952,1646165465.2449384,0
2023-06-22 00:00:00.000000 UTC,29993.89,30500.0,29525.61,29884.92,59054.5646,2023-06-22 23:59:59.999000 UTC,1775822103.7632556,1146092,27902.93312,839284260.1798254,0
2023-06-23 00:00:00.000000 UTC,29884.92,31431.94,29800.0,30688.5,73931.89635,2023-06-23 23:59:59.999000 UTC,2265077496.195469,1338533,36289.3174,1112439184.9506557,0
2023-06-24 00:00:00.000000 UTC,30688.51,30800.0,30250.0,30527.43,30513.30135,2023-06-24 23:59:59.999000 UTC,933244397.704002,776343,14497.56447,443500647.9220823,0
2023-06-25 00:00:00.000000 UTC,30527.44,31046.01,30277.49,30462.66,30223.44801,2023-06-25 23:59:59.999000 UTC,926316644.4167664,789910,14627.97473,448414594.5587875,0
2023-06-26 00:00:00.000000 UTC,30462.67,30666.0,29930.0,30267.99,45180.41489,2023-06-26 23:59:59.999000 UTC,1367837657.5451825,954783,22277.58284,674540668.5726604,0
2023-06-27 00:00:00.000000 UTC,30267.99,30994.97,30226.17,30692.44,42699.64157,2023-06-27 23:59:59.999000 UTC,1306206257.0193572,824373,21151.29517,647203906.7656411,0
2023-06-28 00:00:00.000000 UTC,30692.44,30709.74,29858.8,30077.41,40463.51937,2023-06-28 23:59:59.999000 UTC,1224103637.6132562,895470,19176.75428,580226725.8333887,0
2023-06-29 00:00:00.000000 UTC,30077.4,30843.98,30049.98,30447.31,36330.62903,2023-06-29 23:59:59.999000 UTC,1107940389.9242406,758428,17834.38857,543872730.2617269,0
2023-06-30 00:00:00.000000 UTC,30447.31,31282.0,29500.0,30472.0,89419.07618,2023-06-30 23:59:59.999000 UTC,2726355505.5063505,1559366,44319.81254,1351735332.8585768,0
2023-07-01 00:00:00.000000 UTC,30471.99,30661.6,30320.57,30585.9,17501.75075,2023-07-01 23:59:59.999000 UTC,533859338.1325383,567975,8102.13876,247175148.950766,0
2023-07-02 00:00:00.000000 UTC,30585.9,30791.0,30155.0,30617.03,23286.41019,2023-07-02 23:59:59.999000 UTC,711031423.4334425,591533,10630.2474,324616031.9581684,0
2023-07-03 00:00:00.000000 UTC,30617.02,31380.0,30570.27,31156.2,43761.64311,2023-07-03 23:59:59.999000 UTC,1352635339.5043936,781855,20885.94331,645698735.3773495,0
2023-07-04 00:00:00.000000 UTC,31156.2,31350.69,30620.0,30766.51,33206.11943,2023-07-04 23:59:59.999000 UTC,1028794008.5245212,779472,14107.36566,437126154.0841225,0
2023-07-05 00:00:00.000000 UTC,30766.52,30878.07,30200.0,30504.81,33215.67122,2023-07-05 23:59:59.999000 UTC,1013694790.31705,827926,15619.11716,476478254.94341326,0
2023-07-06 00:00:00.000000 UTC,30504.8,31500.0,29850.45,29895.43,71319.6261,2023-07-06 23:59:59.999000 UTC,2181763648.99527,1397042,33952.63237,1039137135.293551,0
2023-07-07 00:00:00.000000 UTC,29895.42,30449.0,29701.02,30344.7,34070.53895,2023-07-07 23:59:59.999000 UTC,1027461795.2332093,912948,14875.86309,448638761.3838917,0
2023-07-08 00:00:00.000000 UTC,30344.7,30386.81,30044.47,30284.63,13094.59042,2023-07-08 23:59:59.999000 UTC,395759717.5724279,480214,5990.91468,181083431.1999306,0
2023-07-09 00:00:00.000000 UTC,30284.63,30445.52,30061.12,30160.71,15388.50196,2023-07-09 23:59:59.999000 UTC,465781514.2589476,473168,7017.35093,212433521.88972887,0
2023-07-10 00:00:00.000000 UTC,30160.71,31045.78,29950.0,30411.57,41262.87652,2023-07-10 23:59:59.999000 UTC,1254289037.7420728,896853,19574.2347,595390893.1450084,0
2023-07-11 00:00:00.000000 UTC,30411.57,30813.63,30300.0,30622.1,28476.83311,2023-07-11 23:59:59.999000 UTC,868966244.2412691,691213,13670.16079,417204801.1629621,0
2023-07-12 00:00:00.000000 UTC,30622.1,30983.25,30210.0,30380.0,38108.99669,2023-07-12 23:59:59.999000 UTC,1166497472.4331727,784195,18251.27965,558742524.9312288,0
2023-07-13 00:00:00.000000 UTC,30380.0,31804.2,30251.0,31454.23,70772.51836,2023-07-13 23:59:59.999000 UTC,2194927210.224416,1301632,36084.84178,1119542855.1513171,0
2023-07-14 00:00:00.000000 UTC,31454.23,31630.0,29900.0,30312.01,60749.48424,2023-07-14 23:59:59.999000 UTC,1869443273.7476244,1274387,28513.77996,877642037.8224415,0
2023-07-15 00:00:00.000000 UTC,30312.0,30390.9,30200.0,30289.52,14118.55329,2023-07-15 23:59:59.999000 UTC,427921094.3021783,488354,6430.54981,194912673.91192168,0
2023-07-16 00:00:00.000000 UTC,30289.52,30441.46,30064.29,30231.99,15760.1281,2023-07-16 23:59:59.999000 UTC,477189328.0072937,494225,7322.44372,221713710.223243,0
2023-07-17 00:00:00.000000 UTC,30232.0,30336.96,29659.2,30138.0,30882.76839,2023-07-17 23:59:59.999000 UTC,929647644.243343,816466,14352.21893,432105955.4547703,0
2023-07-18 00:00:00.000000 UTC,30138.01,30239.78,29512.0,29859.13,30003.8601,2023-07-18 23:59:59.999000 UTC,897157095.477411,754775,13771.19621,411748868.0629127,0
2023-07-19 00:00:00.000000 UTC,29859.14,30189.09,29761.96,29909.21,25657.36137,2023-07-19 23:59:59.999000 UTC,769254865.285115,617415,12260.98321,367624217.9174355,0
2023-07-20 00:00:00.000000 UTC,29909.21,30417.46,29570.96,29800.0,37540.68193,2023-07-20 23:59:59.999000 UTC,1125950643.7116497,749723,18061.33493,541742405.5204978,0
2023-07-21 00:00:00.000000 UTC,29800.0,30061.7,29726.34,29901.72,23881.40865,2023-07-21 23:59:59.999000 UTC,713123417.7612139,555611,11566.3884,345404092.6459083,0
2023-07-22 00:00:00.000000 UTC,29901.72,29999.0,29625.1,29794.0,14660.40467,2023-07-22 23:59:59.999000 UTC,437785700.3396102,423988,6725.50525,200848375.4485695,0
2023-07-23 00:00:00.000000 UTC,29793.99,30350.0,29730.0,30083.75,18292.78637,2023-07-23 23:59:59.999000 UTC,548940321.0915866,519434,8889.35695,266761143.41169807,0
2023-07-24 00:00:00.000000 UTC,30083.75,30099.58,28861.9,29176.5,39628.99691,2023-07-24 23:59:59.999000 UTC,1162562413.8190155,869107,18047.66786,529388757.49158144,0
2023-07-25 00:00:00.000000 UTC,29176.5,29376.0,29047.65,29228.91,21565.7478,2023-07-25 23:59:59.999000 UTC,629531351.1145664,533797,10257.29455,299466722.1976085,0
2023-07-26 00:00:00.000000 UTC,29228.91,29690.0,29096.94,29351.96,33931.63366,2023-07-26 23:59:59.999000 UTC,995569172.1396836,750401,15987.94266,469155943.83416,0
2023-07-27 00:00:00.000000 UTC,29351.95,29567.49,29083.85,29222.78,22476.47626,2023-07-27 23:59:59.999000 UTC,659594157.3443576,583045,10384.95749,304728875.7312362,0
2023-07-28 00:00:00.000000 UTC,29222.78,29542.22,29123.12,29314.14,23993.61627,2023-07-28 23:59:59.999000 UTC,702705076.837866,543177,11422.36141,334588917.08832914,0
2023-07-29 00:00:00.000000 UTC,29314.14,29406.92,29256.18,29352.9,10851.36844,2023-07-29 23:59:59.999000 UTC,318276733.8766431,339750,5443.09222,159659088.1646764,0
2023-07-30 00:00:00.000000 UTC,29352.9,29449.0,29033.24,29281.09,15706.97441,2023-07-30 23:59:59.999000 UTC,459830379.6509824,454846,7720.41654,226012721.3705351,0
2023-07-31 00:00:00.000000 UTC,29281.09,29530.0,29101.8,29232.25,22605.48964,2023-07-31 23:59:59.999000 UTC,663025204.2072345,563115,11029.2258,323482162.2920864,0
2023-08-01 00:00:00.000000 UTC,29232.26,29739.25,28585.7,29705.99,44719.65162,2023-08-01 23:59:59.999000 UTC,1299160215.077924,900141,21831.75056,634595648.9435309,0
2023-08-02 00:00:00.000000 UTC,29705.99,30047.5,28927.5,29186.01,48181.65141,2023-08-02 23:59:59.999000 UTC,1419729744.649752,945158,22953.8144,676256840.2750592,0
2023-08-03 00:00:00.000000 UTC,29186.0,29433.33,28968.0,29193.64,26476.91994,2023-08-03 23:59:59.999000 UTC,773302705.4947629,651970,12901.09228,376856740.48839366,0
2023-08-04 00:00:00.000000 UTC,29193.65,29333.08,28807.54,29113.99,23551.95217,2023-08-04 23:59:59.999000 UTC,686643453.3930904,544850,10539.62903,307284659.321428,0
2023-08-05 00:00:00.000000 UTC,29114.0,29152.23,28978.64,29072.13,11645.52018,2023-08-05 23:59:59.999000 UTC,338478560.12182474,331924,5491.4962,159611625.1658778,0
2023-08-06 00:00:00.000000 UTC,29072.13,29205.09,28991.88,29088.42,13178.1972,2023-08-06 23:59:59.999000 UTC,383209498.87775046,338654,6471.24487,188192943.696217,0
2023-08-07 00:00:00.000000 UTC,29088.43,29276.78,28701.03,29211.06,30966.87746,2023-08-07 23:59:59.999000 UTC,899492595.6812717,671438,15375.49318,446702609.5645752,0
2023-08-08 00:00:00.000000 UTC,29211.06,30244.0,29146.45,29770.42,45700.53392,2023-08-08 23:59:59.999000 UTC,1352934531.6659672,877168,24189.62133,716161501.5730364,0
2023-08-09 00:00:00.000000 UTC,29770.41,30160.0,29376.67,29581.99,38003.88725,2023-08-09 23:59:59.999000 UTC,1130396850.0974116,750252,18700.85778,556446376.2517849,0
2023-08-10 00:00:00.000000 UTC,29581.99,29738.0,29320.2,29455.75,23463.45373,2023-08-10 23:59:59.999000 UTC,692863472.0877249,513691,11204.06553,330886650.2003818,0
2023-08-11 00:00:00.000000 UTC,29455.76,29564.52,29252.45,29426.03,20637.0443,2023-08-11 23:59:59.999000 UTC,607176051.3015367,437828,9803.94004,288451712.10020846,0
2023-08-12 00:00:00.000000 UTC,29426.02,29481.35,29381.56,29430.17,8971.48068,2023-08-12 23:59:59.999000 UTC,263949405.54340288,310852,4181.99127,123039182.1587899,0
2023-08-13 00:00:00.000000 UTC,29430.18,29474.65,29272.32,29303.84,11101.70947,2023-08-13 23:59:59.999000 UTC,326264625.2296824,341726,5257.07008,154501729.2473491,0
2023-08-14 00:00:00.000000 UTC,29303.85,29695.32,29102.45,29430.93,31443.11532,2023-08-14 23:59:59.999000 UTC,924613476.681799,671592,15036.11048,442247506.1673844,0
2023-08-15 00:00:00.000000 UTC,29430.92,29499.26,29059.6,29200.0,27503.87691,2023-08-15 23:59:59.999000 UTC,806683957.3100157,591162,12751.63951,374046205.2590536,0
2023-08-16 00:00:00.000000 UTC,29200.01,29259.85,28723.08,28730.51,32996.69854,2023-08-16 23:59:59.999000 UTC,959870747.0063144,768028,14761.86053,429510396.4298237,0
2023-08-17 00:00:00.000000 UTC,28730.51,28783.48,25166.0,26623.41,100271.54033,2023-08-17 23:59:59.999000 UTC,2755821274.340605,1976577,47495.99471,1302553963.3106227,0
2023-08-18 00:00:00.000000 UTC,26623.41,26832.6,25619.0,26054.0,69790.65711,2023-08-18 23:59:59.999000 UTC,1834219523.699404,1293122,33522.24573,881095856.1944035,0
2023-08-19 00:00:00.000000 UTC,26054.0,26281.0,25801.09,26100.01,26160.75343,2023-08-19 23:59:59.999000 UTC,680623880.8247553,615764,12952.29598,337010159.8115182,0
2023-08-20 00:00:00.000000 UTC,26100.01,26299.0,25971.05,26189.99,19056.91209,2023-08-20 23:59:59.999000 UTC,497880752.23011583,451543,9909.1293,258890029.0825064,0
2023-08-21 00:00:00.000000 UTC,26190.0,26258.42,25812.0,26126.92,30267.24233,2023-08-21 23:59:59.999000 UTC,788205156.3215923,565987,14052.07264,365942107.3406447,0
2023-08-22 00:00:00.000000 UTC,26126.92,26139.42,25300.0,26056.0,34247.06688,2023-08-22 23:59:59.999000 UTC,886782344.160293,603624,16436.92888,425661908.6149738,0
2023-08-23 00:00:00.000000 UTC,26055.99,26819.27,25812.82,26432.72,44023.69978,2023-08-23 23:59:59.999000 UTC,1156326251.922411,673711,21955.66524,576734438.2954,0
2023-08-24 00:00:00.000000 UTC,26432.71,26577.87,25864.0,26180.05,30205.22116,2023-08-24 23:59:59.999000 UTC,792966965.8982657,575619,13987.93493,367233375.41684335,0
2023-08-25 00:00:00.000000 UTC,26180.05,26314.05,25777.15,26060.01,27753.33772,2023-08-25 23:59:59.999000 UTC,722611079.1898074,611438,13258.65894,345214226.918254,0
2023-08-26 00:00:00.000000 UTC,26060.0,26125.77,25985.92,26017.37,10022.22322,2023-08-26 23:59:59.999000 UTC,261041530.4758038,329412,4681.90628,121952627.5976749,0
2023-08-27 00:00:00.000000 UTC,26017.38,26182.23,25966.11,26101.77,12099.64216,2023-08-27 23:59:59.999000 UTC,315548363.0193776,349090,6170.48664,160918200.3936097,0
2023-08-28 00:00:00.000000 UTC,26101.78,26253.99,25864.5,26120.0,22692.62655,2023-08-28 23:59:59.999000 UTC,591008939.17657,523057,10912.40549,284226173.7934395,0
2023-08-29 00:00:00.000000 UTC,26120.0,28142.85,25922.0,27716.34,74251.99488,2023-08-29 23:59:59.999000 UTC,2023326050.758479,1137083,37945.55071,1034244032.3814664,0
2023-08-30 00:00:00.000000 UTC,27716.34,27768.57,27017.24,27299.99,35448.25848,2023-08-30 23:59:59.999000 UTC,969086451.1625257,690292,16715.57712,456926409.729732,0
2023-08-31 00:00:00.000000 UTC,27299.99,27587.51,25655.01,25940.78,51032.80401,2023-08-31 23:59:59.999000 UTC,1360373186.0116708,944690,24598.11397,655707233.8849008,0
2023-09-01 00:00:00.000000 UTC,25940.77,26156.0,25333.75,25805.05,41032.15056,2023-09-01 23:59:59.999000 UTC,1059444591.7097492,881179,19960.9903,515429946.1831724,0
2023-09-02 00:00:00.000000 UTC,25805.04,25987.5,25752.47,25869.51,16250.77698,2023-09-02 23:59:59.999000 UTC,419812969.94685984,567728,7634.91416,197234437.0220484,0
2023-09-03 00:00:00.000000 UTC,25869.52,26135.0,25800.0,25971.21,17474.47667,2023-09-03 23:59:59.999000 UTC,453100690.1021077,496412,8583.16498,222581536.0268467,0
2023-09-04 00:00:00.000000 UTC,25971.21,26108.02,25631.21,25826.02,21777.59609,2023-09-04 23:59:59.999000 UTC,563532890.5699993,596830,10177.3686,263365883.4295556,0
2023-09-05 00:00:00.000000 UTC,25826.03,25915.49,25562.62,25792.1,21323.39337,2023-09-05 23:59:59.999000 UTC,548893707.6002005,566736,9926.65838,255537038.4660957,0
2023-09-06 00:00:00.000000 UTC,25792.11,26040.0,25372.51,25759.95,27262.52386,2023-09-06 23:59:59.999000 UTC,700763180.8011677,636302,12736.70564,327416444.78409594,0
2023-09-07 00:00:00.000000 UTC,25759.95,26443.14,25615.38,26255.0,27687.49567,2023-09-07 23:59:59.999000 UTC,718923008.9071183,631929,13506.19156,350741324.2920373,0
2023-09-08 00:00:00.000000 UTC,26255.0,26445.5,25647.26,25910.5,28999.76471,2023-09-08 23:59:59.999000 UTC,754184537.1096923,646852,14238.89945,370236844.4314076,0
2023-09-09 00:00:00.000000 UTC,25910.5,25945.09,25796.64,25901.61,10980.62277,2023-09-09 23:59:59.999000 UTC,284109473.8075783,359038,5212.44349,134863388.7628859,0
2023-09-10 00:00:00.000000 UTC,25901.6,26033.66,25570.57,25841.61,18738.26914,2023-09-10 23:59:59.999000 UTC,483577459.20553446,489773,8747.51072,225752901.04035008,0
2023-09-11 00:00:00.000000 UTC,25841.6,25900.69,24901.0,25162.52,41682.32,2023-09-11 23:59:59.999000 UTC,1057371884.6697066,864138,19664.90243,498821645.3852223,0
2023-09-12 00:00:00.000000 UTC,25162.53,26567.0,25131.48,25840.1,56434.38537,2023-09-12 23:59:59.999000 UTC,1464393036.9616623,1047056,27720.5183,719147319.9787064,0
2023-09-13 00:00:00.000000 UTC,25840.1,26405.22,25764.17,26222.0,31610.82753,2023-09-13 23:59:59.999000 UTC,825437881.4687591,714880,15287.00038,399099781.6207648,0
2023-09-14 00:00:00.000000 UTC,26222.0,26860.49,26126.77,26522.73,38333.1725,2023-09-14 23:59:59.999000 UTC,1015267319.7730228,799278,19440.45467,514863794.3783894,0
2023-09-15 00:00:00.000000 UTC,26522.73,26888.0,26224.0,26600.0,26227.29369,2023-09-15 23:59:59.999000 UTC,695203258.0004445,654094,12600.39115,334045930.7667212,0
2023-09-16 00:00:00.000000 UTC,26599.99,26777.0,26445.0,26559.67,13960.93351,2023-09-16 23:59:59.999000 UTC,370889866.4592735,526416,6508.91352,172926781.3888423,0
2023-09-17 00:00:00.000000 UTC,26559.67,26623.25,26399.0,26527.51,12998.10277,2023-09-17 23:59:59.999000 UTC,344703727.5601071,476775,6359.89459,168675580.016463,0
2023-09-18 00:00:00.000000 UTC,26527.5,27409.0,26377.35,26762.51,43000.43256,2023-09-18 23:59:59.999000 UTC,1158780347.6253047,938705,21551.71605,580912488.7594309,0
2023-09-19 00:00:00.000000 UTC,26762.5,27483.57,26667.79,27210.26,36190.52187,2023-09-19 23:59:59.999000 UTC,981539255.55962,898076,17851.15558,484061308.12493294,0
2023-09-20 00:00:00.000000 UTC,27210.25,27388.63,26800.0,27125.0,34207.21867,2023-09-20 23:59:59.999000 UTC,927206075.9626272,867288,16983.43086,460402346.17078334,0
2023-09-21 00:00:00.000000 UTC,27125.01,27159.6,26377.7,26568.08,34476.82662,2023-09-21 23:59:59.999000 UTC,920768143.3513128,823416,16878.78202,450738363.8506985,0
2023-09-22 00:00:00.000000 UTC,26568.08,26743.38,26468.77,26580.14,18198.2292,2023-09-22 23:59:59.999000 UTC,484331618.9485319,567149,8484.09679,225805692.72356927,0
2023-09-23 00:00:00.000000 UTC,26580.14,26632.81,26509.0,26575.96,9440.7026,2023-09-23 23:59:59.999000 UTC,250873957.3886738,421717,4387.1973,116581214.130133,0
2023-09-24 00:00:00.000000 UTC,26575.97,26738.54,26122.08,26248.38,15706.65771,2023-09-24 23:59:59.999000 UTC,416368301.3736848,545045,7547.06342,200078452.01675767,0
2023-09-25 00:00:00.000000 UTC,26248.39,26446.15,25990.46,26304.81,26266.2039,2023-09-25 23:59:59.999000 UTC,688252596.3809944,873488,12654.58207,331622453.1518055,0
2023-09-26 00:00:00.000000 UTC,26304.8,26397.46,26088.34,26221.67,18495.35066,2023-09-26 23:59:59.999000 UTC,485217905.0421048,697727,8813.76144,231246870.5474588,0
2023-09-27 00:00:00.000000 UTC,26221.68,26850.0,26112.06,26372.99,34771.57978,2023-09-27 23:59:59.999000 UTC,918797815.048481,939690,16813.75506,444221386.42614096,0
2023-09-28 00:00:00.000000 UTC,26373.0,27308.48,26342.4,27021.39,44517.83491,2023-09-28 23:59:59.999000 UTC,1193420040.1309185,1158974,22463.19242,602340703.6015062,0
2023-09-29 00:00:00.000000 UTC,27021.39,27244.89,26665.16,26906.96,28478.76219,2023-09-29 23:59:59.999000 UTC,767827314.931909,878610,14409.35554,388591243.2591525,0
2023-09-30 00:00:00.000000 UTC,26906.96,27094.99,26886.31,26962.56,12804.62307,2023-09-30 23:59:59.999000 UTC,345406056.6806953,534908,6221.24272,167818583.0599575,0
2023-10-01 00:00:00.000000 UTC,26962.57,28065.51,26954.09,27992.57,24602.81468,2023-10-01 23:59:59.999000 UTC,674657121.9944204,883593,12815.98694,351622961.4701274,0
2023-10-02 00:00:00.000000 UTC,27992.58,28580.0,27281.44,27494.51,57071.14241,2023-10-02 23:59:59.999000 UTC,1600944483.4902065,1464158,28423.61,797598852.4797783,0
2023-10-03 00:00:00.000000 UTC,27494.51,27676.52,27160.5,27426.46,28928.96555,2023-10-03 23:59:59.999000 UTC,794301815.4265021,1202377,13562.03527,372402100.7967512,0
2023-10-04 00:00:00.000000 UTC,27426.45,27839.72,27202.0,27778.57,29816.142,2023-10-04 23:59:59.999000 UTC,820421385.2557852,1188381,15077.70185,414806576.3484014,0
2023-10-05 00:00:00.000000 UTC,27778.57,28120.39,27352.0,27410.39,30681.49619,2023-10-05 23:59:59.999000 UTC,849415594.0472504,1210397,14985.99405,415039706.5866476,0
2023-10-06 00:00:00.000000 UTC,27410.39,28295.0,27175.94,27931.09,37983.24277,2023-10-06 23:59:59.999000 UTC,1052864393.8176136,1326700,19091.24006,529241188.5573689,0
2023-10-07 00:00:00.000000 UTC,27931.1,28029.67,27842.08,27956.67,13348.83825,2023-10-07 23:59:59.999000 UTC,372820279.5231431,641623,6392.35089,178534947.7787839,0
2023-10-08 00:00:00.000000 UTC,27956.67,28095.14,27687.5,27917.05,19693.56921,2023-10-08 23:59:59.999000 UTC,549839951.4800811,822730,9216.08271,257333249.5330772,0
2023-10-09 00:00:00.000000 UTC,27917.06,27987.93,27260.0,27590.12,31534.74639,2023-10-09 23:59:59.999000 UTC,870014634.3621609,1156525,15077.43003,415887241.10445,0
2023-10-10 00:00:00.000000 UTC,27590.12,27735.0,27298.0,27390.12,22776.84383,2023-10-10 23:59:59.999000 UTC,626258724.2775784,1002272,10851.22317,298354384.6981499,0
2023-10-11 00:00:00.000000 UTC,27390.12,27477.39,26538.66,26875.52,37349.44706,2023-10-11 23:59:59.999000 UTC,1007065585.9346406,1336479,17460.0774,470620209.7857447,0
2023-10-12 00:00:00.000000 UTC,26875.52,26947.04,26555.0,26759.63,23428.64112,2023-10-12 23:59:59.999000 UTC,626909068.3868717,1066082,11128.85943,297794983.5412317,0
2023-10-13 00:00:00.000000 UTC,26759.63,27130.0,26685.0,26862.0,24115.76499,2023-10-13 23:59:59.999000 UTC,647553796.3580662,1035322,11209.65389,301049285.742293,0
2023-10-14 00:00:00.000000 UTC,26862.0,26989.58,26789.0,26852.48,10417.25576,2023-10-14 23:59:59.999000 UTC,280059019.0534013,517837,4378.85219,117730324.8186729,0
2023-10-15 00:00:00.000000 UTC,26852.48,27293.33,26808.25,27154.15,15274.6917,2023-10-15 23:59:59.999000 UTC,412673965.3439348,682942,7802.69243,210833694.1344328,0
2023-10-16 00:00:00.000000 UTC,27154.14,30000.0,27112.66,28500.78,78399.22445,2023-10-16 23:59:59.999000 UTC,2210785548.236096,2289339,40738.04173,1148700588.6793344,0
2023-10-17 00:00:00.000000 UTC,28500.77,28613.65,28069.32,28395.91,38428.44532,2023-10-17 23:59:59.999000 UTC,1090741746.4830873,1345810,18994.06799,539218488.3415859,0
2023-10-18 00:00:00.000000 UTC,28395.91,28982.36,28142.87,28320.0,32162.47591,2023-10-18 23:59:59.999000 UTC,914773525.152758,1215235,15590.14442,443515753.8170772,0
2023-10-19 00:00:00.000000 UTC,28320.0,28916.89,28100.66,28713.71,35895.50179,2023-10-19 23:59:59.999000 UTC,1023984017.0322788,1330256,18427.23743,525695852.56325006,0
2023-10-20 00:00:00.000000 UTC,28713.71,30207.55,28578.29,29669.04,59422.0992,2023-10-20 23:59:59.999000 UTC,1753411192.5510907,1915748,29466.75927,869634841.3281221,0
2023-10-21 00:00:00.000000 UTC,29669.05,30379.99,29464.77,29909.8,27517.51897,2023-10-21 23:59:59.999000 UTC,821964508.4353629,1152137,13836.12444,413323530.3421796,0
2023-10-22 00:00:00.000000 UTC,29909.8,30248.0,29640.0,29992.46,22852.54563,2023-10-22 23:59:59.999000 UTC,683854827.8969324,1008299,11161.46844,334011129.2314961,0
2023-10-23 00:00:00.000000 UTC,29992.46,34741.91,29883.6,33069.99,93513.64246,2023-10-23 23:59:59.999000 UTC,2941620022.865188,2839938,47839.23087,1505815243.5676997,0
2023-10-24 00:00:00.000000 UTC,33069.99,35280.0,32832.34,33922.73,115265.02418,2023-10-24 23:59:59.999000 UTC,3933194868.1611967,2850160,57409.31981,1959449469.465793,0
2023-10-25 00:00:00.000000 UTC,33922.73,35132.85,33679.05,34496.05,54887.02529,2023-10-25 23:59:59.999000 UTC,1888210825.6063828,1643976,26150.50377,900236395.3726264,0
2023-10-26 00:00:00.000000 UTC,34496.05,34824.13,33751.0,34151.66,39744.66255,2023-10-26 23:59:59.999000 UTC,1363077907.10912,1382785,18528.43061,635547858.4928182,0
2023-10-27 00:00:00.000000 UTC,34151.66,34245.0,33390.95,33892.02,32330.40106,2023-10-27 23:59:59.999000 UTC,1096889423.419842,1112240,14310.32429,485405697.9244015,0
2023-10-28 00:00:00.000000 UTC,33892.01,34493.33,33860.0,34081.0,16880.13144,2023-10-28 23:59:59.999000 UTC,575936523.347353,607438,8313.30759,283656619.58636194,0
2023-10-29 00:00:00.000000 UTC,34081.01,34750.11,33930.0,34525.89,20685.52176,2023-10-29 23:59:59.999000 UTC,711652985.1790963,717480,10053.96096,345933681.79684675,0
2023-10-30 00:00:00.000000 UTC,34525.88,34856.0,34062.84,34474.73,33657.95976,2023-10-30 23:59:59.999000 UTC,1159771907.642105,1117727,15237.56781,525162190.5371194,0
2023-10-31 00:00:00.000000 UTC,34474.74,34720.49,34025.0,34639.77,32737.89822,2023-10-31 23:59:59.999000 UTC,1125442444.4884882,1179053,15843.795,544722903.4968481,0
2023-11-01 00:00:00.000000 UTC,34639.78,35582.0,34097.39,35421.43,53473.28165,2023-11-01 23:59:59.999000 UTC,1856348820.4794536,1624635,25779.0029,895387891.4676665,0
2023-11-02 00:00:00.000000 UTC,35421.43,35984.99,34300.0,34941.59,48015.57732,2023-11-02 23:59:59.999000 UTC,1686141698.092171,1450837,23303.3535,818365718.954931,0
2023-11-03 00:00:00.000000 UTC,34941.58,34946.5,34120.0,34716.78,39071.20644,2023-11-03 23:59:59.999000 UTC,1347962831.5658624,1237373,19168.85669,661176167.7749345,0
2023-11-04 00:00:00.000000 UTC,34716.78,35255.0,34585.18,35062.07,18377.55545,2023-11-04 23:59:59.999000 UTC,639958598.4198353,794787,9229.16649,321479754.9172934,0
2023-11-05 00:00:00.000000 UTC,35062.06,35380.0,34448.0,35011.88,24528.73376,2023-11-05 23:59:59.999000 UTC,859350974.0014893,1038468,11870.33193,415912075.9000027,0
2023-11-06 00:00:00.000000 UTC,35011.89,35276.33,34725.9,35046.09,22346.47086,2023-11-06 23:59:59.999000 UTC,782427702.2653205,988246,10770.27727,377126281.15309054,0
2023-11-07 00:00:00.000000 UTC,35046.09,35888.0,34523.06,35399.12,38688.73692,2023-11-07 23:59:59.999000 UTC,1358031361.1978528,1352796,19375.26868,680382009.6599416,0
2023-11-08 00:00:00.000000 UTC,35399.13,36106.0,35100.0,35624.72,33401.34137,2023-11-08 23:59:59.999000 UTC,1185492160.4927278,1132568,17192.8245,610314635.3798897,0
2023-11-09 00:00:00.000000 UTC,35624.72,37972.24,35534.05,36701.09,82537.88885,2023-11-09 23:59:59.999000 UTC,3033417922.782681,2138765,42156.81236,1550254981.0451877,0
2023-11-10 00:00:00.000000 UTC,36701.1,37526.0,36324.71,37301.63,43414.04898,2023-11-10 23:59:59.999000 UTC,1605069174.5241032,1297729,21388.56879,790671818.768367,0
2023-11-11 00:00:00.000000 UTC,37301.63,37408.26,36666.93,37130.0,22984.97235,2023-11-11 23:59:59.999000 UTC,851924612.7339427,923300,10728.65792,397673179.6679197,0
2023-11-12 00:00:00.000000 UTC,37129.99,37222.22,36731.1,37064.13,17687.18874,2023-11-12 23:59:59.999000 UTC,655570813.1382711,810885,8506.46051,315285367.544748,0
2023-11-13 00:00:00.000000 UTC,37064.13,37417.99,36333.0,36462.93,32798.18252,2023-11-13 23:59:59.999000 UTC,1208037462.3041444,1217191,15442.44512,568916594.9113175,0
2023-11-14 00:00:00.000000 UTC,36462.93,36744.0,34800.0,35551.19,45503.68416,2023-11-14 23:59:59.999000 UTC,1639130785.08681,1404428,21205.18615,763841642.8808781,0
2023-11-15 00:00:00.000000 UTC,35551.2,37980.0,35360.0,37858.2,53569.13385,2023-11-15 23:59:59.999000 UTC,1963249656.5094736,1545427,28142.1424,1031669501.9934208,0
2023-11-16 00:00:00.000000 UTC,37858.2,37929.54,35500.0,36163.51,47490.39566,2023-11-16 23:59:59.999000 UTC,1744503339.0151725,1542446,22214.04928,815932555.1331267,0
2023-11-17 00:00:00.000000 UTC,36163.51,36800.0,35861.1,36613.92,38283.61112,2023-11-17 23:59:59.999000 UTC,1391225051.1923273,1349322,18403.36411,668865883.1417465,0
2023-11-18 00:00:00.000000 UTC,36613.91,36845.49,36178.58,36568.1,17102.24186,2023-11-18 23:59:59.999000 UTC,624434069.5256634,784498,8101.54756,295795105.4300323,0
2023-11-19 00:00:00.000000 UTC,36568.11,37500.0,36384.02,37359.86,21246.34648,2023-11-19 23:59:59.999000 UTC,781531839.4371592,862400,10575.25293,389089868.806342,0
2023-11-20 00:00:00.000000 UTC,37359.85,37750.0,36677.0,37448.78,36022.70291,2023-11-20 23:59:59.999000 UTC,1343722642.386475,1485050,17591.22652,656245983.7397183,0
2023-11-21 00:00:00.000000 UTC,37448.79,37649.44,35735.0,35741.65,47646.54804,2023-11-21 23:59:59.999000 UTC,1756747495.981855,1936895,22371.42068,824920009.55786,0
2023-11-22 00:00:00.000000 UTC,35741.65,37861.1,35632.01,37408.34,45051.30697,2023-11-22 23:59:59.999000 UTC,1657141022.427348,1648374,23046.71174,847145468.3259536,0
2023-11-23 00:00:00.000000 UTC,37408.35,37653.44,36870.0,37294.28,23827.92882,2023-11-23 23:59:59.999000 UTC,888826648.8541473,992284,11086.35132,413539343.94482046,0
2023-11-24 00:00:00.000000 UTC,37294.27,38414.0,37251.51,37713.57,44680.80646,2023-11-24 23:59:59.999000 UTC,1688715728.079148,1379414,22349.17236,844803081.6321824,0
2023-11-25 00:00:00.000000 UTC,37713.57,37888.0,37591.1,37780.67,11396.14464,2023-11-25 23:59:59.999000 UTC,430165251.7609749,569448,5153.91116,194536221.28509408,0
2023-11-26 00:00:00.000000 UTC,37780.67,37814.63,37150.0,37447.43,21264.53723,2023-11-26 23:59:59.999000 UTC,797321193.5893991,848020,10204.51641,382571274.0460783,0
2023-11-27 00:00:00.000000 UTC,37447.42,37569.23,36707.0,37242.7,30001.07376,2023-11-27 23:59:59.999000 UTC,1112557435.2767923,1238017,14458.63822,536129095.56684417,0
2023-11-28 00:00:00.000000 UTC,37242.7,38377.0,36868.41,37818.87,37544.46667,2023-11-28 23:59:59.999000 UTC,1414360251.6823456,1272779,18168.56198,684514270.9388716,0
2023-11-29 00:00:00.000000 UTC,37818.88,38450.0,37570.0,37854.64,32994.19107,2023-11-29 23:59:59.999000 UTC,1252586505.66259,1131353,15588.96473,591917955.4743968,0
2023-11-30 00:00:00.000000 UTC,37854.65,38145.85,37500.0,37723.96,24740.29147,2023-11-30 23:59:59.999000 UTC,934491058.960814,1007791,11484.45424,433772722.5045633,0
2023-12-01 00:00:00.000000 UTC,37723.97,38999.0,37615.86,38682.52,43415.66324,2023-12-01 23:59:59.999000 UTC,1669750777.6239817,1523417,22408.27301,861977420.1631953,0
2023-12-02 00:00:00.000000 UTC,38682.51,39717.14,38641.61,39450.35,26696.92161,2023-12-02 23:59:59.999000 UTC,1043421976.7660652,1034690,13166.65386,514763687.5746009,0
2023-12-03 00:00:00.000000 UTC,39450.35,40250.0,39274.86,39972.26,26710.65335,2023-12-03 23:59:59.999000 UTC,1059860641.0494444,1151524,13333.29632,529259227.1675092,0
2023-12-04 00:00:00.000000 UTC,39972.26,42420.0,39972.26,41991.1,79272.33059,2023-12-04 23:59:59.999000 UTC,3285736844.1408806,2112219,38595.61905,1599710862.0871768,0
2023-12-05 00:00:00.000000 UTC,41991.1,44488.0,41414.0,44073.32,67490.74644,2023-12-05 23:59:59.999000 UTC,2890205389.4901266,2072700,34815.80813,1491813847.238968,0
2023-12-06 00:00:00.000000 UTC,44073.82,44297.21,43335.28,43762.69,51431.10492,2023-12-06 23:59:59.999000 UTC,2256979505.594805,1876282,25092.62492,1101273363.0864296,0
2023-12-07 00:00:00.000000 UTC,43762.69,44047.33,42821.1,43273.14,47103.26845,2023-12-07 23:59:59.999000 UTC,2046945851.8836448,1414759,22635.67672,983629776.4938614,0
2023-12-08 00:00:00.000000 UTC,43273.15,44700.0,43081.1,44170.99,42900.37556,2023-12-08 23:59:59.999000 UTC,1875581755.4469104,1311268,20818.67861,910357262.894073,0
2023-12-09 00:00:00.000000 UTC,44171.0,44358.02,43584.51,43713.6,24925.97008,2023-12-09 23:59:59.999000 UTC,1096487106.564834,987352,11598.00774,510255993.8680859,0
2023-12-10 00:00:00.000000 UTC,43713.59,44049.0,43563.0,43789.51,18956.61758,2023-12-10 23:59:59.999000 UTC,830485162.5569534,830667,8841.90643,387376075.3824843,0
2023-12-11 00:00:00.000000 UTC,43789.5,43804.5,40222.0,41253.4,76663.89804,2023-12-11 23:59:59.999000 UTC,3205540835.5114336,2087142,36499.24269,1525642878.1521034,0
2023-12-12 00:00:00.000000 UTC,41253.41,42104.12,40680.0,41492.39,42722.69773,2023-12-12 23:59:59.999000 UTC,1773961284.3375635,1526411,21394.91158,888438328.8915346,0
2023-12-13 00:00:00.000000 UTC,41492.38,43475.2,40555.0,42869.03,45865.99773,2023-12-13 23:59:59.999000 UTC,1919703389.4848804,1724659,22354.97386,935785466.0225856,0
2023-12-14 00:00:00.000000 UTC,42869.03,43420.0,41400.0,43022.26,42047.05709,2023-12-14 23:59:59.999000 UTC,1798740625.30166,1599536,20579.79343,880356342.3815118,0
2023-12-15 00:00:00.000000 UTC,43022.26,43080.81,41666.0,41940.3,33421.7932,2023-12-15 23:59:59.999000 UTC,1416898938.5099788,1323628,16321.13654,691713304.7485888,0
2023-12-16 00:00:00.000000 UTC,41940.29,42724.43,41605.0,42278.03,24118.85747,2023-12-16 23:59:59.999000 UTC,1020469627.8857332,1180886,12193.50511,515909440.9100929,0
2023-12-17 00:00:00.000000 UTC,42278.02,42424.07,41252.0,41374.65,27722.11452,2023-12-17 23:59:59.999000 UTC,1161963642.9627964,1227634,13245.86404,555309260.127941,0
2023-12-18 00:00:00.000000 UTC,41374.64,42757.81,40542.93,42657.8,46734.0925,2023-12-18 23:59:59.999000 UTC,1936003306.0825727,1741647,23255.79871,963775419.5731498,0
2023-12-19 00:00:00.000000 UTC,42657.8,43497.0,41811.1,42275.99,40927.86444,2023-12-19 23:59:59.999000 UTC,1747830242.4615936,1609188,20163.65946,861082883.3110158,0
2023-12-20 00:00:00.000000 UTC,42275.99,44283.0,42206.0,43668.93,48710.2947,2023-12-20 23:59:59.999000 UTC,2115813869.7796192,1934588,23912.13682,1038694005.77614,0
2023-12-21 00:00:00.000000 UTC,43668.92,44242.35,43286.72,43861.8,34624.29384,2023-12-21 23:59:59.999000 UTC,1514529919.1877797,1500702,17058.89545,746266380.7692404,0
2023-12-22 00:00:00.000000 UTC,43861.79,44398.26,43412.54,43969.04,32783.19638,2023-12-22 23:59:59.999000 UTC,1436074497.5128598,1404109,16049.22275,703199211.0393196,0
2023-12-23 00:00:00.000000 UTC,43969.04,43988.68,43291.1,43702.16,16557.1293,2023-12-23 23:59:59.999000 UTC,722943825.3332176,849658,7765.30564,339046509.1677196,0
2023-12-24 00:00:00.000000 UTC,43702.15,43946.0,42500.0,42991.5,25144.33496,2023-12-24 23:59:59.999000 UTC,1093460634.889423,1137678,11841.26614,514962029.1783347,0
2023-12-25 00:00:00.000000 UTC,42991.5,43802.32,42720.43,43576.13,27021.23992,2023-12-25 23:59:59.999000 UTC,1172053386.5109816,1168428,13691.2393,593900885.8031462,0
2023-12-26 00:00:00.000000 UTC,43576.12,43592.68,41637.6,42508.93,41010.04282,2023-12-26 23:59:59.999000 UTC,1746333612.3049452,1475816,21096.16634,898267435.237983,0
2023-12-27 00:00:00.000000 UTC,42508.93,43677.0,42098.69,43428.85,36191.21136,2023-12-27 23:59:59.999000 UTC,1554082990.052276,1439770,18982.83267,815239612.617364,0
2023-12-28 00:00:00.000000 UTC,43428.86,43787.57,42241.79,42563.76,35150.52485,2023-12-28 23:59:59.999000 UTC,1508408742.378081,1391826,17422.8191,747631903.0553988,0
2023-12-29 00:00:00.000000 UTC,42563.76,43111.0,41300.0,42066.95,42597.18912,2023-12-29 23:59:59.999000 UTC,1803086285.2465773,1571137,21195.34128,897324724.7968955,0
2023-12-30 00:00:00.000000 UTC,42066.94,42612.32,41520.3,42140.28,22906.57818,2023-12-30 23:59:59.999000 UTC,964875790.984935,936545,11727.69648,494133887.90718114,0
2023-12-31 00:00:00.000000 UTC,42140.29,42899.0,41965.84,42283.58,23585.91603,2023-12-31 23:59:59.999000 UTC,1001519241.5559052,1016484,11997.14865,509478742.7445108,0
2024-01-01 00:00:00.000000 UTC,42283.58,44184.1,42180.77,44179.55,27174.29903,2024-01-01 23:59:59.999000 UTC,1169995682.0280013,1114623,14331.7318,617352094.5605193,0
2024-01-02 00:00:00.000000 UTC,44179.55,45879.63,44148.34,44946.91,65146.40661,2024-01-02 23:59:59.999000 UTC,2944331821.823076,2247532,33817.14447,1527964124.2375848,0
2024-01-03 00:00:00.000000 UTC,44946.91,45500.0,40750.0,42845.23,81194.55173,2024-01-03 23:59:59.999000 UTC,3507104563.744232,2658041,39103.99162,1687665202.9513144,0
2024-01-04 00:00:00.000000 UTC,42845.23,44729.58,42613.77,44151.1,48038.06334,2024-01-04 23:59:59.999000 UTC,2095095359.4936347,1819944,23605.90059,1030075267.839013,0
2024-01-05 00:00:00.000000 UTC,44151.1,44357.46,42450.0,44145.11,48075.25327,2024-01-05 23:59:59.999000 UTC,2100953924.3687155,2064845,24015.06426,1049655019.1400094,0
2024-01-06 00:00:00.000000 UTC,44145.12,44214.42,43397.05,43968.32,17835.06144,2024-01-06 23:59:59.999000 UTC,781212883.4916061,956642,9048.57073,396341787.3638776,0
2024-01-07 00:00:00.000000 UTC,43968.32,44480.59,43572.09,43929.02,23023.8508,2024-01-07 23:59:59.999000 UTC,1014635096.1241482,1109259,11613.52347,511871007.52582633,0
2024-01-08 00:00:00.000000 UTC,43929.01,47248.99,43175.0,46951.04,72814.57589,2024-01-08 23:59:59.999000 UTC,3298772150.681508,2364464,38728.8053,1755312207.668183,0
2024-01-09 00:00:00.000000 UTC,46951.04,47972.0,44748.67,46110.0,69927.66617,2024-01-09 23:59:59.999000 UTC,3251442072.8083963,2637745,34825.45429,1620151226.3362696,0
2024-01-10 00:00:00.000000 UTC,46110.0,47695.93,44300.36,46653.99,89911.41203,2024-01-10 23:59:59.999000 UTC,4123809481.712767,3133588,46910.79439,2153126701.352164,0
2024-01-11 00:00:00.000000 UTC,46654.0,48969.48,45606.06,46339.16,87470.3296,2024-01-11 23:59:59.999000 UTC,4105139605.028302,2998451,44076.1683,2070467939.6599925,0
2024-01-12 00:00:00.000000 UTC,46339.16,46515.53,41500.0,42782.73,86327.93707,2024-01-12 23:59:59.999000 UTC,3827483735.576057,2809192,41707.58066,1850840878.9778297,0
2024-01-13 00:00:00.000000 UTC,42782.74,43257.0,42436.12,42847.99,36118.47464,2024-01-13 23:59:59.999000 UTC,1547370611.5531662,1434243,17748.09824,760432218.245455,0
2024-01-14 00:00:00.000000 UTC,42847.99,43079.0,41720.0,41732.35,28228.40894,2024-01-14 23:59:59.999000 UTC,1202212782.257693,1235727,13690.30843,583261659.738576,0
2024-01-15 00:00:00.000000 UTC,41732.35,43400.43,41718.05,42511.1,40269.89303,2024-01-15 23:59:59.999000 UTC,1718982911.1081028,1657611,19924.7603,849997411.0875828,0
2024-01-16 00:00:00.000000 UTC,42511.1,43578.01,42050.0,43137.95,45045.74589,2024-01-16 23:59:59.999000 UTC,1931947150.0590703,1716580,24064.55667,1031525441.9352084,0
2024-01-17 00:00:00.000000 UTC,43137.94,43198.0,42200.69,42776.1,33266.21388,2024-01-17 23:59:59.999000 UTC,1419888430.9228892,1438172,16648.20529,710532768.047578,0
2024-01-18 00:00:00.000000 UTC,42776.09,42930.0,40683.28,41327.5,43907.51641,2024-01-18 23:59:59.999000 UTC,1839426541.2635791,1466087,21085.14336,883292634.2063637,0
2024-01-19 00:00:00.000000 UTC,41327.51,42196.86,40280.0,41659.03,48342.74559,2024-01-19 23:59:59.999000 UTC,1993846466.538752,1641428,24347.5002,1004478721.3792056,0
2024-01-20 00:00:00.000000 UTC,41659.03,41872.56,41456.3,41696.04,15923.99493,2024-01-20 23:59:59.999000 UTC,662768008.1509343,807324,7557.36632,314535141.9955636,0
2024-01-21 00:00:00.000000 UTC,41696.05,41881.39,41500.98,41580.33,11730.16301,2024-01-21 23:59:59.999000 UTC,489151571.0309043,657817,5576.56045,232552207.16073287,0
2024-01-22 00:00:00.000000 UTC,41580.32,41689.65,39431.58,39568.02,55426.19911,2024-01-22 23:59:59.999000 UTC,2247452153.7954326,2147250,26788.13985,1086650848.0670524,0
2024-01-23 00:00:00.000000 UTC,39568.02,40176.74,38555.0,39897.6,57956.63351,2024-01-23 23:59:59.999000 UTC,2275851990.6468267,2043925,30913.97177,1214417243.6964118,0
2024-01-24 00:00:00.000000 UTC,39897.59,40555.0,39484.19,40084.88,39293.82861,2024-01-24 23:59:59.999000 UTC,1569704923.8307493,1675615,20673.05725,825887009.4744226,0
2024-01-25 00:00:00.000000 UTC,40084.89,40300.24,39550.0,39961.09,31022.11853,2024-01-25 23:59:59.999000 UTC,1238813296.1526136,1291233,15685.24919,626369240.3733964,0
2024-01-26 00:00:00.000000 UTC,39961.09,42246.82,39822.52,41823.51,47384.96726,2024-01-26 23:59:59.999000 UTC,1951700659.289807,1624861,24674.75551,1016105199.7171212,0
2024-01-27 00:00:00.000000 UTC,41823.51,42200.0,41394.34,42120.63,16224.41667,2024-01-27 23:59:59.999000 UTC,678418702.3509445,751148,7485.64978,312938659.24802434,0
2024-01-28 00:00:00.000000 UTC,42120.63,42842.68,41620.81,42031.06,27294.99838,2024-01-28 23:59:59.999000 UTC,1154365891.668259,1032493,12971.1882,548670338.639401,0
2024-01-29 00:00:00.000000 UTC,42031.05,43333.0,41804.88,43302.7,31542.74207,2024-01-29 23:59:59.999000 UTC,1343462280.3618684,1197856,15996.88627,681504721.3585126,0
2024-01-30 00:00:00.000000 UTC,43302.71,43882.36,42683.99,42941.1,37619.24546,2024-01-30 23:59:59.999000 UTC,1633251085.6713595,1316610,19317.29993,838876408.4556684,0
2024-01-31 00:00:00.000000 UTC,42941.1,43745.11,42276.84,42580.0,39871.13688,2024-01-31 23:59:59.999000 UTC,1711665577.0530825,1499559,20289.94825,871009715.1702206,0
2024-02-01 00:00:00.000000 UTC,42580.0,43285.13,41884.28,43082.94,35231.04664,2024-02-01 23:59:59.999000 UTC,1497121440.644002,1392269,18134.84304,770635549.4842126,0
2024-02-02 00:00:00.000000 UTC,43082.95,43488.0,42546.79,43200.0,29672.14418,2024-02-02 23:59:59.999000 UTC,1277919437.2905612,1086342,15645.5711,673834785.747791,0
2024-02-03 00:00:00.000000 UTC,43199.99,43380.01,42880.0,43011.09,12033.40998,2024-02-03 23:59:59.999000 UTC,518775350.03360087,609962,5691.78572,245377398.51059568,0
2024-02-04 00:00:00.000000 UTC,43011.1,43119.04,42222.0,42582.88,17066.89404,2024-02-04 23:59:59.999000 UTC,730999557.7083682,931235,8427.12671,360928641.0597721,0
2024-02-05 00:00:00.000000 UTC,42582.88,43569.76,42258.1,42708.7,29467.75905,2024-02-05 23:59:59.999000 UTC,1262620640.5407171,1317397,14984.06962,642077579.5827268,0
2024-02-06 00:00:00.000000 UTC,42708.7,43399.98,42574.0,43098.95,24675.85433,2024-02-06 23:59:59.999000 UTC,1061049582.6002768,1120760,12810.98205,550866463.7409194,0
2024-02-07 00:00:00.000000 UTC,43098.96,44396.5,42788.0,44349.6,34392.59915,2024-02-07 23:59:59.999000 UTC,1496013692.382922,1378809,17755.87738,772721372.4443885,0
2024-02-08 00:00:00.000000 UTC,44349.6,45614.3,44331.1,45288.65,45439.62231,2024-02-08 23:59:59.999000 UTC,2042912128.1517663,1863650,22731.52397,1021963499.8003352,0
2024-02-09 00:00:00.000000 UTC,45288.66,48200.0,45242.12,47132.77,73503.481,2024-02-09 23:59:59.999000 UTC,3453043306.420976,2323884,37360.96419,1754880225.38021,0
2024-02-10 00:00:00.000000 UTC,47132.78,48170.0,46800.0,47751.09,24802.35936,2024-02-10 23:59:59.999000 UTC,1176079377.6922762,1323421,12740.69912,604397015.51796,0
2024-02-11 00:00:00.000000 UTC,47751.08,48592.66,47557.16,48299.99,29958.80837,2024-02-11 23:59:59.999000 UTC,1443314885.7714052,1407270,15741.38294,758411879.955689,0
2024-02-12 00:00:00.000000 UTC,48300.0,50334.82,47710.01,49917.27,59009.96705,2024-02-12 23:59:59.999000 UTC,2898220863.0181804,1939394,30797.43359,1512688561.6888657,0
2024-02-13 00:00:00.000000 UTC,49917.28,50368.61,48300.95,49699.59,55551.56706,2024-02-13 23:59:59.999000 UTC,2745025370.067447,1741811,28409.79337,1403783512.6809905,0
2024-02-14 00:00:00.000000 UTC,49699.6,52043.71,49225.01,51795.17,57046.37401,2024-02-14 23:59:59.999000 UTC,2919604456.723313,1859392,29664.5183,1518339681.334602,0
2024-02-15 00:00:00.000000 UTC,51795.17,52816.62,51314.0,51880.0,53816.03055,2024-02-15 23:59:59.999000 UTC,2802825737.9920154,1786569,26722.58656,1391971339.715806,0
2024-02-16 00:00:00.000000 UTC,51880.01,52572.08,51566.0,52124.11,37772.25318,2024-02-16 23:59:59.999000 UTC,1965003863.9713345,1583711,18309.89888,952708587.7324988,0
2024-02-17 00:00:00.000000 UTC,52124.1,52162.82,50625.0,51642.64,25674.00622,2024-02-17 23:59:59.999000 UTC,1319908544.9790893,1427773,12655.51593,650426057.1976154,0
2024-02-18 00:00:00.000000 UTC,51642.64,52377.0,51163.28,52137.67,21992.10363,2024-02-18 23:59:59.999000 UTC,1139209588.4334626,1375422,11281.34692,584447328.1142721,0
2024-02-19 00:00:00.000000 UTC,52137.68,52488.77,51677.0,51774.73,29534.99432,2024-02-19 23:59:59.999000 UTC,1539600521.6007729,1542990,15266.36204,795825023.6442237,0
2024-02-20 00:00:00.000000 UTC,51774.74,52985.0,50760.37,52258.82,49614.47318,2024-02-20 23:59:59.999000 UTC,2574874999.3787174,1971912,24994.25062,1297330385.005093,0
2024-02-21 00:00:00.000000 UTC,52258.82,52366.8,50625.0,51849.39,43079.40049,2024-02-21 23:59:59.999000 UTC,2210278288.725095,1824860,22239.73293,1140905416.956252,0
2024-02-22 00:00:00.000000 UTC,51849.38,52065.78,50940.78,51288.42,35309.44574,2024-02-22 23:59:59.999000 UTC,1820949707.158534,1688184,17830.4673,919599483.9078616,0
2024-02-23 00:00:00.000000 UTC,51288.42,51548.54,50521.0,50744.15,30545.79544,2024-02-23 23:59:59.999000 UTC,1559143576.8296163,1487039,14610.80906,745820955.2560463,0
2024-02-24 00:00:00.000000 UTC,50744.15,51698.0,50585.0,51568.22,16560.4211,2024-02-24 23:59:59.999000 UTC,847793393.571868,855015,8462.15627,433239599.4239887,0
2024-02-25 00:00:00.000000 UTC,51568.21,51958.55,51279.8,51728.85,18721.63159,2024-02-25 23:59:59.999000 UTC,966951114.4504628,923992,9544.17672,492952522.6816389,0
2024-02-26 00:00:00.000000 UTC,51728.85,54910.0,50901.44,54476.47,51256.72199,2024-02-26 23:59:59.999000 UTC,2710403072.980595,1808909,27198.83551,1438371804.1101012,0
2024-02-27 00:00:00.000000 UTC,54476.48,57588.15,54450.13,57037.34,67194.98562,2024-02-27 23:59:59.999000 UTC,3795949115.224932,2414285,34970.25885,1975472154.5115736,0
2024-02-28 00:00:00.000000 UTC,57037.35,64000.0,56691.85,62432.1,118763.46984,2024-02-28 23:59:59.999000 UTC,7162581994.48574,3895062,62066.63936,3742433894.945077,0
2024-02-29 00:00:00.000000 UTC,62432.11,63676.35,60364.7,61130.98,78425.07603,2024-02-29 23:59:59.999000 UTC,4872212871.27608,3169405,39463.06931,2452515504.8686514,0
2024-03-01 00:00:00.000000 UTC,61130.99,63114.23,60777.0,62387.9,47737.93473,2024-03-01 23:59:59.999000 UTC,2956537377.9660296,1947444,24195.70252,1498771144.099956,0
2024-03-02 00:00:00.000000 UTC,62387.9,62433.19,61561.12,61987.28,25534.73659,2024-03-02 23:59:59.999000 UTC,1582566973.834093,1641808,12691.37721,786583052.0862726,0
2024-03-03 00:00:00.000000 UTC,61987.28,63231.88,61320.0,63113.97,28994.90903,2024-03-03 23:59:59.999000 UTC,1804536272.9443457,1992011,14905.186,927868983.7308432,0
2024-03-04 00:00:00.000000 UTC,63113.97,68499.0,62300.0,68245.71,84835.16005,2024-03-04 23:59:59.999000 UTC,5568877537.081252,3887853,45319.0864,2974396037.6857204,0
2024-03-05 00:00:00.000000 UTC,68245.71,69000.0,59005.0,63724.01,132696.7813,2024-03-05 23:59:59.999000 UTC,8674526591.28714,5310706,65991.84526,4318205559.64365,0
2024-03-06 00:00:00.000000 UTC,63724.01,67641.1,62779.14,66074.04,78738.85491,2024-03-06 23:59:59.999000 UTC,5197743036.597276,3302981,40344.32596,2663883160.206962,0
2024-03-07 00:00:00.000000 UTC,66074.04,67980.0,65551.0,66823.17,53059.8869,2024-03-07 23:59:59.999000 UTC,3548088039.273608,2428227,27935.66302,1867854683.9820297,0
2024-03-08 00:00:00.000000 UTC,66823.18,69990.0,66082.66,68124.19,74261.932842,2024-03-08 23:59:59.999000 UTC,5044395324.399055,2943927,37711.514581,2563347797.52868,0
2024-03-09 00:00:00.000000 UTC,68124.2,68541.1,67861.1,68313.27,19872.89743,2024-03-09 23:59:59.999000 UTC,1355964036.909299,1345341,10005.592,682720256.0028228,0
2024-03-10 00:00:00.000000 UTC,68313.28,69887.61,68094.75,68955.88,38404.66835,2024-03-10 23:59:59.999000 UTC,2659307501.094578,2139518,19188.79904,1328747995.9940257,0
2024-03-11 00:00:00.000000 UTC,68955.88,72800.0,67024.96,72078.1,75292.825726,2024-03-11 23:59:59.999000 UTC,5352704377.618805,3043414,39435.855459,2803359303.286973,0
2024-03-12 00:00:00.000000 UTC,72078.1,73000.0,68620.82,71452.01,68783.546691,2024-03-12 23:59:59.999000 UTC,4909667978.559338,3047890,34517.212933,2465202174.4072266,0
2024-03-13 00:00:00.000000 UTC,71452.0,73650.25,71333.31,73072.41,52659.711647,2024-03-13 23:59:59.999000 UTC,3829764501.253793,2501197,26787.082237,1948382241.8894603,0
2024-03-14 00:00:00.000000 UTC,73072.4,73777.0,68555.0,71388.94,71757.628746,2024-03-14 23:59:59.999000 UTC,5132189849.096632,2994869,35676.748326,2552190396.8890066,0
2024-03-15 00:00:00.000000 UTC,71388.94,72419.71,65600.0,69499.85,103334.03546,2024-03-15 23:59:59.999000 UTC,7065279917.872112,3904445,49844.66515,3409385750.021177,0
2024-03-16 00:00:00.000000 UTC,69499.84,70043.0,64780.0,65300.63,55926.95336,2024-03-16 23:59:59.999000 UTC,3788544202.884856,2729019,27240.19894,1846731512.273624,0
2024-03-17 00:00:00.000000 UTC,65300.64,68904.4,64533.0,68393.48,49742.21589,2024-03-17 23:59:59.999000 UTC,3322963634.2425127,2449156,25328.29435,1692079618.2113106,0
2024-03-18 00:00:00.000000 UTC,68393.47,68956.0,66565.2,67609.99,55691.08088,2024-03-18 23:59:59.999000 UTC,3768277912.418919,2464515,28529.67219,1930726566.249246,0
2024-03-19 00:00:00.000000 UTC,67610.0,68124.11,61555.0,61937.4,101005.32487,2024-03-19 23:59:59.999000 UTC,6484805948.535393,3593832,48205.28434,3095258881.7022734,0
2024-03-20 00:00:00.000000 UTC,61937.41,68100.0,60775.0,67840.51,90420.58592,2024-03-20 23:59:59.999000 UTC,5769770052.062583,3549793,45523.84281,2907222064.131292,0
2024-03-21 00:00:00.000000 UTC,67840.51,68240.47,64529.01,65501.27,53357.48002,2024-03-21 23:59:59.999000 UTC,3551223142.964417,2388390,26650.09786,1774833851.2215245,0
2024-03-22 00:00:00.000000 UTC,65501.28,66649.62,62260.0,63796.64,51482.37821,2024-03-22 23:59:59.999000 UTC,3310481978.107645,2492881,24578.87957,1580940164.1212375,0
2024-03-23 00:00:00.000000 UTC,63796.64,65999.0,63000.0,63990.01,26410.11409,2024-03-23 23:59:59.999000 UTC,1706152172.6316135,1753566,12749.00823,823892846.7149769,0
2024-03-24 00:00:00.000000 UTC,63990.02,67628.69,63772.29,67209.99,31395.78015,2024-03-24 23:59:59.999000 UTC,2059312948.648688,1880774,16689.65617,1095820626.0291996,0
2024-03-25 00:00:00.000000 UTC,67210.0,71150.0,66385.06,69880.01,53431.14486,2024-03-25 23:59:59.999000 UTC,3679964073.811213,2632220,27815.58769,1915614174.239764,0
2024-03-26 00:00:00.000000 UTC,69880.0,71561.1,69280.0,69988.0,38934.38417,2024-03-26 23:59:59.999000 UTC,2738537345.33588,2176807,19498.85666,1371708206.538872,0
2024-03-27 00:00:00.000000 UTC,69987.99,71769.54,68359.18,69469.99,49119.35685,2024-03-27 23:59:59.999000 UTC,3426458581.943344,2453366,24902.3347,1737325915.834418,0
2024-03-28 00:00:00.000000 UTC,69469.99,71552.06,68903.62,70780.6,35439.03239,2024-03-28 23:59:59.999000 UTC,2500571208.002628,1799897,18007.26883,1270852446.7077453,0
2024-03-29 00:00:00.000000 UTC,70780.6,70916.16,69009.0,69850.54,25445.08353,2024-03-29 23:59:59.999000 UTC,1779608477.3224535,1522607,11839.0929,828039936.6854533,0
2024-03-30 00:00:00.000000 UTC,69850.53,70321.1,69540.0,69582.18,13644.61142,2024-03-30 23:59:59.999000 UTC,954555919.6855744,1110488,6423.89367,449436189.73361903,0
2024-03-31 00:00:00.000000 UTC,69582.17,71366.0,69562.99,71280.01,19396.34433,2024-03-31 23:59:59.999000 UTC,1367523707.2612453,1181926,10142.47988,715151368.946302,0
2024-04-01 00:00:00.000000 UTC,71280.0,71288.23,68062.86,69649.8,41445.32039,2024-04-01 23:59:59.999000 UTC,2876486469.465523,1893438,20211.15024,1402849944.7822893,0
2024-04-02 00:00:00.000000 UTC,69649.81,69674.23,64550.0,65463.99,71799.82793,2024-04-02 23:59:59.999000 UTC,4750030717.922425,2662410,35520.17401,2348263612.3034706,0
2024-04-03 00:00:00.000000 UTC,65463.99,66903.63,64493.07,65963.28,39887.21778,2024-04-03 23:59:59.999000 UTC,2630556596.1359286,2172096,20618.58747,1360363531.1659515,0
2024-04-04 00:00:00.000000 UTC,65963.27,69309.91,65064.52,68487.79,41510.48453,2024-04-04 23:59:59.999000 UTC,2795469450.572386,2000945,21013.32173,1415699952.0381584,0
2024-04-05 00:00:00.000000 UTC,68487.8,68756.67,65952.56,67820.62,37915.23073,2024-04-05 23:59:59.999000 UTC,2555458935.2360086,1901980,18889.98453,1273220222.7625887,0
2024-04-06 00:00:00.000000 UTC,67820.63,69692.0,67447.83,68896.0,20134.28919,2024-04-06 23:59:59.999000 UTC,1373131967.764819,1171460,9973.86412,680800856.2096505,0
2024-04-07 00:00:00.000000 UTC,68896.0,70326.29,68824.0,69360.39,21534.74433,2024-04-07 23:59:59.999000 UTC,1496213373.1855776,1269048,11149.90398,774906774.5282813,0
2024-04-08 00:00:00.000000 UTC,69360.38,72797.99,69043.24,71620.0,45723.87624,2024-04-08 23:59:59.999000 UTC,3270853309.6629424,2037025,25309.90487,1811209901.716354,0
2024-04-09 00:00:00.000000 UTC,71620.0,71758.19,68210.0,69146.0,39293.90242,2024-04-09 23:59:59.999000 UTC,2749007421.6421075,1804157,18896.53756,1321865585.238052,0
2024-04-10 00:00:00.000000 UTC,69146.0,71172.08,67518.0,70631.08,42006.02377,2024-04-10 23:59:59.999000 UTC,2901564970.815804,1852170,20269.34809,1401023003.7318227,0
2024-04-11 00:00:00.000000 UTC,70631.08,71305.89,69567.21,70006.23,31917.25595,2024-04-11 23:59:59.999000 UTC,2247473274.6162577,1658995,15908.49124,1120249990.7357526,0
2024-04-12 00:00:00.000000 UTC,70006.22,71227.46,65086.86,67116.52,56072.86229,2024-04-12 23:59:59.999000 UTC,3843551585.321274,2496617,25935.86464,1777808491.1704545,0
2024-04-13 00:00:00.000000 UTC,67116.52,67929.0,60660.57,63924.51,71395.22019,2024-04-13 23:59:59.999000 UTC,4614468627.809045,3341340,33221.6695,2144846149.6809173,0
2024-04-14 00:00:00.000000 UTC,63924.52,65840.0,62134.0,65661.84,61599.17818,2024-04-14 23:59:59.999000 UTC,3946124834.6970353,2657953,29732.29634,1904847012.5093088,0
2024-04-15 00:00:00.000000 UTC,65661.85,66867.07,62274.4,63419.99,52389.53069,2024-04-15 23:59:59.999000 UTC,3398072231.561224,2539048,25206.68008,1634572976.939813,0
2024-04-16 00:00:00.000000 UTC,63419.99,64365.0,61600.0,63793.39,53435.29331,2024-04-16 23:59:59.999000 UTC,3355338198.446913,2604354,26041.2664,1635683129.3076532,0
2024-04-17 00:00:00.000000 UTC,63793.4,64499.0,59678.16,61277.37,50610.54509,2024-04-17 23:59:59.999000 UTC,3128625247.473853,2458327,24346.74671,1506361259.7013583,0
2024-04-18 00:00:00.000000 UTC,61277.38,64117.09,60803.35,63470.08,43601.60918,2024-04-18 23:59:59.999000 UTC,2726741448.886802,2142511,20870.20705,1305027167.9395082,0
2024-04-19 00:00:00.000000 UTC,63470.09,65450.0,59600.01,63818.01,69774.30271,2024-04-19 23:59:59.999000 UTC,4419893235.183288,2828284,34941.50216,2214809735.240241,0
2024-04-20 00:00:00.000000 UTC,63818.01,65419.0,63090.07,64940.59,23137.42975,2024-04-20 23:59:59.999000 UTC,1486949581.439479,1376712,11811.8444,759077474.2972904,0
2024-04-21 00:00:00.000000 UTC,64940.58,65695.56,64237.5,64941.15,19316.42152,2024-04-21 23:59:59.999000 UTC,1254396628.1531763,1390153,9734.71767,632257865.0082499,0
2024-04-22 00:00:00.000000 UTC,64941.15,67232.35,64500.0,66819.32,31397.99371,2024-04-22 23:59:59.999000 UTC,2071690434.976552,1816591,16466.05497,1086399264.6092272,0
2024-04-23 00:00:00.000000 UTC,66819.32,67183.01,65765.81,66414.0,22599.90004,2024-04-23 23:59:59.999000 UTC,1502139968.7198815,1433915,10854.17402,721404825.847041,0
2024-04-24 00:00:00.000000 UTC,66414.0,67070.43,63606.06,64289.59,33595.69637,2024-04-24 23:59:59.999000 UTC,2195714861.657656,1784897,16899.50969,1104368114.1058698,0
2024-04-25 00:00:00.000000 UTC,64289.58,65297.94,62794.0,64498.34,31341.46338,2024-04-25 23:59:59.999000 UTC,2007704069.2622728,1375324,14808.62959,948738136.268438,0
2024-04-26 00:00:00.000000 UTC,64498.33,64820.01,63297.48,63770.01,27085.19346,2024-04-26 23:59:59.999000 UTC,1736631357.3537388,1025561,13570.23647,870093757.5188991,0
2024-04-27 00:00:00.000000 UTC,63770.0,63923.41,62391.24,63461.98,20933.06052,2024-04-27 23:59:59.999000 UTC,1320337707.787116,912422,9903.95325,624733409.211288,0
2024-04-28 00:00:00.000000 UTC,63461.98,64370.0,62781.0,63118.62,16949.20005,2024-04-28 23:59:59.999000 UTC,1078450016.4732296,790652,7941.33811,505261267.5695052,0
2024-04-29 00:00:00.000000 UTC,63118.62,64228.35,61765.53,63866.0,28150.22947,2024-04-29 23:59:59.999000 UTC,1765038324.6837213,1152296,13986.59437,877053322.307997,0
2024-04-30 00:00:00.000000 UTC,63866.0,64734.0,59191.6,60672.0,54947.65535,2024-04-30 23:59:59.999000 UTC,3372142467.4322524,1985671,26385.41614,1620421850.578699,0
2024-05-01 00:00:00.000000 UTC,60672.01,60841.63,56552.82,58364.97,81166.46823,2024-05-01 23:59:59.999000 UTC,4705572361.7402,2401089,38203.57377,2213404278.59001,0
2024-05-02 00:00:00.000000 UTC,58364.97,59625.0,56911.84,59060.61,47583.81961,2024-05-02 23:59:59.999000 UTC,2778840305.0505786,1572898,23240.7537,1356148775.8867364,0
2024-05-03 00:00:00.000000 UTC,59060.6,63333.0,58811.32,62882.01,43628.40143,2024-05-03 23:59:59.999000 UTC,2658193708.347904,1558661,22145.44334,1349687455.5957608,0
2024-05-04 00:00:00.000000 UTC,62882.01,64540.0,62541.03,63892.04,24368.69282,2024-05-04 23:59:59.999000 UTC,1547468697.8765795,1113509,12671.20599,804768764.3062501,0
2024-05-05 00:00:00.000000 UTC,63892.03,64646.0,62822.17,64012.0,18526.75029,2024-05-05 23:59:59.999000 UTC,1182572239.5306184,992921,8954.93439,571783428.2394707,0
2024-05-06 00:00:00.000000 UTC,64012.0,65500.0,62700.0,63165.19,34674.91949,2024-05-06 23:59:59.999000 UTC,2218131198.466132,1392557,17179.56031,1099303474.2805216,0
2024-05-07 00:00:00.000000 UTC,63165.18,64422.41,62261.0,62312.08,25598.79472,2024-05-07 23:59:59.999000 UTC,1624531631.592377,1272898,12502.38281,793575994.2141025,0
2024-05-08 00:00:00.000000 UTC,62312.07,63020.22,60888.0,61193.03,26121.19004,2024-05-08 23:59:59.999000 UTC,1623561041.1255188,1415152,12669.58179,787749415.5480814,0
2024-05-09 00:00:00.000000 UTC,61193.03,63429.03,60630.0,63074.01,30660.8061,2024-05-09 23:59:59.999000 UTC,1895849912.773476,1381957,15120.01471,935341755.6782354,0
2024-05-10 00:00:00.000000 UTC,63074.0,63469.13,60187.12,60799.99,36529.34025,2024-05-10 23:59:59.999000 UTC,2255550468.413852,1500643,18066.83174,1116494638.2804892,0
2024-05-11 00:00:00.000000 UTC,60799.99,61515.0,60487.09,60825.99,13374.56936,2024-05-11 23:59:59.999000 UTC,814928013.4573288,753281,6223.09555,379263096.21513295,0
2024-05-12 00:00:00.000000 UTC,60825.99,61888.0,60610.0,61483.99,12753.13236,2024-05-12 23:59:59.999000 UTC,781041632.4623835,727113,6416.91108,393132351.8883925,0
2024-05-13 00:00:00.000000 UTC,61484.0,63450.0,60749.21,62940.08,32733.41839,2024-05-13 23:59:59.999000 UTC,2041896626.6108148,1371433,16717.90863,1043060982.35746,0
2024-05-14 00:00:00.000000 UTC,62940.09,63118.36,61142.77,61577.49,29088.72041,2024-05-14 23:59:59.999000 UTC,1800171876.1676655,1127939,13815.81443,855088066.212488,0
2024-05-15 00:00:00.000000 UTC,61577.49,66444.16,61319.47,66206.5,43559.74719,2024-05-15 23:59:59.999000 UTC,2794259631.8910465,1729454,21797.84094,1398781701.4413886,0
2024-05-16 00:00:00.000000 UTC,66206.51,66752.01,64602.77,65235.21,31106.3671,2024-05-16 23:59:59.999000 UTC,2045507646.8293848,1269793,15645.11263,1028962305.104384,0
2024-05-17 00:00:00.000000 UTC,65235.21,67451.2,65106.38,67024.0,26292.23409,2024-05-17 23:59:59.999000 UTC,1745971822.3447456,1117254,13301.09525,883129353.1633428,0
2024-05-18 00:00:00.000000 UTC,67024.0,67400.01,66600.0,66915.2,14441.25774,2024-05-18 23:59:59.999000 UTC,967145944.6835316,734067,6911.13424,462859253.5879108,0
2024-05-19 00:00:00.000000 UTC,66915.2,67700.0,65857.25,66274.01,18025.30409,2024-05-19 23:59:59.999000 UTC,1204989222.8768685,823729,8692.17507,581378180.3374597,0
2024-05-20 00:00:00.000000 UTC,66274.0,71515.56,66060.31,71446.62,50816.7011,2024-05-20 23:59:59.999000 UTC,3485474763.752294,1930939,26792.52994,1839346667.540789,0
2024-05-21 00:00:00.000000 UTC,71446.62,71979.0,69162.94,70148.34,49607.4336,2024-05-21 23:59:59.999000 UTC,3509345769.233608,2137448,24686.27911,1746693652.328722,0
2024-05-22 00:00:00.000000 UTC,70148.34,70666.0,68842.19,69166.62,27673.18026,2024-05-22 23:59:59.999000 UTC,1931700812.3032143,1371973,13124.78731,916344293.9104756,0
2024-05-23 00:00:00.000000 UTC,69166.62,70096.12,66312.16,67969.65,40513.17374,2024-05-23 23:59:59.999000 UTC,2766790260.7886024,1827855,19791.15119,1351640092.581366,0
2024-05-24 00:00:00.000000 UTC,67969.66,69250.0,66600.12,68549.99,28095.83664,2024-05-24 23:59:59.999000 UTC,1906438696.7156007,1165907,14344.29889,973457354.6957756,0
2024-05-25 00:00:00.000000 UTC,68549.99,69610.0,68500.0,69290.57,12130.39418,2024-05-25 23:59:59.999000 UTC,837339788.9838961,703803,5851.95991,403954862.6694792,0
2024-05-26 00:00:00.000000 UTC,69290.56,69562.23,68128.01,68507.67,11872.11797,2024-05-26 23:59:59.999000 UTC,818914878.9908898,722849,5934.62083,409411078.5460924,0
2024-05-27 00:00:00.000000 UTC,68507.67,70687.56,68250.0,69436.43,23136.92737,2024-05-27 23:59:59.999000 UTC,1604722197.8374028,1219341,11709.62174,812172288.2576373,0
2024-05-28 00:00:00.000000 UTC,69436.43,69591.81,67277.91,68398.39,32622.97042,2024-05-28 23:59:59.999000 UTC,2224860225.799223,1459351,15543.09776,1059920452.3146172,0
2024-05-29 00:00:00.000000 UTC,68398.4,68935.68,67124.65,67652.42,23159.83149,2024-05-29 23:59:59.999000 UTC,1573095221.6483984,1221044,11748.55954,797928379.366918,0
2024-05-30 00:00:00.000000 UTC,67652.41,69500.0,67128.0,68352.17,28478.2184,2024-05-30 23:59:59.999000 UTC,1945001081.5215864,1272851,14074.36655,961595245.1787834,0
2024-05-31 00:00:00.000000 UTC,68352.17,69044.1,66670.0,67540.01,26690.32184,2024-05-31 23:59:59.999000 UTC,1812659052.2496767,1177860,13258.10182,900414200.116177,0
2024-06-01 00:00:00.000000 UTC,67540.01,67900.0,67428.44,67766.85,8837.66133,2024-06-01 23:59:59.999000 UTC,598305207.9932046,638484,4235.27045,286752060.4028929,0
2024-06-02 00:00:00.000000 UTC,67766.84,68460.0,67257.47,67765.63,15426.32529,2024-06-02 23:59:59.999000 UTC,1046827665.3829312,812348,7760.23377,526768921.1262223,0
2024-06-03 00:00:00.000000 UTC,67765.62,70288.0,67612.48,68809.9,29633.374,2024-06-03 23:59:59.999000 UTC,2047757076.226836,1253789,15308.67275,1058024704.3533732,0
2024-06-04 00:00:00.000000 UTC,68809.89,71063.45,68567.32,70537.84,29619.78489,2024-06-04 23:59:59.999000 UTC,2069902136.99324,1254515,14922.96734,1043071241.6284808,0
2024-06-05 00:00:00.000000 UTC,70537.83,71758.0,70383.66,71108.0,28703.18082,2024-06-05 23:59:59.999000 UTC,2040073765.86764,1055115,14210.23392,1010053925.7910814,0
2024-06-06 00:00:00.000000 UTC,71108.0,71700.0,70117.64,70799.06,21842.00449,2024-06-06 23:59:59.999000 UTC,1551467659.1542966,900226,10287.3911,730849194.230399,0
2024-06-07 00:00:00.000000 UTC,70799.06,71997.02,68420.0,69355.6,35598.45045,2024-06-07 23:59:59.999000 UTC,2507250591.3329782,1516415,17318.78051,1220810920.3444333,0
2024-06-08 00:00:00.000000 UTC,69355.6,69582.2,69168.02,69310.46,9773.82967,2024-06-08 23:59:59.999000 UTC,678267390.5310388,714103,4772.23036,331182466.90034246,0
2024-06-09 00:00:00.000000 UTC,69310.46,69857.14,69130.24,69648.14,9890.56709,2024-06-09 23:59:59.999000 UTC,687344656.0725566,575583,4883.69296,339405376.0815447,0
2024-06-10 00:00:00.000000 UTC,69648.15,70195.94,69172.29,69540.0,17122.66941,2024-06-10 23:59:59.999000 UTC,1192466549.969123,936731,8412.00246,585909223.775813,0
2024-06-11 00:00:00.000000 UTC,69540.0,69590.01,66051.0,67314.24,41436.01588,2024-06-11 23:59:59.999000 UTC,2793799020.4691243,1782415,19839.8232,1337254654.9989924,0
2024-06-12 00:00:00.000000 UTC,67314.23,69999.0,66905.0,68263.99,37175.32356,2024-06-12 23:59:59.999000 UTC,2550285139.184372,1670745,18975.89081,1302069589.6416817,0
2024-06-13 00:00:00.000000 UTC,68263.98,68449.3,66251.78,66773.01,29079.55571,2024-06-13 23:59:59.999000 UTC,1958897960.917292,1518202,13886.14007,935614189.6986812,0
2024-06-14 00:00:00.000000 UTC,66773.01,67370.24,65078.0,66043.99,28408.18797,2024-06-14 23:59:59.999000 UTC,1884451554.428285,1736314,13619.40861,903708200.7849748,0
2024-06-15 00:00:00.000000 UTC,66043.99,66478.48,65857.1,66228.25,11451.80242,2024-06-15 23:59:59.999000 UTC,758175888.0283372,700886,5495.02083,363796116.4535752,0
2024-06-16 00:00:00.000000 UTC,66228.25,66998.7,66034.5,66676.87,9392.52223,2024-06-16 23:59:59.999000 UTC,624653672.6138575,703295,4750.05166,315940653.99261206,0
2024-06-17 00:00:00.000000 UTC,66676.86,67298.81,65130.0,66504.33,27386.16851,2024-06-17 23:59:59.999000 UTC,1812061226.756565,1542620,13716.89431,907703353.5304952,0
2024-06-18 00:00:00.000000 UTC,66504.33,66588.23,64060.0,65175.32,42350.10244,2024-06-18 23:59:59.999000 UTC,2755141806.03109,2151711,20076.41361,1305946733.5892808,0
2024-06-19 00:00:00.000000 UTC,65175.32,65727.54,64666.0,64974.37,20060.79576,2024-06-19 23:59:59.999000 UTC,1307731953.9545317,1078458,10289.7818,670875724.3137285,0
2024-06-20 00:00:00.000000 UTC,64974.37,66482.94,64559.15,64869.99,24265.29031,2024-06-20 23:59:59.999000 UTC,1584896152.16637,1282687,11828.87934,772646071.2169964,0
2024-06-21 00:00:00.000000 UTC,64869.99,65066.66,63379.35,64143.56,25993.56442,2024-06-21 23:59:59.999000 UTC,1665541539.708616,1362617,12543.2596,803462610.6919086,0
2024-06-22 00:00:00.000000 UTC,64143.56,64546.81,63943.82,64262.01,7308.95542,2024-06-22 23:59:59.999000 UTC,470027247.3402083,562832,3756.29045,241583895.4543618,0
2024-06-23 00:00:00.000000 UTC,64262.01,64521.0,63178.32,63210.01,8224.45447,2024-06-23 23:59:59.999000 UTC,526848525.0029452,592759,3974.67964,254685735.53387728,0
2024-06-24 00:00:00.000000 UTC,63210.01,63369.8,58402.0,60293.3,52161.35414,2024-06-24 23:59:59.999000 UTC,3180853460.924751,2190787,24495.59428,1493633137.5266545,0
2024-06-25 00:00:00.000000 UTC,60293.3,62420.0,60257.06,61806.01,31189.24361,2024-06-25 23:59:59.999000 UTC,1914901308.84587,1277481,15360.08458,943071608.5109416,0
2024-06-26 00:00:00.000000 UTC,61806.01,62487.81,60712.0,60864.99,22485.66463,2024-06-26 23:59:59.999000 UTC,1381716993.355492,1112152,11435.02653,702676210.4365481,0
2024-06-27 00:00:00.000000 UTC,60864.98,62389.22,60606.63,61706.47,18344.28631,2024-06-27 23:59:59.999000 UTC,1126705164.782892,1062176,9298.265,570914131.0571834,0
2024-06-28 00:00:00.000000 UTC,61706.46,62225.31,60063.0,60427.84,24821.19255,2024-06-28 23:59:59.999000 UTC,1519872032.026636,1479626,12661.53908,775499790.7912346,0
2024-06-29 00:00:00.000000 UTC,60427.84,61224.0,60383.77,60986.68,11509.55904,2024-06-29 23:59:59.999000 UTC,701345872.4881144,767669,5461.68911,332791254.69089925,0
2024-06-30 00:00:00.000000 UTC,60986.68,63058.76,60712.21,62772.01,17326.30136,2024-06-30 23:59:59.999000 UTC,1070250012.5446604,1108912,8224.44601,508208752.0856987,0
2024-07-01 00:00:00.000000 UTC,62772.01,63861.76,62497.2,62899.99,24547.10538,2024-07-01 23:59:59.999000 UTC,1550980813.6701343,1461508,12388.60654,782785773.8355594,0
2024-07-02 00:00:00.000000 UTC,62900.0,63288.83,61806.28,62135.47,18573.11875,2024-07-02 23:59:59.999000 UTC,1160792332.6175597,1308816,9453.17931,590763216.5799825,0
2024-07-03 00:00:00.000000 UTC,62135.46,62285.94,59400.0,60208.58,32160.11127,2024-07-03 23:59:59.999000 UTC,1945901232.9066567,1839372,15055.45492,910631739.6738484,0
2024-07-04 00:00:00.000000 UTC,60208.57,60498.19,56771.0,57050.01,54568.77276,2024-07-04 23:59:59.999000 UTC,3168619756.2436485,2523236,24982.98822,1450509608.6804216,0
2024-07-05 00:00:00.000000 UTC,57050.02,57546.0,53485.93,56628.79,81348.24756,2024-07-05 23:59:59.999000 UTC,4515040083.536514,3749255,37926.65162,2104682004.516682,0
2024-07-06 00:00:00.000000 UTC,56628.79,58475.0,56018.0,58230.13,21651.31558,2024-07-06 23:59:59.999000 UTC,1235398733.4357028,1411065,11083.50401,632724011.5474728,0
2024-07-07 00:00:00.000000 UTC,58230.13,58449.46,55724.37,55857.81,19118.93918,2024-07-07 23:59:59.999000 UTC,1094135752.4528687,1289229,9081.66872,519830378.935563,0
2024-07-08 00:00:00.000000 UTC,55857.81,58236.73,54260.16,56714.62,48090.2049,2024-07-08 23:59:59.999000 UTC,2699942701.375511,2554389,23963.90684,1346497811.2117922,0
2024-07-09 00:00:00.000000 UTC,56714.61,58296.0,56289.45,58050.0,27732.20788,2024-07-09 23:59:59.999000 UTC,1592351321.655387,1757693,14143.25001,812249336.7493434,0
2024-07-10 00:00:00.000000 UTC,58050.0,59470.0,57157.79,57725.85,24951.73799,2024-07-10 23:59:59.999000 UTC,1452293495.6501489,1766696,12423.53162,723209557.6496755,0
2024-07-11 00:00:00.000000 UTC,57725.85,59650.0,57050.0,57339.89,29761.05735,2024-07-11 23:59:59.999000 UTC,1728929618.0583844,2157661,15019.30135,872986677.1195273,0
2024-07-12 00:00:00.000000 UTC,57339.89,58526.68,56542.47,57889.1,23652.4569,2024-07-12 23:59:59.999000 UTC,1360201319.0761504,1749738,11488.82545,661028735.6644312,0
2024-07-13 00:00:00.000000 UTC,57889.09,59850.0,57756.63,59204.02,15357.74519,2024-07-13 23:59:59.999000 UTC,900429281.1482327,1114391,7889.36244,462600767.8610776,0
2024-07-14 00:00:00.000000 UTC,59204.01,61420.69,59194.01,60797.91,21178.33907,2024-07-14 23:59:59.999000 UTC,1273562988.611176,1456088,10479.46025,630300143.2598463,0
2024-07-15 00:00:00.000000 UTC,60797.91,64900.0,60632.3,64724.14,38690.9782,2024-07-15 23:59:59.999000 UTC,2435540879.028933,2600425,19076.54212,1201411783.666604,0
2024-07-16 00:00:00.000000 UTC,64724.06,65388.97,62373.24,65043.99,42530.52915,2024-07-16 23:59:59.999000 UTC,2725231969.2884507,2484783,21595.04799,1384337933.3310027,0
2024-07-17 00:00:00.000000 UTC,65044.0,66128.63,63854.0,64087.99,29567.52954,2024-07-17 23:59:59.999000 UTC,1922412273.088209,1868671,14616.17013,950725865.5856608,0
2024-07-18 00:00:00.000000 UTC,64087.99,65133.3,63238.48,63987.92,22568.7225,2024-07-18 23:59:59.999000 UTC,1449872437.6497972,1696742,11288.35191,725073622.7056739,0
2024-07-19 00:00:00.000000 UTC,63987.92,67386.0,63300.67,66660.0,35634.72739,2024-07-19 23:59:59.999000 UTC,2331517674.368659,2184889,17971.06949,1176753281.038326,0
2024-07-20 00:00:00.000000 UTC,66660.01,67598.0,66222.46,67139.96,14386.92434,2024-07-20 23:59:59.999000 UTC,961878801.8482212,995093,6868.63454,459313955.25348914,0
2024-07-21 00:00:00.000000 UTC,67139.97,68366.66,65777.0,68165.34,21819.11191,2024-07-21 23:59:59.999000 UTC,1465757867.9747431,1322942,11412.05459,766856991.8425378,0
2024-07-22 00:00:00.000000 UTC,68165.35,68474.55,66559.97,67532.01,21451.04303,2024-07-22 23:59:59.999000 UTC,1448418369.8467095,1558140,10263.9504,693063991.1191068,0
2024-07-23 00:00:00.000000 UTC,67532.0,67750.98,65441.08,65936.01,31406.15316,2024-07-23 23:59:59.999000 UTC,2088544473.323508,1772089,15168.84798,1008794779.0389912,0
2024-07-24 00:00:00.000000 UTC,65936.0,67102.01,65111.0,65376.0,23082.56277,2024-07-24 23:59:59.999000 UTC,1526490826.466997,1391053,10827.75551,716084205.2016414,0
2024-07-25 00:00:00.000000 UTC,65376.01,66175.49,63456.7,65799.95,35126.42934,2024-07-25 23:59:59.999000 UTC,2266419771.224864,1830360,16579.45258,1070150879.3639548,0
2024-07-26 00:00:00.000000 UTC,65799.95,68200.0,65722.63,67907.99,24244.36023,2024-07-26 23:59:59.999000 UTC,1630839588.6966548,1406982,12444.52129,837159298.5663502,0
2024-07-27 00:00:00.000000 UTC,67908.0,69399.99,66650.0,67896.5,31710.21921,2024-07-27 23:59:59.999000 UTC,2162335067.023417,1690591,15838.9282,1080427116.1916444,0
2024-07-28 00:00:00.000000 UTC,67896.49,68318.43,67066.66,68249.88,10868.69394,2024-07-28 23:59:59.999000 UTC,736755676.1377451,821210,5403.48694,366295409.6350271,0
2024-07-29 00:00:00.000000 UTC,68249.88,70079.99,66428.0,66784.69,36467.29633,2024-07-29 23:59:59.999000 UTC,2499265962.091455,1952812,18196.23316,1248743452.5576787,0
2024-07-30 00:00:00.000000 UTC,66784.68,67000.0,65302.67,66188.0,23132.25441,2024-07-30 23:59:59.999000 UTC,1533270724.799421,1622083,11096.82554,735708436.0236868,0
2024-07-31 00:00:00.000000 UTC,66188.0,66849.24,64530.0,64628.0,22625.43905,2024-07-31 23:59:59.999000 UTC,1489443332.5960116,1609976,10818.48504,712275323.706937,0
2024-08-01 00:00:00.000000 UTC,64628.01,65659.78,62302.0,65354.02,35542.26854,2024-08-01 23:59:59.999000 UTC,2270877792.65868,2397257,16886.93292,1079221072.7580278,0
2024-08-02 00:00:00.000000 UTC,65354.02,65596.14,61230.01,61498.33,38820.42937,2024-08-02 23:59:59.999000 UTC,2469588785.6981573,2457735,18202.35794,1158565579.090291,0
2024-08-03 00:00:00.000000 UTC,61498.34,62198.22,59850.0,60697.99,28034.71567,2024-08-03 23:59:59.999000 UTC,1711555901.18011,1669555,12947.95791,790701622.6375737,0
2024-08-04 00:00:00.000000 UTC,60697.99,61117.63,57122.77,58161.0,31616.52003,2024-08-04 23:59:59.999000 UTC,1874490041.5437355,1886195,14556.6247,863334319.9678984,0
2024-08-05 00:00:00.000000 UTC,58161.0,58305.59,49000.0,54018.81,162065.59186,2024-08-05 23:59:59.999000 UTC,8580928177.429902,7568497,77363.26323,4097736999.067924,0
2024-08-06 00:00:00.000000 UTC,54018.82,57040.99,53950.0,56022.01,55884.77676,2024-08-06 23:59:59.999000 UTC,3119018848.329888,3433824,27934.19288,1559417942.6490836,0
2024-08-07 00:00:00.000000 UTC,56022.0,57736.05,54558.62,55134.16,44269.37684,2024-08-07 23:59:59.999000 UTC,2490553853.602583,2397504,21897.14983,1232415104.4472857,0
2024-08-08 00:00:00.000000 UTC,55133.76,62745.14,54730.0,61685.99,48349.52949,2024-08-08 23:59:59.999000 UTC,2836312292.4318185,2603042,25676.29533,1508140014.000517,0
2024-08-09 00:00:00.000000 UTC,61686.0,61744.37,59535.0,60837.99,30972.48017,2024-08-09 23:59:59.999000 UTC,1878350555.5122635,1827809,15023.05073,911225295.6263436,0
2024-08-10 00:00:00.000000 UTC,60837.99,61470.58,60242.0,60923.51,9995.20621,2024-08-10 23:59:59.999000 UTC,607372221.2460399,800499,4893.63854,297435046.0025079,0
2024-08-11 00:00:00.000000 UTC,60923.51,61858.0,58286.73,58712.59,19189.84512,2024-08-11 23:59:59.999000 UTC,1152081498.1567774,1319469,9094.74521,546165456.9550736,0
2024-08-12 00:00:00.000000 UTC,58712.59,60711.09,57642.21,59346.64,37009.91743,2024-08-12 23:59:59.999000 UTC,2186851067.316586,2293837,18279.26596,1080368631.1427846,0
2024-08-13 00:00:00.000000 UTC,59346.64,61578.1,58392.88,60587.15,27858.95851,2024-08-13 23:59:59.999000 UTC,1668247896.8477187,1713485,13647.22341,817397824.2293857,0
2024-08-14 00:00:00.000000 UTC,60587.16,61800.0,58433.18,58683.39,28422.76326,2024-08-14 23:59:59.999000 UTC,1705464263.505865,1729342,13263.8962,796386901.3641167,0
2024-08-15 00:00:00.000000 UTC,58683.39,59849.38,56078.54,57541.06,37686.17622,2024-08-15 23:59:59.999000 UTC,2194915865.052229,2507858,17255.22311,1005337423.726424,0
2024-08-16 00:00:00.000000 UTC,57541.05,59817.76,57098.62,58874.6,27610.84344,2024-08-16 23:59:59.999000 UTC,1614654900.3332715,1999539,13963.51824,816740633.5454463,0
2024-08-17 00:00:00.000000 UTC,58874.59,59700.0,58785.05,59491.99,7721.72931,2024-08-17 23:59:59.999000 UTC,457737705.7722839,807159,3871.6531,229477473.8098392,0
2024-08-18 00:00:00.000000 UTC,59491.99,60284.99,58408.92,58427.35,13634.85717,2024-08-18 23:59:59.999000 UTC,813166580.7264851,1099730,6660.58254,397459480.8719824,0
2024-08-19 00:00:00.000000 UTC,58427.35,59617.63,57787.3,59438.5,22809.31251,2024-08-19 23:59:59.999000 UTC,1336287900.197634,1636295,11350.30776,665066212.7595356,0
2024-08-20 00:00:00.000000 UTC,59438.5,61400.0,58548.23,59013.8,31477.44548,2024-08-20 23:59:59.999000 UTC,1890620149.79102,1904519,16041.22019,964180516.15294,0
2024-08-21 00:00:00.000000 UTC,59013.8,61820.93,58783.47,61156.03,27983.6422,2024-08-21 23:59:59.999000 UTC,1682529555.0960546,1981525,14156.90984,851829721.3994547,0
2024-08-22 00:00:00.000000 UTC,61156.03,61400.0,59724.87,60375.84,21241.20588,2024-08-22 23:59:59.999000 UTC,1288544247.9560175,1718280,10269.33376,623042041.0781735,0
2024-08-23 00:00:00.000000 UTC,60375.83,64955.0,60342.14,64037.24,38118.07089,2024-08-23 23:59:59.999000 UTC,2375916932.7935486,2555682,20372.88336,1270318490.0257754,0
2024-08-24 00:00:00.000000 UTC,64037.24,64494.5,63531.0,64157.01,15857.15616,2024-08-24 23:59:59.999000 UTC,1015774255.1740764,1551856,7643.02686,489673236.6598002,0
2024-08-25 00:00:00.000000 UTC,64157.02,65000.0,63773.27,64220.0,12305.47977,2024-08-25 23:59:59.999000 UTC,789935122.9930241,1263065,6315.72233,405555580.86044383,0
2024-08-26 00:00:00.000000 UTC,64219.99,64481.0,62800.0,62834.0,19470.05276,2024-08-26 23:59:59.999000 UTC,1238341818.4320166,2152841,8995.67609,572188217.6295675,0
2024-08-27 00:00:00.000000 UTC,62834.0,63212.0,58034.01,59415.0,35135.94178,2024-08-27 23:59:59.999000 UTC,2158144642.992993,2995281,15873.1536,975361314.8776592,0
2024-08-28 00:00:00.000000 UTC,59415.0,60234.98,57860.0,59034.9,36868.54275,2024-08-28 23:59:59.999000 UTC,2183054412.974087,3664134,17135.91162,1014904733.0685128,0
2024-08-29 00:00:00.000000 UTC,59034.9,61166.99,58713.09,59359.01,27020.90743,2024-08-29 23:59:59.999000 UTC,1617931684.258576,2743900,13152.3859,787682410.3518869,0
2024-08-30 00:00:00.000000 UTC,59359.0,59944.07,57701.1,59123.99,28519.32195,2024-08-30 23:59:59.999000 UTC,1680918972.4658496,2845696,13783.34749,812769089.2849811,0
2024-08-31 00:00:00.000000 UTC,59123.99,59462.38,58744.0,58973.99,8798.409,2024-08-31 23:59:59.999000 UTC,519849184.8690447,895944,4195.93079,247955494.3591592,0
2024-09-01 00:00:00.000000 UTC,58974.0,59076.59,57201.0,57301.86,20705.15741,2024-09-01 23:59:59.999000 UTC,1202176847.3910584,2153180,9651.50531,560452387.8985474,0
2024-09-02 00:00:00.000000 UTC,57301.77,59425.69,57128.0,59132.13,22895.01461,2024-09-02 23:59:59.999000 UTC,1333092369.4465685,1966119,11295.25452,657496577.6304803,0
2024-09-03 00:00:00.000000 UTC,59132.12,59809.65,57415.0,57487.73,22828.18447,2024-09-03 23:59:59.999000 UTC,1335076815.8599248,2208758,10979.79204,642252673.1132113,0
2024-09-04 00:00:00.000000 UTC,57487.74,58519.0,55606.0,57970.9,35560.82146,2024-09-04 23:59:59.999000 UTC,2027630870.179676,3177549,16861.75483,961923197.778253,0
2024-09-05 00:00:00.000000 UTC,57970.9,58327.07,55643.65,56180.0,27806.91413,2024-09-05 23:59:59.999000 UTC,1577770853.1007977,3368058,12955.8897,734996919.3590953,0
2024-09-06 00:00:00.000000 UTC,56180.0,57008.0,52550.0,53962.97,54447.76826,2024-09-06 23:59:59.999000 UTC,2988914918.9243345,5287281,25325.18849,1390546230.8810933,0
2024-09-07 00:00:00.000000 UTC,53962.97,54850.0,53745.54,54160.86,16694.04774,2024-09-07 23:59:59.999000 UTC,905693342.5898322,1920923,8023.90683,435381439.0095956,0
2024-09-08 00:00:00.000000 UTC,54160.86,55318.0,53629.01,54869.95,16274.14779,2024-09-08 23:59:59.999000 UTC,885743172.9184759,1796092,8031.76084,437221897.1104152,0
2024-09-09 00:00:00.000000 UTC,54869.95,58088.0,54591.96,57042.0,32384.51737,2024-09-09 23:59:59.999000 UTC,1809715390.0493293,3355912,16412.83148,917669512.2220292,0
2024-09-10 00:00:00.000000 UTC,57042.01,58044.36,56386.4,57635.99,23626.78126,2024-09-10 23:59:59.999000 UTC,1349365460.0900571,2843148,11690.37506,667774722.6993911,0
2024-09-11 00:00:00.000000 UTC,57635.99,57981.71,55545.19,57338.0,33026.56757,2024-09-11 23:59:59.999000 UTC,1875738697.378416,4045103,15979.30786,907634258.5649892,0
2024-09-12 00:00:00.000000 UTC,57338.0,58588.0,57324.0,58132.32,31074.40631,2024-09-12 23:59:59.999000 UTC,1802848638.0757017,3706764,14783.00418,857572456.5100869,0
2024-09-13 00:00:00.000000 UTC,58132.31,60625.0,57632.62,60498.0,29825.23333,2024-09-13 23:59:59.999000 UTC,1760671733.5492997,3378012,15395.13731,909141733.9747654,0
2024-09-14 00:00:00.000000 UTC,60497.99,60610.45,59400.0,59993.03,12137.90901,2024-09-14 23:59:59.999000 UTC,728527024.3416963,1288784,5570.22098,334303099.7432136,0
2024-09-15 00:00:00.000000 UTC,59993.02,60395.8,58691.05,59132.0,13757.92361,2024-09-15 23:59:59.999000 UTC,822410872.3906957,1552950,6431.24697,384460724.5703967,0
2024-09-16 00:00:00.000000 UTC,59132.0,59210.7,57493.3,58213.99,26477.5642,2024-09-16 23:59:59.999000 UTC,1543273198.7027452,3145152,12859.7584,749563220.8060509,0
2024-09-17 00:00:00.000000 UTC,58213.99,61320.0,57610.01,60313.99,33116.25878,2024-09-17 23:59:59.999000 UTC,1983378424.775704,3918209,16390.65993,981860543.2735816,0
2024-09-18 00:00:00.000000 UTC,60313.99,61786.24,59174.8,61759.99,36087.02469,2024-09-18 23:59:59.999000 UTC,2174000496.820776,5167671,18429.59712,1110622778.7510853,0
2024-09-19 00:00:00.000000 UTC,61759.98,63850.0,61555.0,62947.99,34332.52608,2024-09-19 23:59:59.999000 UTC,2153175931.173872,4438284,17609.62958,1104427424.5246968,0
2024-09-20 00:00:00.000000 UTC,62948.0,64133.32,62350.0,63201.05,25466.37794,2024-09-20 23:59:59.999000 UTC,1611195963.9908044,3969296,12411.32227,785440558.8125728,0
2024-09-21 00:00:00.000000 UTC,63201.05,63559.9,62758.0,63348.96,8375.34608,2024-09-21 23:59:59.999000 UTC,528657852.3183024,1283611,3877.73743,244802615.78455928,0
2024-09-22 00:00:00.000000 UTC,63348.97,64000.0,62357.93,63578.76,14242.19892,2024-09-22 23:59:59.999000 UTC,897477338.3735126,2145736,6923.17369,436456231.9537881,0
2024-09-23 00:00:00.000000 UTC,63578.76,64745.88,62538.75,63339.99,24078.05287,2024-09-23 23:59:59.999000 UTC,1531015038.3680267,3999187,12331.07643,784350440.7145653,0
2024-09-24 00:00:00.000000 UTC,63339.99,64688.0,62700.0,64262.7,23185.04759,2024-09-24 23:59:59.999000 UTC,1472720338.8562915,3870157,11522.89363,732118662.4171054,0
2024-09-25 00:00:00.000000 UTC,64262.7,64817.99,62947.08,63152.01,17813.11168,2024-09-25 23:59:59.999000 UTC,1135250828.2732148,3355531,8384.67983,534590429.2105493,0
2024-09-26 00:00:00.000000 UTC,63152.01,65839.0,62670.0,65173.99,28373.30593,2024-09-26 23:59:59.999000 UTC,1831204595.9448967,4361333,15041.9886,971176161.3870808,0
2024-09-27 00:00:00.000000 UTC,65173.99,66498.0,64819.9,65769.95,22048.80487,2024-09-27 23:59:59.999000 UTC,1448852210.3602211,3498529,11092.85716,729156061.3679231,0
2024-09-28 00:00:00.000000 UTC,65769.95,66260.0,65422.23,65858.0,9127.23316,2024-09-28 23:59:59.999000 UTC,600118483.1222521,1341703,4501.22534,296026669.8337066,0
2024-09-29 00:00:00.000000 UTC,65858.0,66076.12,65432.0,65602.01,8337.74111,2024-09-29 23:59:59.999000 UTC,547980013.7152303,1413449,4132.9378,271622295.3535291,0
2024-09-30 00:00:00.000000 UTC,65602.01,65618.8,62856.3,63327.59,30011.08752,2024-09-30 23:59:59.999000 UTC,1920250261.744216,3978584,14451.93044,924324016.7358449,0
2024-10-01 00:00:00.000000 UTC,63327.6,64130.63,60164.0,60805.78,43671.48108,2024-10-01 23:59:59.999000 UTC,2723672081.8326254,5607069,20951.74486,1308603194.33104,0
2024-10-02 00:00:00.000000 UTC,60804.92,62390.31,60000.0,60649.28,31534.70118,2024-10-02 23:59:59.999000 UTC,1928377637.836784,5313210,15719.32519,961468320.5154728,0
2024-10-03 00:00:00.000000 UTC,60649.27,61477.19,59828.11,60752.71,26221.43472,2024-10-03 23:59:59.999000 UTC,1590773866.8074434,5244004,12906.51464,783073701.7331172,0
2024-10-04 00:00:00.000000 UTC,60752.72,62484.85,60459.9,62086.0,21294.65994,2024-10-04 23:59:59.999000 UTC,1311145630.5020497,3798631,10689.34488,658151113.9351828,0
2024-10-05 00:00:00.000000 UTC,62086.0,62370.56,61689.26,62058.0,7807.46141,2024-10-05 23:59:59.999000 UTC,484588468.3419123,1183175,3690.55536,229107774.75427,0
2024-10-06 00:00:00.000000 UTC,62058.01,62975.0,61798.97,62819.91,8906.86177,2024-10-06 23:59:59.999000 UTC,555669634.4773513,1556553,4798.29924,299426562.8303448,0
2024-10-07 00:00:00.000000 UTC,62819.91,64478.19,62128.0,62224.0,25966.1852,2024-10-07 23:59:59.999000 UTC,1646315506.5791943,4809342,12760.73415,809108823.5126126,0
2024-10-08 00:00:00.000000 UTC,62224.01,63200.0,61860.31,62160.49,19702.22371,2024-10-08 23:59:59.999000 UTC,1230076253.818657,3798438,9614.36947,600357593.787378,0
2024-10-09 00:00:00.000000 UTC,62160.5,62543.75,60301.0,60636.02,20011.15684,2024-10-09 23:59:59.999000 UTC,1234778807.5932417,3668363,9454.70171,583725546.0309885,0
2024-10-10 00:00:00.000000 UTC,60636.01,61321.68,58946.0,60326.39,23967.92481,2024-10-10 23:59:59.999000 UTC,1445604381.9363792,3872577,10827.77272,653182369.9427671,0
2024-10-11 00:00:00.000000 UTC,60326.4,63417.56,60087.64,62540.0,23641.35209,2024-10-11 23:59:59.999000 UTC,1462219576.8498647,3222180,12099.56755,748431117.9165705,0
2024-10-12 00:00:00.000000 UTC,62539.99,63480.0,62487.23,63206.22,10911.30116,2024-10-12 23:59:59.999000 UTC,686978508.9887543,1770837,5196.91695,327263147.47604007,0
2024-10-13 00:00:00.000000 UTC,63206.23,63285.72,62050.0,62870.02,11909.21995,2024-10-13 23:59:59.999000 UTC,746564374.2082387,2242529,5855.04617,367046338.9194209,0
2024-10-14 00:00:00.000000 UTC,62870.02,66500.0,62457.81,66083.99,37669.95222,2024-10-14 23:59:59.999000 UTC,2450094472.8135448,4977577,19941.11906,1297062359.2474864,0
2024-10-15 00:00:00.000000 UTC,66084.0,67950.0,64800.01,67074.14,43683.95423,2024-10-15 23:59:59.999000 UTC,2894021862.319518,6245619,21820.682,1446378130.5659852,0
2024-10-16 00:00:00.000000 UTC,67074.14,68424.0,66750.49,67620.01,29938.25544,2024-10-16 23:59:59.999000 UTC,2024560410.106268,5109685,15212.87402,1029210667.4758284,0
2024-10-17 00:00:00.000000 UTC,67620.0,67939.4,66666.0,67421.78,25328.22861,2024-10-17 23:59:59.999000 UTC,1702164439.5654595,3981960,12153.94712,816887407.4042379,0
2024-10-18 00:00:00.000000 UTC,67421.78,69000.0,67192.36,68428.0,28725.635,2024-10-18 23:59:59.999000 UTC,1959735899.8769643,4010969,14218.1785,970440964.2668116,0
2024-10-19 00:00:00.000000 UTC,68427.99,68693.26,68010.0,68378.0,8193.66737,2024-10-19 23:59:59.999000 UTC,559628628.9613105,1152428,4071.19627,278085065.5176925,0
2024-10-20 00:00:00.000000 UTC,68377.99,69400.0,68100.0,69031.99,12442.47378,2024-10-20 23:59:59.999000 UTC,854082429.8105861,1563795,6772.92574,465001555.9309831,0
2024-10-21 00:00:00.000000 UTC,69032.0,69519.52,66840.67,67377.5,31374.42184,2024-10-21 23:59:59.999000 UTC,2130833593.5466976,3686777,13593.60828,923860758.4208844,0
2024-10-22 00:00:00.000000 UTC,67377.5,67836.01,66571.42,67426.0,24598.96268,2024-10-22 23:59:59.999000 UTC,1654285791.6605556,3669291,12400.51857,834160889.2398738,0
2024-10-23 00:00:00.000000 UTC,67426.01,67472.83,65260.0,66668.65,25530.2407,2024-10-23 23:59:59.999000 UTC,1695101430.9187467,3807365,11888.33995,789384635.1106861,0
2024-10-24 00:00:00.000000 UTC,66668.65,68850.0,66510.0,68198.28,22589.83877,2024-10-24 23:59:59.999000 UTC,1526736320.912938,3797462,11502.58514,777936396.524746,0
2024-10-25 00:00:00.000000 UTC,68198.27,68771.49,65596.29,66698.33,34479.71125,2024-10-25 23:59:59.999000 UTC,2320667435.2932534,5332593,16031.032,1079347459.1549635,0
2024-10-26 00:00:00.000000 UTC,66698.32,67454.55,66439.9,67092.76,11842.9077,2024-10-26 23:59:59.999000 UTC,792887047.147892,2373501,6069.18986,406369780.1532944,0
2024-10-27 00:00:00.000000 UTC,67092.76,68332.05,66913.73,68021.7,8653.19592,2024-10-27 23:59:59.999000 UTC,585006148.4704809,1771989,4417.7362,298699666.99843925,0
2024-10-28 00:00:00.000000 UTC,68021.69,70270.0,67618.0,69962.21,29046.75459,2024-10-28 23:59:59.999000 UTC,2005105729.8174448,4432446,15218.34976,1051606096.429826,0
2024-10-29 00:00:00.000000 UTC,69962.21,73620.12,69760.0,72736.42,50128.60594,2024-10-29 23:59:59.999000 UTC,3602465986.891757,5645430,26898.46516,1932608784.1630373,0
2024-10-30 00:00:00.000000 UTC,72736.41,72961.0,71436.0,72344.74,26885.99056,2024-10-30 23:59:59.999000 UTC,1941210537.2882867,4040734,13487.21433,973898183.7467278,0
2024-10-31 00:00:00.000000 UTC,72344.75,72700.0,69685.76,70292.01,29352.10297,2024-10-31 23:59:59.999000 UTC,2091144977.4946847,4525542,14205.13879,1012048241.8498938,0
2024-11-01 00:00:00.000000 UTC,70292.01,71632.95,68820.14,69496.01,38301.86755,2024-11-01 23:59:59.999000 UTC,2677358022.00497,4569271,18044.1622,1261663986.7596903,0
2024-11-02 00:00:00.000000 UTC,69496.0,69914.37,69000.14,69374.74,10521.67243,2024-11-02 23:59:59.999000 UTC,731232427.6311549,1603561,5227.50713,363370734.81580114,0
2024-11-03 00:00:00.000000 UTC,69374.74,69391.0,67478.73,68775.99,24995.70243,2024-11-03 23:59:59.999000 UTC,1709666206.4062023,3668029,12277.58177,839939073.1389577,0
2024-11-04 00:00:00.000000 UTC,68775.99,69500.0,66835.0,67850.01,29800.39187,2024-11-04 23:59:59.999000 UTC,2033902307.002776,5377048,14927.24077,1019257547.5246848,0
2024-11-05 00:00:00.000000 UTC,67850.01,70577.91,67476.63,69372.01,33355.06888,2024-11-05 23:59:59.999000 UTC,2310418908.069922,4955644,17059.88663,1181816730.9237833,0
2024-11-06 00:00:00.000000 UTC,69372.01,76400.0,69298.0,75571.99,104126.994787,2024-11-06 23:59:59.999000 UTC,7702283270.25801,8434184,53243.884427,3938516657.232733,0
2024-11-07 00:00:00.000000 UTC,75571.99,76849.99,74416.0,75857.89,44869.422345,2024-11-07 23:59:59.999000 UTC,3391796661.971956,5207722,21805.460295,1648278335.300733,0
2024-11-08 00:00:00.000000 UTC,75857.89,77199.99,75555.0,76509.78,36521.099583,2024-11-08 23:59:59.999000 UTC,2784449097.5315185,4877489,17555.393633,1339019332.1967125,0
2024-11-09 00:00:00.000000 UTC,76509.78,76900.0,75714.66,76677.46,16942.07915,2024-11-09 23:59:59.999000 UTC,1294709001.60289,2585264,8032.79327,614028515.3001705,0
2024-11-10 00:00:00.000000 UTC,76677.46,81500.0,76492.0,80370.01,61830.100435,2024-11-10 23:59:59.999000 UTC,4905441473.900737,7128598,32751.012177,2597409399.2349634,0
2024-11-11 00:00:00.000000 UTC,80370.01,89530.54,80216.01,88647.99,82323.665776,2024-11-11 23:59:59.999000 UTC,6944268709.94272,9348890,42837.295314,3613896167.371912,0
2024-11-12 00:00:00.000000 UTC,88648.0,89940.0,85072.0,87952.01,97299.887911,2024-11-12 23:59:59.999000 UTC,8540084566.279818,11499058,49589.333451,4353451682.829404,0
2024-11-13 00:00:00.000000 UTC,87952.0,93265.64,86127.99,90375.2,86763.854127,2024-11-13 23:59:59.999000 UTC,7790928962.043038,11962100,44342.329327,3983689817.401444,0
2024-11-14 00:00:00.000000 UTC,90375.21,91790.0,86668.21,87325.59,56729.51086,2024-11-14 23:59:59.999000 UTC,5073860815.928665,9828858,27940.856,2499212755.773147,0
2024-11-15 00:00:00.000000 UTC,87325.59,91850.0,87073.38,91032.07,47927.95068,2024-11-15 23:59:59.999000 UTC,4276238971.181429,8009111,24800.61087,2213154236.5096154,0
2024-11-16 00:00:00.000000 UTC,91032.08,91779.66,90056.17,90586.92,22717.87689,2024-11-16 23:59:59.999000 UTC,2067958511.904848,4239455,11496.31366,1046686701.002946,0
2024-11-17 00:00:00.000000 UTC,90587.98,91449.99,88722.0,89855.99,23867.55609,2024-11-17 23:59:59.999000 UTC,2153871724.810395,4930719,11852.78227,1070094820.6738938,0
2024-11-18 00:00:00.000000 UTC,89855.98,92594.0,89376.9,90464.08,46545.03448,2024-11-18 23:59:59.999000 UTC,4239909950.6618943,7161125,23628.87098,2153158394.316311,0
2024-11-19 00:00:00.000000 UTC,90464.07,93905.51,90357.0,92310.79,43660.04682,2024-11-19 23:59:59.999000 UTC,4025108502.8496137,5647789,22127.852724,2040301638.1161728,0
2024-11-20 00:00:00.000000 UTC,92310.8,94831.97,91500.0,94286.56,42203.198712,2024-11-20 23:59:59.999000 UTC,3950932314.6460686,7365987,20425.307962,1912348704.247262,0
2024-11-21 00:00:00.000000 UTC,94286.56,98988.0,94040.0,98317.12,69228.360477,2024-11-21 23:59:59.999000 UTC,6722807908.325656,9048605,35424.063227,3440467290.318527,0
2024-11-22 00:00:00.000000 UTC,98317.12,99588.01,97122.11,98892.0,46189.309243,2024-11-22 23:59:59.999000 UTC,4555536773.363205,7271311,22709.668193,2240635299.646484,0
2024-11-23 00:00:00.000000 UTC,98892.0,98908.85,97136.0,97672.4,24757.84367,2024-11-23 23:59:59.999000 UTC,2431609866.3295145,3839138,11176.2487,1097538914.9412584,0
2024-11-24 00:00:00.000000 UTC,97672.4,98564.0,95734.77,97900.04,31200.97838,2024-11-24 23:59:59.999000 UTC,3034172011.9517884,4964720,15124.12176,1471313633.7467723,0
2024-11-25 00:00:00.000000 UTC,97900.05,98871.8,92600.19,93010.01,50847.45096,2024-11-25 23:59:59.999000 UTC,4883444806.322193,8289691,23486.92705,2255516841.6102185,0
2024-11-26 00:00:00.000000 UTC,93010.01,94973.37,90791.1,91965.16,57858.73138,2024-11-26 23:59:59.999000 UTC,5370918648.818167,10225809,29120.26765,2702543576.089108,0
2024-11-27 00:00:00.000000 UTC,91965.16,97208.21,91792.14,95863.11,41153.42734,2024-11-27 23:59:59.999000 UTC,3894358511.6175647,6648690,20316.58245,1922620637.3076189,0
2024-11-28 00:00:00.000000 UTC,95863.11,96564.0,94640.0,95643.98,28814.54357,2024-11-28 23:59:59.999000 UTC,2749861591.2596097,4988161,14805.69321,1412851841.0751948,0
2024-11-29 00:00:00.000000 UTC,95643.99,98619.99,95364.99,97460.0,27701.78231,2024-11-29 23:59:59.999000 UTC,2690451030.634288,5094070,13840.21172,1344148785.2636423,0
2024-11-30 00:00:00.000000 UTC,97460.0,97463.95,96092.01,96407.99,14503.83306,2024-11-30 23:59:59.999000 UTC,1402672950.6998208,3354759,7075.91503,684284805.0234444,0
2024-12-01 00:00:00.000000 UTC,96407.99,97836.0,95693.88,97185.18,16938.60452,2024-12-01 23:59:59.999000 UTC,1641327626.6062205,3342200,8114.89569,786489040.1936377,0
2024-12-02 00:00:00.000000 UTC,97185.17,98130.0,94395.0,95840.62,37958.66981,2024-12-02 23:59:59.999000 UTC,3646639621.737588,7560103,18821.93327,1808458555.890584,0
2024-12-03 00:00:00.000000 UTC,95840.61,96305.52,93578.17,95849.69,35827.32283,2024-12-03 23:59:59.999000 UTC,3413995542.018656,5361712,17339.11167,1652090703.1755955,0
2024-12-04 00:00:00.000000 UTC,95849.69,99000.0,94587.83,98587.32,43850.53728,2024-12-04 23:59:59.999000 UTC,4241994533.7861056,6648724,22033.60112,2132655972.045,0
2024-12-05 00:00:00.000000 UTC,98587.32,104088.0,90500.0,96945.63,109921.729662,2024-12-05 23:59:59.999000 UTC,11048002942.149933,12012364,56235.078356,5657171374.763456,0
2024-12-06 00:00:00.000000 UTC,96945.63,101898.99,95981.72,99740.84,45049.5331,2024-12-06 23:59:59.999000 UTC,4456641685.364444,6919102,21999.62416,2175645718.553361,0
2024-12-07 00:00:00.000000 UTC,99740.84,100439.18,98844.0,99831.99,14931.9459,2024-12-07 23:59:59.999000 UTC,1487953846.8385458,2634566,6776.55,675350661.2973348,0
2024-12-08 00:00:00.000000 UTC,99831.99,101351.0,98657.7,101109.59,14612.99688,2024-12-08 23:59:59.999000 UTC,1459576946.402151,2994709,7152.80173,714745738.9188356,0
2024-12-09 00:00:00.000000 UTC,101109.6,101215.93,94150.05,97276.47,53949.11595,2024-12-09 23:59:59.999000 UTC,5283626995.705648,8445872,25472.08477,2495722030.5370946,0
2024-12-10 00:00:00.000000 UTC,97276.48,98270.0,94256.54,96593.0,51708.68933,2024-12-10 23:59:59.999000 UTC,4988660195.092429,11556189,24523.09586,2367164879.170773,0
2024-12-11 00:00:00.000000 UTC,96593.0,101888.0,95658.24,101125.0,37753.78291,2024-12-11 23:59:59.999000 UTC,3745703763.01845,8250511,19112.84559,1897146318.2111704,0
2024-12-12 00:00:00.000000 UTC,101125.0,102540.0,99311.64,100004.29,29232.08745,2024-12-12 23:59:59.999000 UTC,2949462583.8661704,8066322,14175.88661,1430984456.6703603,0
2024-12-13 00:00:00.000000 UTC,100004.29,101895.26,99205.0,101424.25,21904.03923,2024-12-13 23:59:59.999000 UTC,2203903393.0741005,5481660,10669.09365,1073720887.635456,0
2024-12-14 00:00:00.000000 UTC,101424.24,102650.0,100609.41,101420.0,14191.70326,2024-12-14 23:59:59.999000 UTC,1441594367.0463192,3374538,6790.24676,689981854.1394897,0
2024-12-15 00:00:00.000000 UTC,101420.0,105250.0,101237.14,104463.99,22228.921775,2024-12-15 23:59:59.999000 UTC,2290462903.835791,3638809,12668.894355,1305611448.3000977,0
2024-12-16 00:00:00.000000 UTC,104463.99,107793.07,103333.0,106058.66,41302.40274,2024-12-16 23:59:59.999000 UTC,4364964400.634553,8048054,20349.0995,2150550899.2475224,0
2024-12-17 00:00:00.000000 UTC,106058.65,108353.0,105321.49,106133.74,29064.936466,2024-12-17 23:59:59.999000 UTC,3103833327.775107,7212799,14187.320446,1515158210.55198,0
2024-12-18 00:00:00.000000 UTC,106133.74,106524.98,100000.0,100204.01,50307.99755,2024-12-18 23:59:59.999000 UTC,5194263316.259236,8762120,23308.37525,2407213144.2694983,0
2024-12-19 00:00:00.000000 UTC,100204.01,102800.11,95700.0,97461.86,55147.398,2024-12-19 23:59:59.999000 UTC,5487546517.707753,7273941,26898.63715,2677636003.906506,0
2024-12-20 00:00:00.000000 UTC,97461.86,98233.0,92232.54,97805.44,62884.1357,2024-12-20 23:59:59.999000 UTC,6022845238.832326,7429007,29463.23021,2822939306.663078,0
2024-12-21 00:00:00.000000 UTC,97805.44,99540.61,96398.39,97291.99,23483.54143,2024-12-21 23:59:59.999000 UTC,2296232055.195926,3717638,11726.94119,1146732451.4218132,0
2024-12-22 00:00:00.000000 UTC,97292.0,97448.08,94250.35,95186.27,19353.83036,2024-12-22 23:59:59.999000 UTC,1857819866.3604,3633551,9293.39749,892081877.7627709,0
2024-12-23 00:00:00.000000 UTC,95186.28,96538.92,92520.0,94881.47,32810.76703,2024-12-23 23:59:59.999000 UTC,3100007213.494563,5464919,16339.58355,1544707289.7443693,0
2024-12-24 00:00:00.000000 UTC,94881.47,99487.99,93569.02,98663.58,23674.22488,2024-12-24 23:59:59.999000 UTC,2287214424.706476,3421549,11969.2539,1156798174.582326,0
2024-12-25 00:00:00.000000 UTC,98663.58,99569.15,97632.02,99429.6,14474.1651,2024-12-25 23:59:59.999000 UTC,1426143976.0493636,3283028,7006.5265,690465056.587186,0
2024-12-26 00:00:00.000000 UTC,99429.61,99963.7,95199.14,95791.6,21192.36727,2024-12-26 23:59:59.999000 UTC,2049123567.3867724,5203490,10071.87249,973940616.1292444,0
2024-12-27 00:00:00.000000 UTC,95791.6,97544.58,93500.01,94299.03,26501.26429,2024-12-27 23:59:59.999000 UTC,2528567849.7794614,5718866,12945.51657,1235623739.0578184,0
2024-12-28 00:00:00.000000 UTC,94299.03,95733.99,94135.66,95300.0,8385.8929,2024-12-28 23:59:59.999000 UTC,794651624.8349556,2732061,4203.59876,398416342.12816703,0
2024-12-29 00:00:00.000000 UTC,95300.0,95340.0,93009.52,93738.2,13576.00578,2024-12-29 23:59:59.999000 UTC,1278370863.9768472,2865838,5651.38589,532195414.1027413,0
2024-12-30 00:00:00.000000 UTC,93738.19,95024.5,91530.45,92792.05,27619.4225,2024-12-30 23:59:59.999000 UTC,2573126059.769478,5560563,13092.19646,1220209278.2523272,0
2024-12-31 00:00:00.000000 UTC,92792.05,96250.0,92033.73,93576.0,19612.03389,2024-12-31 23:59:59.999000 UTC,1845718801.922704,3347847,9687.96775,911716321.605402,0
2025-01-01 00:00:00.000000 UTC,93576.0,95151.15,92888.0,94591.79,10373.32613,2025-01-01 23:59:59.999000 UTC,975444194.1379983,1516556,5347.73648,502914035.6405907,0
2025-01-02 00:00:00.000000 UTC,94591.78,97839.5,94392.0,96984.79,21970.48948,2025-01-02 23:59:59.999000 UTC,2118411852.68128,3569079,10915.96986,1052226710.3336716,0
2025-01-03 00:00:00.000000 UTC,96984.79,98976.91,96100.01,98174.18,15253.82936,2025-01-03 23:59:59.999000 UTC,1486610768.5907917,2851164,7468.60797,727787246.8965588,0
2025-01-04 00:00:00.000000 UTC,98174.17,98778.43,97514.79,98220.5,8990.05651,2025-01-04 23:59:59.999000 UTC,881223751.6353604,1559982,4350.80221,426524714.1305539,0
2025-01-05 00:00:00.000000 UTC,98220.51,98836.85,97276.79,98363.61,8095.63723,2025-01-05 23:59:59.999000 UTC,793931715.9546323,1685799,3877.90985,380355340.4686036,0
2025-01-06 00:00:00.000000 UTC,98363.61,102480.0,97920.0,102235.6,25263.43375,2025-01-06 23:59:59.999000 UTC,2540561688.7771435,3853702,12539.59534,1260943259.466256,0
2025-01-07 00:00:00.000000 UTC,102235.6,102724.38,96181.81,96954.61,32059.87537,2025-01-07 23:59:59.999000 UTC,3170421659.717236,4480562,14815.11453,1464336049.7055345,0
2025-01-08 00:00:00.000000 UTC,96954.6,97268.65,92500.9,95060.61,33704.67894,2025-01-08 23:59:59.999000 UTC,3205849081.112962,5171208,15803.85091,1503791328.6993084,0
2025-01-09 00:00:00.000000 UTC,95060.61,95382.32,91203.67,92552.49,34544.83685,2025-01-09 23:59:59.999000 UTC,3217669887.2453976,6027161,15323.62663,1427812152.272761,0
2025-01-10 00:00:00.000000 UTC,92552.49,95836.0,92206.02,94726.11,31482.86424,2025-01-10 23:59:59.999000 UTC,2962085343.283704,5531444,15617.43823,1469711545.6571271,0
2025-01-11 00:00:00.000000 UTC,94726.1,95050.94,93831.73,94599.99,7047.9043,2025-01-11 23:59:59.999000 UTC,665685994.93301,1496191,3412.37671,322346977.43545526,0
2025-01-12 00:00:00.000000 UTC,94599.99,95450.1,93711.19,94545.06,8606.86622,2025-01-12 23:59:59.999000 UTC,813278829.6583949,1658863,4028.33031,380691769.9184427,0
2025-01-13 00:00:00.000000 UTC,94545.07,95940.0,89256.69,94536.1,42619.56423,2025-01-13 23:59:59.999000 UTC,3930666134.3474574,5740963,19473.88042,1797888178.849608,0
2025-01-14 00:00:00.000000 UTC,94536.11,97371.0,94346.22,96560.86,27846.61753,2025-01-14 23:59:59.999000 UTC,2676048470.3569503,4532923,14248.69616,1369464111.693496,0
2025-01-15 00:00:00.000000 UTC,96560.85,100681.94,96500.0,100497.35,30509.99179,2025-01-15 23:59:59.999000 UTC,3006242382.8867946,3487945,15494.17873,1527728226.3083327,0
2025-01-16 00:00:00.000000 UTC,100497.35,100866.66,97335.13,99987.3,27832.85317,2025-01-16 23:59:59.999000 UTC,2765162040.639799,3762755,13513.53707,1342462621.6273284,0
2025-01-17 00:00:00.000000 UTC,99987.3,105865.22,99950.77,104077.48,39171.85292,2025-01-17 23:59:59.999000 UTC,4040993985.475047,3886907,20673.213,2131223293.2048464,0
2025-01-18 00:00:00.000000 UTC,104077.47,104988.88,102277.55,104556.23,24307.82998,2025-01-18 23:59:59.999000 UTC,2521522119.379525,3403162,11607.51274,1204170928.374812,0
2025-01-19 00:00:00.000000 UTC,104556.23,106422.43,99651.6,101331.57,43397.28298,2025-01-19 23:59:59.999000 UTC,4513423971.410252,5271920,21079.51082,2193270771.0019445,0
2025-01-20 00:00:00.000000 UTC,101331.57,109588.0,99550.0,102260.01,89529.231732,2025-01-20 23:59:59.999000 UTC,9398787064.320717,11597937,44770.529492,4704453254.515383,0
2025-01-21 00:00:00.000000 UTC,102260.0,107240.81,100119.04,106143.82,45941.02002,2025-01-21 23:59:59.999000 UTC,4768512258.156501,6842980,23227.02741,2411854258.5127187,0
2025-01-22 00:00:00.000000 UTC,106143.82,106394.46,103339.12,103706.66,22248.69254,2025-01-22 23:59:59.999000 UTC,2331144640.658579,4364035,10501.59306,1100173331.9876585,0
2025-01-23 00:00:00.000000 UTC,103706.66,106850.0,101262.28,103910.34,53953.12031,2025-01-23 23:59:59.999000 UTC,5610760848.131639,6961383,27045.92646,2813824950.571884,0
2025-01-24 00:00:00.000000 UTC,103910.35,107120.0,102750.0,104870.5,23609.24017,2025-01-24 23:59:59.999000 UTC,2483818574.373748,4798886,11893.4605,1251601023.3484683,0
2025-01-25 00:00:00.000000 UTC,104870.51,105286.52,104106.09,104746.85,9068.32377,2025-01-25 23:59:59.999000 UTC,949511531.3578016,1770765,4462.60438,467284996.3760967,0
2025-01-26 00:00:00.000000 UTC,104746.86,105500.0,102520.44,102620.0,9812.51238,2025-01-26 23:59:59.999000 UTC,1024352365.4715524,1813011,4642.17247,484871090.3361497,0
2025-01-27 00:00:00.000000 UTC,102620.01,103260.0,97777.77,102082.83,50758.1341,2025-01-27 23:59:59.999000 UTC,5092886322.829244,9368910,23529.22433,2361569760.8418937,0
2025-01-28 00:00:00.000000 UTC,102082.83,103800.0,100272.68,101335.52,22022.05765,2025-01-28 23:59:59.999000 UTC,2253977324.0362086,5428644,10756.64741,1101357650.2919877,0
2025-01-29 00:00:00.000000 UTC,101335.52,104782.68,101328.01,103733.24,23155.35802,2025-01-29 23:59:59.999000 UTC,2380383694.772136,5189699,11675.17182,1200636637.8143668,0
2025-01-30 00:00:00.000000 UTC,103733.25,106457.44,103278.54,104722.94,19374.07472,2025-01-30 23:59:59.999000 UTC,2038112603.5126407,3990075,10140.92834,1066933244.9920208,0
2025-01-31 00:00:00.000000 UTC,104722.94,106012.0,101560.0,102429.56,21983.18193,2025-01-31 23:59:59.999000 UTC,2282174002.1952176,4331904,10697.39968,1111485874.1292844,0
2025-02-01 00:00:00.000000 UTC,102429.56,102783.71,100279.51,100635.65,12290.95747,2025-02-01 23:59:59.999000 UTC,1250354228.2372296,2588786,5625.89331,572540016.1490111,0
2025-02-02 00:00:00.000000 UTC,100635.66,101456.6,96150.0,97700.59,34619.49939,2025-02-02 23:59:59.999000 UTC,3412084312.583628,7202339,15587.16669,1536076091.303013,0
2025-02-03 00:00:00.000000 UTC,97700.59,102500.01,91231.0,101328.52,75164.7385,2025-02-03 23:59:59.999000 UTC,7228589180.71162,10625262,36736.56946,3537845694.481265,0
2025-02-04 00:00:00.000000 UTC,101328.51,101732.31,96150.0,97763.13,40267.98697,2025-02-04 23:59:59.999000 UTC,3989698644.26493,6618911,19091.58154,1891457194.3598328,0
2025-02-05 00:00:00.000000 UTC,97763.14,99149.0,96155.0,96612.43,26233.30444,2025-02-05 23:59:59.999000 UTC,2562342153.829685,4471763,11032.55174,1078316288.1425588,0
2025-02-06 00:00:00.000000 UTC,96612.44,99120.0,95676.64,96554.35,23515.20405,2025-02-06 23:59:59.999000 UTC,2289071921.21756,4242807,11261.53049,1096611639.3760087,0
2025-02-07 00:00:00.000000 UTC,96554.35,100137.99,95620.34,96506.8,31794.22065,2025-02-07 23:59:59.999000 UTC,3107592434.6738343,5012456,15249.3537,1491114588.559852,0
2025-02-08 00:00:00.000000 UTC,96506.8,96880.0,95688.0,96444.74,10147.24294,2025-02-08 23:59:59.999000 UTC,977040267.5158632,1757892,4450.52682,428452764.9047411,0
2025-02-09 00:00:00.000000 UTC,96444.75,97323.09,94713.0,96462.75,14120.91613,2025-02-09 23:59:59.999000 UTC,1359495152.3107977,2293192,6663.72875,641795598.1752762,0
2025-02-10 00:00:00.000000 UTC,96462.75,98345.0,95256.0,97430.82,20572.87537,2025-02-10 23:59:59.999000 UTC,1999112052.6687863,3475919,9607.62329,933665618.5050192,0
2025-02-11 00:00:00.000000 UTC,97430.82,98478.42,94876.88,95778.2,18647.76379,2025-02-11 23:59:59.999000 UTC,1806534846.38632,3716586,8594.50066,832320054.8763715,0
2025-02-12 00:00:00.000000 UTC,95778.21,98119.99,94088.23,97869.99,29151.16625,2025-02-12 23:59:59.999000 UTC,2800142168.3943653,4992737,13820.70553,1328044257.0401337,0
2025-02-13 00:00:00.000000 UTC,97870.0,98083.91,95217.36,96608.14,19921.77616,2025-02-13 23:59:59.999000 UTC,1916988246.3921185,3909456,8852.16215,851823567.0939348,0
2025-02-14 00:00:00.000000 UTC,96608.13,98826.0,96252.82,97500.48,18173.02646,2025-02-14 23:59:59.999000 UTC,1768073218.8690157,3499564,9061.31682,881925349.6444213,0
2025-02-15 00:00:00.000000 UTC,97500.47,97972.26,97223.58,97569.66,7349.37683,2025-02-15 23:59:59.999000 UTC,717245393.778092,1694327,3579.14202,349322778.2339769,0
2025-02-16 00:00:00.000000 UTC,97569.67,97704.47,96046.18,96118.12,8191.4249,2025-02-16 23:59:59.999000 UTC,794694242.2949731,1596701,3719.73063,360842416.66441673,0
2025-02-17 00:00:00.000000 UTC,96118.12,97046.59,95205.0,95780.0,16492.0451,2025-02-17 23:59:59.999000 UTC,1584593526.1754675,2831237,8010.41565,769979077.1361973,0
2025-02-18 00:00:00.000000 UTC,95780.01,96753.91,93388.09,95671.74,23368.19471,2025-02-18 23:59:59.999000 UTC,2223994802.892005,4234248,11432.47367,1088319233.5219896,0
2025-02-19 00:00:00.000000 UTC,95671.74,96899.99,95029.99,96644.37,16438.50954,2025-02-19 23:59:59.999000 UTC,1576817572.1032505,2784225,7173.61807,688586919.9759259,0
2025-02-20 00:00:00.000000 UTC,96644.37,98711.36,96415.09,98305.0,17057.39177,2025-02-20 23:59:59.999000 UTC,1663386824.7315507,2386973,8356.42859,815056614.173827,0
2025-02-21 00:00:00.000000 UTC,98305.01,99475.0,94871.95,96181.98,32249.2814,2025-02-21 23:59:59.999000 UTC,3143975917.573464,4528525,15313.58184,1493403646.8483028,0
2025-02-22 00:00:00.000000 UTC,96181.99,96980.0,95770.49,96551.01,11268.17708,2025-02-22 23:59:59.999000 UTC,1087077133.8226364,1506418,5293.28051,510722895.1675426,0
2025-02-23 00:00:00.000000 UTC,96551.01,96650.0,95227.94,96258.0,10884.84913,2025-02-23 23:59:59.999000 UTC,1044392011.791024,1457368,4619.93267,443381984.4110255,0
2025-02-24 00:00:00.000000 UTC,96258.0,96500.0,91349.26,91552.88,31550.10299,2025-02-24 23:59:59.999000 UTC,2981809595.445377,4972684,14438.63366,1366473567.8747733,0
2025-02-25 00:00:00.000000 UTC,91552.88,92540.69,86050.99,88680.4,78333.11111,2025-02-25 23:59:59.999000 UTC,6962982500.904473,10289145,35822.15275,3183981371.4750504,0
2025-02-26 00:00:00.000000 UTC,88680.39,89414.15,82256.01,84250.09,56893.54409,2025-02-26 23:59:59.999000 UTC,4898429925.636476,8490006,28077.1845,2417690848.8189874,0
2025-02-27 00:00:00.000000 UTC,84250.09,87078.46,82716.49,84708.58,42505.45439,2025-02-27 23:59:59.999000 UTC,3618738891.222162,6357581,20355.71969,1732725913.2817628,0
2025-02-28 00:00:00.000000 UTC,84708.57,85120.0,78258.52,84349.94,83648.03969,2025-02-28 23:59:59.999000 UTC,6806705236.69068,11344216,40224.85287,3274291175.8104,0
2025-03-01 00:00:00.000000 UTC,84349.95,86558.0,83824.78,86064.53,25785.05464,2025-03-01 23:59:59.999000 UTC,2194003507.852643,3700728,11748.10769,1000093822.5383524,0
2025-03-02 00:00:00.000000 UTC,86064.54,95000.0,85050.6,94270.0,54889.09045,2025-03-02 23:59:59.999000 UTC,4972549515.788669,7403218,29273.81031,2652973441.154539,0
2025-03-03 00:00:00.000000 UTC,94269.99,94416.46,85117.11,86220.61,59171.10218,2025-03-03 23:59:59.999000 UTC,5321123743.471923,9797860,27915.4365,2513464571.356911,0
2025-03-04 00:00:00.000000 UTC,86221.16,88967.52,81500.0,87281.98,55609.10706,2025-03-04 23:59:59.999000 UTC,4704901219.590436,10326631,27584.7159,2335087296.239287,0
2025-03-05 00:00:00.000000 UTC,87281.98,91000.0,86334.53,90606.01,38264.01163,2025-03-05 23:59:59.999000 UTC,3400243670.304976,8070266,19230.28436,1709708737.4698937,0
2025-03-06 00:00:00.000000 UTC,90606.0,92810.64,87836.0,89931.89,34342.44902,2025-03-06 23:59:59.999000 UTC,3105145628.3994,7643526,17283.99411,1563426526.4289937,0
2025-03-07 00:00:00.000000 UTC,89931.88,91283.02,84667.03,86801.75,57980.35713,2025-03-07 23:59:59.999000 UTC,5097554826.613157,9510442,28394.41537,2497922400.4504447,0
2025-03-08 00:00:00.000000 UTC,86801.74,86897.25,85218.47,86222.45,12989.23054,2025-03-08 23:59:59.999000 UTC,1119358968.6520057,2553974,6491.56581,559581591.3470743,0
2025-03-09 00:00:00.000000 UTC,86222.46,86500.0,80000.0,80734.37,26115.39345,2025-03-09 23:59:59.999000 UTC,2173552660.45448,5189138,12093.87232,1006299692.7104127,0
2025-03-10 00:00:00.000000 UTC,80734.48,84123.46,77459.91,78595.86,47633.38405,2025-03-10 23:59:59.999000 UTC,3834924947.7581854,8701538,22898.57072,1846606255.3521488,0
2025-03-11 00:00:00.000000 UTC,78595.86,83617.4,76606.0,82932.99,48770.06853,2025-03-11 23:59:59.999000 UTC,3927000827.110792,6983310,24029.1677,1935950413.20182,0
2025-03-12 00:00:00.000000 UTC,82932.99,84539.85,80607.65,83680.12,31933.986,2025-03-12 23:59:59.999000 UTC,2638600996.825396,5253577,15749.41702,1301890518.499408,0
2025-03-13 00:00:00.000000 UTC,83680.12,84336.33,79939.9,81115.78,27546.27412,2025-03-13 23:59:59.999000 UTC,2260870111.2393894,4367093,13013.18135,1067945431.1219468,0
2025-03-14 00:00:00.000000 UTC,81115.78,85309.71,80818.84,83983.2,26858.52755,2025-03-14 23:59:59.999000 UTC,2244729595.541172,3290987,14082.88688,1177807467.01818,0
2025-03-15 00:00:00.000000 UTC,83983.19,84676.28,83618.0,84338.44,11324.7332,2025-03-15 23:59:59.999000 UTC,953445671.8337504,1329670,5195.29128,437551330.253166,0
2025-03-16 00:00:00.000000 UTC,84338.44,85117.04,81981.12,82574.53,17596.12531,2025-03-16 23:59:59.999000 UTC,1468056556.296723,2767947,8505.95317,710037465.075748,0
2025-03-17 00:00:00.000000 UTC,82574.52,84756.83,82456.0,84010.03,17214.74358,2025-03-17 23:59:59.999000 UTC,1437716814.046874,3014756,8387.89111,700505421.7877294,0
2025-03-18 00:00:00.000000 UTC,84010.02,84021.74,81134.66,82715.03,17610.89883,2025-03-18 23:59:59.999000 UTC,1450813055.479726,3126371,8047.23418,662808749.3427887,0
2025-03-19 00:00:00.000000 UTC,82715.03,87000.0,82547.16,86845.94,28151.05374,2025-03-19 23:59:59.999000 UTC,2375813941.9437623,3774761,13804.24847,1166238970.2811463,0
2025-03-20 00:00:00.000000 UTC,86845.93,87453.67,83655.23,84223.39,22090.30463,2025-03-20 23:59:59.999000 UTC,1885241921.155652,3252595,10163.59262,867440339.2962606,0
2025-03-21 00:00:00.000000 UTC,84223.38,84850.33,83175.25,84088.79,11956.97443,2025-03-21 23:59:59.999000 UTC,1005135519.2560016,2360005,5466.41961,459501348.0817583,0
2025-03-22 00:00:00.000000 UTC,84088.79,84539.17,83625.1,83840.59,5420.22114,2025-03-22 23:59:59.999000 UTC,456235443.8016521,864481,2284.19178,192291026.7874248,0
2025-03-23 00:00:00.000000 UTC,83840.59,86129.64,83809.75,86082.5,8461.97813,2025-03-23 23:59:59.999000 UTC,718692319.1499039,1206533,4424.81013,376007261.5213597,0
2025-03-24 00:00:00.000000 UTC,86082.5,88765.43,85519.09,87498.16,30115.62111,2025-03-24 23:59:59.999000 UTC,2636765917.951844,2916713,14379.95578,1258638667.112904,0
2025-03-25 00:00:00.000000 UTC,87498.16,88539.63,86310.0,87392.87,22643.25248,2025-03-25 23:59:59.999000 UTC,1979571590.8982933,2802815,9440.56294,825308072.6337814,0
2025-03-26 00:00:00.000000 UTC,87392.88,88275.0,85860.0,86909.17,18408.78485,2025-03-26 23:59:59.999000 UTC,1606406955.5864632,2380154,8590.97753,749604853.2968135,0
2025-03-27 00:00:00.000000 UTC,86909.17,87756.39,85800.0,87232.01,17098.03897,2025-03-27 23:59:59.999000 UTC,1487968807.7079022,2376381,8185.05517,712324893.2889168,0
2025-03-28 00:00:00.000000 UTC,87232.01,87515.67,83585.0,84424.38,27182.73169,2025-03-28 23:59:59.999000 UTC,2309946560.664113,3236085,11274.83736,958523321.8112732,0
2025-03-29 00:00:00.000000 UTC,84424.38,84624.73,81644.81,82648.54,11696.39864,2025-03-29 23:59:59.999000 UTC,970199917.9868716,2172387,5621.60485,466215575.48490685,0
2025-03-30 00:00:00.000000 UTC,82648.53,83534.64,81565.0,82389.99,9864.49508,2025-03-30 23:59:59.999000 UTC,816584795.5288126,1907663,4725.07105,391214080.11011606,0
2025-03-31 00:00:00.000000 UTC,82390.0,83943.08,81278.52,82550.01,20569.13885,2025-03-31 23:59:59.999000 UTC,1696009191.0809648,3964358,9912.88184,817875871.1107411,0
2025-04-01 00:00:00.000000 UTC,82550.0,85579.46,82432.74,85158.34,20190.39697,2025-04-01 23:59:59.999000 UTC,1698895702.5754683,3328693,10246.42648,862302772.4330863,0
2025-04-02 00:00:00.000000 UTC,85158.35,88500.0,82320.0,82516.29,39931.457,2025-04-02 23:59:59.999000 UTC,3417279759.830764,5338238,20739.67809,1777735583.840748,0
2025-04-03 00:00:00.000000 UTC,82516.28,83998.02,81211.24,83213.09,27337.84135,2025-04-03 23:59:59.999000 UTC,2259299724.8643928,4117486,13951.52792,1153439398.6198013,0
2025-04-04 00:00:00.000000 UTC,83213.09,84720.0,81659.0,83889.87,32915.53976,2025-04-04 23:59:59.999000 UTC,2739842666.426737,4992586,15896.18779,1323832046.264688,0
2025-04-05 00:00:00.000000 UTC,83889.87,84266.0,82379.95,83537.99,9360.40468,2025-04-05 23:59:59.999000 UTC,779626577.9013437,1575750,4029.64658,335654613.7277184,0
2025-04-06 00:00:00.000000 UTC,83537.99,83817.63,77153.83,78430.0,27942.71436,2025-04-06 23:59:59.999000 UTC,2239085051.1529646,3948493,12493.8449,1001459573.494466,0
2025-04-07 00:00:00.000000 UTC,78430.0,81243.58,74508.0,79163.24,78387.53089,2025-04-07 23:59:59.999000 UTC,6084614024.150647,9736596,39075.84274,3034375055.6843963,0
2025-04-08 00:00:00.000000 UTC,79163.24,80867.99,76239.9,76322.42,35317.32063,2025-04-08 23:59:59.999000 UTC,2775277777.102461,5512751,15704.73031,1235370767.1153505,0
2025-04-09 00:00:00.000000 UTC,76322.42,83588.0,74620.0,82615.22,75488.28772,2025-04-09 23:59:59.999000 UTC,5980231256.222496,7741252,39491.62958,3137004042.959261,0
2025-04-10 00:00:00.000000 UTC,82615.22,82753.21,78464.36,79607.3,33284.80718,2025-04-10 23:59:59.999000 UTC,2690294353.847842,4529545,16339.9191,1321475356.0200849,0
2025-04-11 00:00:00.000000 UTC,79607.3,84300.0,78969.58,83423.84,34435.43797,2025-04-11 23:59:59.999000 UTC,2830363945.1787524,4423157,18019.58367,1482515278.9177043,0
2025-04-12 00:00:00.000000 UTC,83423.83,85905.0,82792.95,85276.9,18470.74437,2025-04-12 23:59:59.999000 UTC,1557403252.9267516,2501196,9526.72644,803747272.783468,0
2025-04-13 00:00:00.000000 UTC,85276.91,86100.0,83034.23,83760.0,24680.04181,2025-04-13 23:59:59.999000 UTC,2086106375.439256,3275879,11658.67909,986303246.0931836,0
2025-04-14 00:00:00.000000 UTC,83760.0,85799.99,83678.0,84591.58,28659.09348,2025-04-14 23:59:59.999000 UTC,2429132805.0815287,3921522,15196.58929,1288815999.1406171,0
2025-04-15 00:00:00.000000 UTC,84591.58,86496.42,83600.0,83643.99,20910.99528,2025-04-15 23:59:59.999000 UTC,1780972414.3956008,2910533,10439.36072,889895753.1673651,0
2025-04-16 00:00:00.000000 UTC,83643.99,85500.0,83111.64,84030.38,20867.24519,2025-04-16 23:59:59.999000 UTC,1753910031.2009242,3264730,10456.769,878939829.4848368,0
2025-04-17 00:00:00.000000 UTC,84030.38,85470.01,83736.26,84947.91,13728.84772,2025-04-17 23:59:59.999000 UTC,1161659427.386263,2003405,6424.41565,543726754.4187016,0
2025-04-18 00:00:00.000000 UTC,84947.92,85132.08,84303.96,84474.69,6529.96315,2025-04-18 23:59:59.999000 UTC,552648483.6474872,840009,2911.78856,246467088.2621466,0
2025-04-19 00:00:00.000000 UTC,84474.7,85677.99,84364.45,85077.01,9666.58153,2025-04-19 23:59:59.999000 UTC,823222752.2842493,875226,5416.30087,461342923.999082,0
2025-04-20 00:00:00.000000 UTC,85077.0,85320.76,83949.52,85179.24,8091.67725,2025-04-20 23:59:59.999000 UTC,685253644.8918362,944130,3843.48314,325482835.7378329,0
2025-04-21 00:00:00.000000 UTC,85179.24,88465.99,85144.76,87516.23,31773.37262,2025-04-21 23:59:59.999000 UTC,2773299591.467066,3041395,17216.39877,1502705225.134135,0
2025-04-22 00:00:00.000000 UTC,87516.22,93888.0,87076.03,93442.99,43872.74705,2025-04-22 23:59:59.999000 UTC,3967785064.1281695,3268475,22777.77047,2062639579.2030847,0
2025-04-23 00:00:00.000000 UTC,93442.99,94696.05,91935.41,93691.08,27404.16808,2025-04-23 23:59:59.999000 UTC,2560279933.947952,3016536,13128.05774,1226992558.5765462,0
2025-04-24 00:00:00.000000 UTC,93691.07,94005.0,91660.01,93980.47,19497.06071,2025-04-24 23:59:59.999000 UTC,1811120137.314679,2797383,8565.18128,795787487.3608981,0
2025-04-25 00:00:00.000000 UTC,93980.47,95758.04,92855.96,94638.68,27500.66648,2025-04-25 23:59:59.999000 UTC,2596877713.640173,3331828,13072.22136,1234153095.7292683,0
2025-04-26 00:00:00.000000 UTC,94638.68,95199.0,93870.69,94628.0,9415.06875,2025-04-26 23:59:59.999000 UTC,889627361.8414446,1475983,4156.22463,392757114.438358,0
2025-04-27 00:00:00.000000 UTC,94628.0,95369.0,93602.58,93749.3,11162.841,2025-04-27 23:59:59.999000 UTC,1052334792.1866188,1918160,5250.08719,495112239.1081697,0
2025-04-28 00:00:00.000000 UTC,93749.29,95630.0,92800.01,95011.18,22157.53351,2025-04-28 23:59:59.999000 UTC,2092532996.555172,3424740,11626.77592,1098667305.239998,0
2025-04-29 00:00:00.000000 UTC,95011.18,95461.53,93742.54,94256.82,16955.3402,2025-04-29 23:59:59.999000 UTC,1607154803.4675477,3020875,7112.68469,674688527.813066,0
2025-04-30 00:00:00.000000 UTC,94256.82,95228.45,92910.0,94172.0,17661.2751,2025-04-30 23:59:59.999000 UTC,1664825670.9831252,3214149,8393.2162,791272380.0312446,0
2025-05-01 00:00:00.000000 UTC,94172.0,97424.02,94130.43,96489.91,21380.45343,2025-05-01 23:59:59.999000 UTC,2053857614.2732675,2925716,10925.87308,1049157198.8587636,0
2025-05-02 00:00:00.000000 UTC,96489.9,97895.68,96350.0,96887.14,14905.74811,2025-05-02 23:59:59.999000 UTC,1446387651.5840576,2698263,7440.33531,722022817.2246199,0
2025-05-03 00:00:00.000000 UTC,96887.13,96935.67,95753.01,95856.42,9723.34838,2025-05-03 23:59:59.999000 UTC,935906144.9651498,1181239,3929.4049,378271292.4443145,0
2025-05-04 00:00:00.000000 UTC,95856.42,96304.48,94151.38,94277.62,11036.38342,2025-05-04 23:59:59.999000 UTC,1053542403.8531588,1674726,4385.33486,418573470.8569623,0
2025-05-05 00:00:00.000000 UTC,94277.61,95199.0,93514.1,94733.68,17251.18189,2025-05-05 23:59:59.999000 UTC,1626999380.1759968,2623300,8399.64855,792299650.3395202,0
2025-05-06 00:00:00.000000 UTC,94733.68,96920.65,93377.0,96834.02,16122.64513,2025-05-06 23:59:59.999000 UTC,1526847764.5636685,2512960,7505.95734,711372483.6117135,0
2025-05-07 00:00:00.000000 UTC,96834.02,97732.0,95784.61,97030.5,16644.83854,2025-05-07 23:59:59.999000 UTC,1611730124.5924544,2849139,8316.74471,805430612.4055353,0
2025-05-08 00:00:00.000000 UTC,97030.5,104145.76,96876.29,103261.6,34962.02847,2025-05-08 23:59:59.999000 UTC,3508645830.5650144,4991147,18547.23009,1861334478.364427,0
2025-05-09 00:00:00.000000 UTC,103261.61,104361.3,102315.14,102971.99,27617.39907,2025-05-09 23:59:59.999000 UTC,2847518447.981513,4406929,14525.20381,1497826622.326188,0
2025-05-10 00:00:00.000000 UTC,102971.99,104984.57,102818.76,104809.53,15324.78611,2025-05-10 23:59:59.999000 UTC,1588386278.502415,2227845,8258.23478,856095289.5216646,0
2025-05-11 00:00:00.000000 UTC,104809.53,104972.0,103345.06,104118.0,17987.12197,2025-05-11 23:59:59.999000 UTC,1873381777.2124248,3100176,9071.95578,944903285.107308,0
2025-05-12 00:00:00.000000 UTC,104118.0,105819.45,100718.37,102791.32,31272.77792,2025-05-12 23:59:59.999000 UTC,3242348937.383069,5298407,16455.99797,1707457796.5881395,0
2025-05-13 00:00:00.000000 UTC,102791.32,104976.25,101429.7,104103.72,21253.42409,2025-05-13 23:59:59.999000 UTC,2197244118.1523666,3703531,10705.97845,1106609664.707795,0
2025-05-14 00:00:00.000000 UTC,104103.72,104356.95,102602.05,103507.82,16452.9081,2025-05-14 23:59:59.999000 UTC,1704708279.3884108,3025221,8026.03333,831783471.654361,0
2025-05-15 00:00:00.000000 UTC,103507.83,104192.7,101383.07,103763.71,17998.98604,2025-05-15 23:59:59.999000 UTC,1850183474.529204,4139477,8475.18036,871244345.564136,0
2025-05-16 00:00:00.000000 UTC,103763.71,104550.33,103100.49,103463.9,15683.88024,2025-05-16 23:59:59.999000 UTC,1628832372.324148,3237442,7555.15801,784850382.1942747,0
2025-05-17 00:00:00.000000 UTC,103463.9,103709.86,102612.5,103126.65,11250.89622,2025-05-17 23:59:59.999000 UTC,1160418362.950618,2568597,5335.11525,550379728.7338501,0
2025-05-18 00:00:00.000000 UTC,103126.65,106660.0,103105.09,106454.26,21599.98726,2025-05-18 23:59:59.999000 UTC,2262214972.0749383,3193300,11664.89904,1221914552.0552013,0
2025-05-19 00:00:00.000000 UTC,106454.27,107108.62,102000.0,105573.74,30260.03524,2025-05-19 23:59:59.999000 UTC,3150324504.595452,4881371,14208.309,1480452895.0841565,0
2025-05-20 00:00:00.000000 UTC,105573.73,107320.0,104184.72,106849.99,23705.48275,2025-05-20 23:59:59.999000 UTC,2509102444.6695986,3878351,12350.46275,1307273652.3895233,0
2025-05-21 00:00:00.000000 UTC,106850.0,110797.38,106100.01,109643.99,45531.040345,2025-05-21 23:59:59.999000 UTC,4914709514.320026,6835279,23661.649395,2555528481.098726,0
2025-05-22 00:00:00.000000 UTC,109643.99,111980.0,109177.37,111696.21,31630.77313,2025-05-22 23:59:59.999000 UTC,3509432834.573417,5794216,16584.56293,1840083098.5827856,0
2025-05-23 00:00:00.000000 UTC,111696.22,111800.0,106800.0,107318.3,31737.72309,2025-05-23 23:59:59.999000 UTC,3469704446.3904047,5251192,14309.31652,1565622441.187517,0
2025-05-24 00:00:00.000000 UTC,107318.3,109506.03,106875.41,107761.91,16782.53129,2025-05-24 23:59:59.999000 UTC,1819958819.7748585,2805418,8786.90747,953683093.321657,0
2025-05-25 00:00:00.000000 UTC,107761.9,109299.99,106600.64,109004.19,17710.04695,2025-05-25 23:59:59.999000 UTC,1904366455.425858,3151168,7867.16712,846688135.0097136,0
2025-05-26 00:00:00.000000 UTC,109004.2,110422.22,108670.58,109434.79,14649.11593,2025-05-26 23:59:59.999000 UTC,1605578282.1079032,2887863,7301.11288,800269021.1922797,0
2025-05-27 00:00:00.000000 UTC,109434.78,110718.0,107516.57,108938.17,21276.65635,2025-05-27 23:59:59.999000 UTC,2327603851.1192646,3735509,9969.89271,1090553624.461599,0
2025-05-28 00:00:00.000000 UTC,108938.17,109284.7,106769.43,107781.78,15633.78829,2025-05-28 23:59:59.999000 UTC,1689136748.5130312,2933262,6877.27341,743282966.7207197,0
2025-05-29 00:00:00.000000 UTC,107781.78,108891.91,105322.86,105589.75,19834.70116,2025-05-29 23:59:59.999000 UTC,2128639017.5081613,3774926,9457.49356,1015173771.5489898,0
2025-05-30 00:00:00.000000 UTC,105589.75,106313.12,103621.0,103985.48,23706.49799,2025-05-30 23:59:59.999000 UTC,2493078549.591861,4307572,11070.98746,1164158558.6435854,0
2025-05-31 00:00:00.000000 UTC,103985.47,104900.0,103068.55,104591.88,11289.35922,2025-05-31 23:59:59.999000 UTC,1174000801.507038,2343787,5278.95175,548980630.8493577,0
2025-06-01 00:00:00.000000 UTC,104591.88,105866.91,103752.49,105642.93,9709.70006,2025-06-01 23:59:59.999000 UTC,1016188486.9505996,1939359,4640.3507,485683466.9347843,0
2025-06-02 00:00:00.000000 UTC,105642.93,105935.63,103659.88,105857.99,13453.98813,2025-06-02 23:59:59.999000 UTC,1409004206.9863732,2997656,6494.65497,680177826.6144172,0
2025-06-03 00:00:00.000000 UTC,105858.0,106794.67,104872.5,105376.89,13259.52634,2025-06-03 23:59:59.999000 UTC,1402493746.5993218,2470698,6260.22436,662160926.8241225,0
2025-06-04 00:00:00.000000 UTC,105376.9,106000.0,104179.0,104696.86,14034.89482,2025-06-04 23:59:59.999000 UTC,1476928482.368878,2274464,6979.9491,734803757.4185839,0
2025-06-05 00:00:00.000000 UTC,104696.86,105909.71,100372.26,101508.68,22321.50154,2025-06-05 23:59:59.999000 UTC,2301567892.5305448,3963295,10005.36019,1031668517.0427113,0
2025-06-06 00:00:00.000000 UTC,101508.69,105333.0,101095.8,104288.44,15839.07385,2025-06-06 23:59:59.999000 UTC,1642382404.9355752,2709327,7655.60679,793575821.4357933,0
2025-06-07 00:00:00.000000 UTC,104288.43,105900.0,103871.09,105552.15,8344.93206,2025-06-07 23:59:59.999000 UTC,877915380.954823,1402494,3970.01912,417664199.1912712,0
2025-06-08 00:00:00.000000 UTC,105552.15,106488.14,104964.14,105734.0,8048.06305,2025-06-08 23:59:59.999000 UTC,850887129.4282976,1295154,4361.42266,461098506.088324,0
2025-06-09 00:00:00.000000 UTC,105734.01,110530.17,105318.37,110263.02,19975.37451,2025-06-09 23:59:59.999000 UTC,2154922022.221173,2839846,10623.88217,1146790065.5135615,0
2025-06-10 00:00:00.000000 UTC,110263.02,110400.0,108331.03,110274.39,17071.82839,2025-06-10 23:59:59.999000 UTC,1867620550.1921728,3003420,8009.29581,876411274.3969488,0
2025-06-11 00:00:00.000000 UTC,110274.39,110392.01,108064.0,108645.12,13115.91638,2025-06-11 23:59:59.999000 UTC,1434884639.7506304,2667014,6030.96867,659947218.0033869,0
2025-06-12 00:00:00.000000 UTC,108645.13,108813.55,105671.72,105671.73,17778.67218,2025-06-12 23:59:59.999000 UTC,1908309274.0868344,3517420,8291.22648,890420511.4704415,0
2025-06-13 00:00:00.000000 UTC,105671.74,106179.53,102664.31,106066.59,26180.81734,2025-06-13 23:59:59.999000 UTC,2735461890.6929703,5452577,12793.70705,1337300355.9952192,0
2025-06-14 00:00:00.000000 UTC,106066.59,106252.0,104300.0,105414.64,8798.93969,2025-06-14 23:59:59.999000 UTC,925568614.1784064,1521776,3848.55498,405001275.9262716,0
2025-06-15 00:00:00.000000 UTC,105414.63,106128.57,104494.53,105594.01,7164.20047,2025-06-15 23:59:59.999000 UTC,754596887.8748003,1564768,3356.46912,353608577.6853774,0
2025-06-16 00:00:00.000000 UTC,105594.02,108952.38,104980.37,106794.53,14922.6654,2025-06-16 23:59:59.999000 UTC,1599849840.7325244,2928998,7442.34921,797865030.1366178,0
2025-06-17 00:00:00.000000 UTC,106794.53,107771.34,103371.02,104551.17,17866.33025,2025-06-17 23:59:59.999000 UTC,1883173484.8991,3723010,8082.6529,852365443.211356,0
2025-06-18 00:00:00.000000 UTC,104551.17,105550.27,103500.0,104886.78,13968.64167,2025-06-18 23:59:59.999000 UTC,1461383024.362209,3468170,6656.31474,696386846.6904296,0
2025-06-19 00:00:00.000000 UTC,104886.79,105226.17,103929.27,104658.59,7678.60737,2025-06-19 23:59:59.999000 UTC,803402575.962045,1718045,3583.19736,374871407.4107335,0
2025-06-20 00:00:00.000000 UTC,104658.59,106524.65,102345.0,103297.99,16419.06283,2025-06-20 23:59:59.999000 UTC,1714411911.0114017,3029404,7113.97039,743649283.0800211,0
2025-06-21 00:00:00.000000 UTC,103297.98,103982.64,100837.9,102120.01,11154.21332,2025-06-21 23:59:59.999000 UTC,1144829784.7306418,2172578,4632.93703,475270667.42267615,0
2025-06-22 00:00:00.000000 UTC,102120.02,103399.62,98200.0,100963.87,28746.41072,2025-06-22 23:59:59.999000 UTC,2892695407.808688,5121309,13142.02965,1322387353.31664,0
2025-06-23 00:00:00.000000 UTC,100963.87,106074.2,99613.33,105333.93,27666.50609,2025-06-23 23:59:59.999000 UTC,2836166831.044449,4944207,13408.20163,1375654853.258466,0
2025-06-24 00:00:00.000000 UTC,105333.94,106290.0,104622.02,106083.0,14651.69335,2025-06-24 23:59:59.999000 UTC,1543451113.4563613,2973481,6848.32158,721631005.2893264,0
2025-06-25 00:00:00.000000 UTC,106083.0,108135.3,105808.03,107340.58,16701.15551,2025-06-25 23:59:59.999000 UTC,1789545470.94629,2988892,8576.13709,919352853.806412,0
2025-06-26 00:00:00.000000 UTC,107340.59,108272.45,106562.5,106947.06,10573.27279,2025-06-26 23:59:59.999000 UTC,1136093974.6816013,2597742,4983.08998,535471528.1944927,0
2025-06-27 00:00:00.000000 UTC,106947.06,107735.34,106356.76,107047.59,12232.44042,2025-06-27 23:59:59.999000 UTC,1308420348.9100096,2304499,4862.2801,520251258.3787664,0
2025-06-28 00:00:00.000000 UTC,107047.58,107577.75,106811.51,107296.79,3282.17352,2025-06-28 23:59:59.999000 UTC,352025390.60311353,653305,1514.41959,162441164.0132396,0
2025-06-29 00:00:00.000000 UTC,107296.79,108528.5,107172.52,108356.93,6831.7364,2025-06-29 23:59:59.999000 UTC,736708189.9495683,1223202,3771.10895,406653127.0920804,0
2025-06-30 00:00:00.000000 UTC,108356.93,108789.99,106733.33,107146.5,9754.12491,2025-06-30 23:59:59.999000 UTC,1050407152.345058,1773485,4331.3813,466474537.7882122,0
2025-07-01 00:00:00.000000 UTC,107146.51,107540.0,105250.85,105681.14,10505.62437,2025-07-01 23:59:59.999000 UTC,1117432945.8926363,2013289,4648.91727,494549276.18377846,0
2025-07-02 00:00:00.000000 UTC,105681.13,109730.0,105100.19,108849.6,17691.89592,2025-07-02 23:59:59.999000 UTC,1915699005.8772893,2444708,9248.43029,1002261738.2088752,0
2025-07-03 00:00:00.000000 UTC,108849.59,110529.18,108530.4,109584.78,13047.08225,2025-07-03 23:59:59.999000 UTC,1429459048.638326,2568944,6961.89686,763022147.911677,0
2025-07-04 00:00:00.000000 UTC,109584.77,109767.59,107245.0,107984.24,11793.86615,2025-07-04 23:59:59.999000 UTC,1276215111.6683652,1975212,4787.79822,518313226.966756,0
2025-07-05 00:00:00.000000 UTC,107984.25,108420.56,107756.31,108064.0,1138.7132,2025-07-05 23:59:59.999000 UTC,123062936.9472226,222671,591.54556,63937716.0030373,0
2025-07-06 00:00:00.000000 UTC,108198.12,108268.35,108025.97,108036.0,355.20453,2025-07-06 23:59:59.999000 UTC,38421096.9261445,67649,172.83728,18696911.0035705,0
2025-07-07 00:00:00.000000 UTC,109203.85,109476.98,108679.75,109476.98,652.41452,2025-07-07 23:59:59.999000 UTC,71119978.6985499,190546,326.7321,35622738.924324,0
2025-07-08 00:00:00.000000 UTC,108262.94,108525.0,107670.12,107722.34,842.1215,2025-07-08 23:59:59.999000 UTC,91056361.865757,196669,379.9087,41097717.8099863,0
2025-07-09 00:00:00.000000 UTC,108922.99,109136.0,108722.09,108823.61,405.85399,2025-07-09 23:59:59.999000 UTC,44197718.8258217,99875,185.4732,20202592.5836199,0
2025-07-10 00:00:00.000000 UTC,111234.0,111356.0,110880.0,111279.22,934.62174,2025-07-10 23:59:59.999000 UTC,103887726.6382013,150405,493.17456,54826860.5883018,0
2025-07-11 00:00:00.000000 UTC,116010.01,116098.8,115222.22,115789.71,2053.39834,2025-07-11 23:59:59.999000 UTC,237739246.7976014,335854,854.98421,98978960.4625591,0
2025-07-12 00:00:00.000000 UTC,117527.66,117743.19,117141.13,117646.37,790.084,2025-07-12 23:59:59.999000 UTC,92832651.9385638,137057,366.58946,43077714.0907906,0
2025-07-13 00:00:00.000000 UTC,117420.0,117640.61,117224.79,117420.29,444.14008,2025-07-13 23:59:59.999000 UTC,52151833.3030269,112302,216.29329,25394869.4901487,0
2025-07-14 00:00:00.000000 UTC,119086.65,119470.54,118905.18,119177.83,978.39593,2025-07-14 23:59:59.999000 UTC,116567854.9397984,234931,515.78039,61454983.5316547,0
2025-07-15 00:00:00.000000 UTC,119841.17,119940.83,117900.0,117989.89,3161.0031,2025-07-15 23:59:59.999000 UTC,375877955.5733272,438492,1266.14539,150667922.042648,0
2025-07-16 00:00:00.000000 UTC,117758.08,118195.0,117420.53,117519.27,1201.47103,2025-07-16 23:59:59.999000 UTC,141505065.3010329,180632,666.28942,78477057.4745193,0
2025-07-17 00:00:00.000000 UTC,118630.44,119158.28,117683.53,118299.21,1336.75369,2025-07-17 23:59:59.999000 UTC,158273763.1406812,239133,618.21784,73199065.0425552,0
2025-07-18 00:00:00.000000 UTC,119177.56,120785.49,119020.48,120138.99,1804.48656,2025-07-18 23:59:59.999000 UTC,216592602.2629568,319176,912.78192,109562600.0786086,0
2025-07-19 00:00:00.000000 UTC,117924.84,118109.95,117613.35,118000.7,646.96159,2025-07-19 23:59:59.999000 UTC,76289494.8787462,126167,280.71414,33105136.1486805,0
2025-07-20 00:00:00.000000 UTC,117840.01,118131.2,117650.0,117884.29,563.92621,2025-07-20 23:59:59.999000 UTC,66494390.8678503,117486,286.80918,33817053.0064945,0
2025-07-21 00:00:00.000000 UTC,117265.11,117991.59,116515.0,117884.28,1716.16569,2025-07-21 23:59:59.999000 UTC,201111941.9199314,311595,787.09527,92245099.6384027,0
2025-07-22 00:00:00.000000 UTC,117380.36,117950.0,116128.0,117453.46,2436.39879,2025-07-22 23:59:59.999000 UTC,285394534.89888555,310526,1112.12098,130290861.3969653,0
2025-07-23 00:00:00.000000 UTC,119954.43,120090.0,119119.86,119308.0,1062.0363,2025-07-23 23:59:59.999000 UTC,126961031.6121708,170133,459.02065,54868198.5343248,0
2025-07-24 00:00:00.000000 UTC,118756.0,119138.57,118571.17,118944.89,1010.40115,2025-07-24 23:59:59.999000 UTC,120184781.476241,147216,540.26375,64258064.8637129,0
2025-07-25 00:00:00.000000 UTC,118340.98,118451.57,117099.99,117100.0,4295.59166,2025-07-25 23:59:59.999000 UTC,504816132.49467033,280497,1613.99439,189752441.5533014,0
2025-07-26 00:00:00.000000 UTC,117614.31,117614.32,117138.38,117266.98,692.15335,2025-07-26 23:59:59.999000 UTC,81270733.6848034,96071,207.07643,24315108.8336502,0
2025-07-27 00:00:00.000000 UTC,117919.99,118260.0,117825.5,118150.38,573.1169,2025-07-27 23:59:59.999000 UTC,67667006.8306751,74938,331.93433,39194491.8554304,0
2025-07-28 00:00:00.000000 UTC,119415.56,119690.32,118960.5,119494.04,1129.1822,2025-07-28 23:59:59.999000 UTC,134712628.2242518,186877,499.67173,59619273.4525446,0
2025-07-29 00:00:00.000000 UTC,118062.32,118450.0,117450.0,117919.49,1186.14424,2025-07-29 23:59:59.999000 UTC,139861870.9864021,204556,529.16108,62396221.4656565,0
2025-07-30 00:00:00.000000 UTC,117950.75,118119.0,117412.53,118021.87,610.01661,2025-07-30 23:59:59.999000 UTC,71850694.1966201,131541,264.35197,31141102.0255537,0
2025-07-31 00:00:00.000000 UTC,117840.29,118542.39,117781.87,118172.36,1420.41816,2025-07-31 23:59:59.999000 UTC,167972620.0915766,155061,694.32558,82108331.7106402,0
2025-08-01 00:00:00.000000 UTC,115764.07,115933.0,114313.13,115760.31,4615.46977,2025-08-01 23:59:59.999000 UTC,531592887.1052738,545259,2152.29817,247986978.5219624,0
2025-08-02 00:00:00.000000 UTC,113297.92,113909.3,113198.63,113751.5,941.81216,2025-08-02 23:59:59.999000 UTC,106961254.2142227,238629,473.74844,53799402.0242566,0
2025-08-03 00:00:00.000000 UTC,112546.35,113425.01,111920.0,113368.0,1650.61092,2025-08-03 23:59:59.999000 UTC,186182882.2708937,355246,705.71974,79679235.3970154,0
2025-08-04 00:00:00.000000 UTC,114208.81,115000.0,114107.6,114811.96,1159.02884,2025-08-04 23:59:59.999000 UTC,132804839.4672944,234933,582.61955,66767740.3662174,0
2025-08-05 00:00:00.000000 UTC,115055.03,115127.81,114651.56,114664.83,768.15187,2025-08-05 23:59:59.999000 UTC,88259803.3756272,183160,391.33301,44972609.3479804,0
2025-08-06 00:00:00.000000 UTC,114129.75,114139.38,113491.76,113679.97,683.68204,2025-08-06 23:59:59.999000 UTC,77815038.8893424,192310,274.63948,31259416.1752114,0
2025-08-07 00:00:00.000000 UTC,114992.27,115185.58,114580.53,114769.7,808.03504,2025-08-07 23:59:59.999000 UTC,92798995.8825541,124082,386.32484,44373268.5946964,0
2025-08-08 00:00:00.000000 UTC,117472.02,117630.0,116770.05,116788.74,1591.1612,2025-08-08 23:59:59.999000 UTC,186329336.5624944,392897,674.3971,78978770.3791485,0
2025-08-09 00:00:00.000000 UTC,116674.74,116750.0,116506.38,116506.38,357.1299,2025-08-09 23:59:59.999000 UTC,41649150.450692,74662,161.78732,18867932.0478022,0
2025-08-10 00:00:00.000000 UTC,116462.25,116776.59,116460.63,116734.75,720.94878,2025-08-10 23:59:59.999000 UTC,84097769.0414652,106113,384.91858,44903028.3009081,0
2025-08-11 00:00:00.000000 UTC,119294.27,121669.35,118972.59,121459.83,4748.52547,2025-08-11 23:59:59.999000 UTC,570915433.1967117,632457,2840.0002,341435356.6051305,0
2025-08-12 00:00:00.000000 UTC,118686.0,119108.06,118593.39,118968.74,1063.91339,2025-08-12 23:59:59.999000 UTC,126485424.1864573,181070,597.87365,71077386.1973464,0
2025-08-13 00:00:00.000000 UTC,120134.09,120192.1,119268.03,119274.59,1160.78178,2025-08-13 23:59:59.999000 UTC,138925756.2182181,205504,444.70119,53219714.2405955,0
2025-08-14 00:00:00.000000 UTC,123306.44,124474.0,123251.9,123568.65,2428.356036,2025-08-14 23:59:59.999000 UTC,300609701.3672803,446384,1170.071366,144848426.4784767,0
2025-08-15 00:00:00.000000 UTC,118295.09,118754.33,118032.32,118749.03,926.15367,2025-08-15 23:59:59.999000 UTC,109643805.1961402,256063,468.63016,55490753.585581,0
2025-08-16 00:00:00.000000 UTC,117342.04,117898.99,117231.14,117666.79,936.15112,2025-08-16 23:59:59.999000 UTC,110091544.0139022,157379,479.06914,56335656.8345001,0
2025-08-17 00:00:00.000000 UTC,117380.66,117499.0,117172.21,117407.92,434.95514,2025-08-17 23:59:59.999000 UTC,51038421.1260915,117774,183.26249,21502543.997803,0
2025-08-18 00:00:00.000000 UTC,117405.01,117543.75,115780.0,115802.33,3537.96982,2025-08-18 23:59:59.999000 UTC,412466694.53447616,597878,1444.56641,168443402.04558,0
2025-08-19 00:00:00.000000 UTC,116227.05,116725.69,115516.82,115760.0,1063.91272,2025-08-19 23:59:59.999000 UTC,123502436.4993117,321371,415.60142,48264613.6856197,0
2025-08-20 00:00:00.000000 UTC,112872.95,113413.23,112566.01,112962.01,1514.7512,2025-08-20 23:59:59.999000 UTC,171183640.0468091,336027,678.20317,76657020.4006446,0
2025-08-21 00:00:00.000000 UTC,114271.23,114691.26,113954.13,114665.14,843.77276,2025-08-21 23:59:59.999000 UTC,96412902.2520123,185568,457.44414,52276049.9919218,0
2025-08-22 00:00:00.000000 UTC,112500.0,112924.37,112335.6,112840.09,599.22209,2025-08-22 23:59:59.999000 UTC,67539037.6741907,173824,363.78812,41005884.3084742,0
2025-08-23 00:00:00.000000 UTC,116936.0,117030.0,116300.0,116425.33,882.64315,2025-08-23 23:59:59.999000 UTC,102991799.1513153,209484,370.54827,43258927.2812088,0
2025-08-24 00:00:00.000000 UTC,115438.06,115666.68,115196.0,115601.93,1193.35718,2025-08-24 23:59:59.999000 UTC,137713737.484891,129125,665.36072,76774531.8968732,0
2025-08-25 00:00:00.000000 UTC,113493.59,113516.16,112159.0,113199.99,1458.78883,2025-08-25 23:59:59.999000 UTC,164653935.3346312,406224,697.64196,78729947.8554409,0
2025-08-26 00:00:00.000000 UTC,110111.98,110111.98,108666.66,109856.01,3231.35418,2025-08-26 23:59:59.999000 UTC,353591683.6719194,792879,1526.40661,167056128.685648,0
2025-08-27 00:00:00.000000 UTC,111763.22,111825.16,111092.8,111295.21,1064.99284,2025-08-27 23:59:59.999000 UTC,118709342.2445118,184389,432.30586,48194847.1578588,0
2025-08-28 00:00:00.000000 UTC,111262.01,111714.28,110862.42,111652.47,651.68518,2025-08-28 23:59:59.999000 UTC,72550991.7165284,218066,328.71097,36603173.547283,0
2025-08-29 00:00:00.000000 UTC,112566.9,112638.64,111425.28,111472.82,1147.71097,2025-08-29 23:59:59.999000 UTC,128492271.5015296,239121,509.8541,57083316.5349793,0
2025-08-30 00:00:00.000000 UTC,108377.4,108410.73,107912.97,107912.97,1016.98258,2025-08-30 23:59:59.999000 UTC,110054315.1853576,139350,399.69429,43258608.9546078,0
2025-08-31 00:00:00.000000 UTC,108816.33,109480.02,108801.35,109439.43,1232.26953,2025-08-31 23:59:59.999000 UTC,134519630.5286757,182138,616.10111,67280867.3054139,0
2025-09-01 00:00:00.000000 UTC,108246.36,108482.98,107631.68,107949.22,1699.00605,2025-09-01 23:59:59.999000 UTC,183582831.1043473,414557,741.26675,80088215.2031154,0
2025-09-02 00:00:00.000000 UTC,109237.43,109611.11,108883.8,109326.01,1165.52175,2025-09-02 23:59:59.999000 UTC,127290578.73825,160382,613.50794,67022488.8820723,0
2025-09-03 00:00:00.000000 UTC,111240.01,111782.21,110901.06,110961.93,1370.592,2025-09-03 23:59:59.999000 UTC,152656669.9705489,191552,648.14006,72219961.5547394,0
2025-09-04 00:00:00.000000 UTC,111705.72,112180.0,111619.86,111844.46,571.01906,2025-09-04 23:59:59.999000 UTC,63888355.6712166,132987,276.91247,30986437.2977649,0
2025-09-05 00:00:00.000000 UTC,110730.87,111169.98,110435.75,111053.72,809.90979,2025-09-05 23:59:59.999000 UTC,89682512.9220281,174697,442.55769,49005106.5488023,0
2025-09-06 00:00:00.000000 UTC,110660.0,111307.7,109977.0,110187.97,5000.29897,2025-09-06 23:59:59.999000 UTC,552785936.5434699,795201,2308.83297,255237426.946011,0
2025-09-07 00:00:00.000000 UTC,110187.98,111600.0,110180.0,111137.34,5681.29944,2025-09-07 23:59:59.999000 UTC,630447950.1588689,874961,2570.85199,285303923.5404623,0
2025-09-08 00:00:00.000000 UTC,111137.35,112924.37,110621.78,112065.23,11582.40211,2025-09-08 23:59:59.999000 UTC,1295903862.4649603,1744598,5531.65969,618773275.3576307,0
2025-09-09 00:00:00.000000 UTC,112065.23,113293.29,110766.66,111546.39,15379.28248,2025-09-09 23:59:59.999000 UTC,1721465997.906366,2143242,7597.38038,849973176.1775683,0
2025-09-10 00:00:00.000000 UTC,111546.38,114313.13,110917.45,113960.0,17517.41823,2025-09-10 23:59:59.999000 UTC,1978834750.2223115,2182534,8274.63998,934646697.4823323,0
2025-09-11 00:00:00.000000 UTC,113960.0,115488.09,113430.0,115482.69,13676.73119,2025-09-11 23:59:59.999000 UTC,1562241144.956541,2166359,6744.29993,770595422.6905212,0
2025-09-12 00:00:00.000000 UTC,115482.69,116665.63,114740.99,116029.42,15324.10719,2025-09-12 23:59:59.999000 UTC,1772122269.5018637,2481491,7995.57276,924775389.8569396,0
2025-09-13 00:00:00.000000 UTC,116029.41,116298.78,115127.27,115918.29,8269.40394,2025-09-13 23:59:59.999000 UTC,957724220.6497612,1223635,3590.09359,415773029.4393527,0
2025-09-14 00:00:00.000000 UTC,115918.29,116165.19,115135.0,115268.01,6707.60197,2025-09-14 23:59:59.999000 UTC,775762364.9685991,1237218,3406.90777,393977059.3035421,0
2025-09-15 00:00:00.000000 UTC,115268.01,116757.99,114384.0,115349.71,13212.51149,2025-09-15 23:59:59.999000 UTC,1522648235.2235153,2857989,6621.3636,763138585.685025,0
2025-09-16 00:00:00.000000 UTC,115349.71,116964.27,114737.11,116788.96,10926.9094,2025-09-16 23:59:59.999000 UTC,1265779287.5169268,2047058,5292.18365,613182568.9919184,0
2025-09-17 00:00:00.000000 UTC,116788.96,117286.73,114720.81,116447.59,16754.2454,2025-09-17 23:59:59.999000 UTC,1946083704.6217456,3227418,7975.0019,926282110.833079,0
2025-09-18 00:00:00.000000 UTC,116447.6,117900.0,116092.76,117073.53,11657.23365,2025-09-18 23:59:59.999000 UTC,1367513347.486509,2252654,5717.34538,670700552.9347277,0
2025-09-19 00:00:00.000000 UTC,117073.53,117459.99,115100.0,115632.38,8992.09065,2025-09-19 23:59:59.999000 UTC,1045792401.4532388,1732471,4020.81483,467345983.0786799,0
2025-09-20 00:00:00.000000 UTC,115632.39,116121.81,115408.47,115685.63,4674.92752,2025-09-20 23:59:59.999000 UTC,541264273.2416894,740451,2276.16483,263511469.8432588,0
2025-09-21 00:00:00.000000 UTC,115685.63,115819.06,115188.0,115232.29,4511.52219,2025-09-21 23:59:59.999000 UTC,521299751.1504096,945965,2016.72489,233031538.74699312,0
2025-09-22 00:00:00.000000 UTC,115232.29,115379.25,111800.0,112650.99,20781.71356,2025-09-22 23:59:59.999000 UTC,2348872511.6988754,3045876,9312.35777,1052684266.8981876,0
2025-09-23 00:00:00.000000 UTC,112650.99,113290.5,111458.73,111998.8,12301.3203,2025-09-23 23:59:59.999000 UTC,1383869800.273703,2455729,5543.3609,623665658.7200328,0
2025-09-24 00:00:00.000000 UTC,111998.8,113940.0,111042.66,113307.0,12369.25967,2025-09-24 23:59:59.999000 UTC,1394470628.502582,2229837,6100.69487,687826281.220477,0
2025-09-25 00:00:00.000000 UTC,113307.01,113510.23,108631.51,108994.49,21231.14957,2025-09-25 23:59:59.999000 UTC,2356639689.9252143,4409953,9511.07937,1055527535.7684448,0
2025-09-26 00:00:00.000000 UTC,108994.49,110300.0,108620.07,109643.46,14243.01591,2025-09-26 23:59:59.999000 UTC,1557098915.9392595,3257155,6978.29033,762955442.7524,0
2025-09-27 00:00:00.000000 UTC,109643.46,109743.91,109064.4,109635.85,5501.78643,2025-09-27 23:59:59.999000 UTC,601947588.9970765,919594,2523.25886,276080500.9941954,0
2025-09-28 00:00:00.000000 UTC,109635.85,112350.0,109189.99,112163.95,7542.3316,2025-09-28 23:59:59.999000 UTC,832254944.3203354,1484866,3781.87606,417495757.16935,0
2025-09-29 00:00:00.000000 UTC,112163.96,114400.0,111560.65,114311.96,15541.12005,2025-09-29 23:59:59.999000 UTC,1755247635.871136,2442653,7836.68768,884934987.568753,0
2025-09-30 00:00:00.000000 UTC,114311.97,114792.0,112656.27,113065.08,10666.07961,2025-09-30 23:59:59.999000 UTC,1211972184.0972855,2168956,4964.74444,563963936.7191108,0
2025-10-01 00:00:00.000000 UTC,114048.94,114429.76,113966.67,114289.52,669.29496,2025-10-01 23:59:59.999000 UTC,76426478.3600019,137437,318.34318,36352178.7405664,0
2025-10-02 00:00:00.000000 UTC,118594.99,119456.92,118368.05,118592.06,2320.02994,2025-10-02 23:59:59.999000 UTC,275928784.362967,369183,1204.63763,143281576.8311235,0
2025-10-03 00:00:00.000000 UTC,120529.35,120550.9,120078.75,120221.91,856.49101,2025-10-03 23:59:59.999000 UTC,103030075.6230259,139171,262.15702,31527252.6046746,0
2025-10-04 00:00:00.000000 UTC,122232.21,122295.56,121982.23,122091.01,475.64697,2025-10-04 23:59:59.999000 UTC,58091662.2609345,116271,213.8186,26114081.9512353,0
2025-10-05 00:00:00.000000 UTC,122390.99,122410.0,122157.7,122244.41,261.13591,2025-10-05 23:59:59.999000 UTC,31927898.4554852,52378,114.73755,14028651.828798,0
2025-10-06 00:00:00.000000 UTC,123482.32,124358.46,123084.0,123584.95,1474.47086,2025-10-06 23:59:59.999000 UTC,182297374.11923087,382277,761.57611,94176008.2724367,0
2025-10-07 00:00:00.000000 UTC,124658.54,125082.27,124600.0,125046.94,535.4452,2025-10-07 23:59:59.999000 UTC,66830441.5292183,135654,308.91524,38567385.4317812,0
2025-10-08 00:00:00.000000 UTC,121332.96,122089.68,121276.0,121832.92,790.37194,2025-10-08 23:59:59.999000 UTC,96216092.2623001,270056,421.40156,51301648.1746456,0
2025-10-09 00:00:00.000000 UTC,123306.01,123348.32,122583.0,122700.8,528.48578,2025-10-09 23:59:59.999000 UTC,64981981.7264521,131044,188.80364,23210573.5008077,0
2025-10-10 00:00:00.000000 UTC,121662.41,121874.13,121595.75,121786.26,357.09667,2025-10-10 23:59:59.999000 UTC,43470604.6231244,118942,197.07259,23990147.45071,0
2025-10-11 00:00:00.000000 UTC,112774.49,113178.66,111620.3,112143.65,4004.34367,2025-10-11 23:59:59.999000 UTC,450080127.9899338,605882,1850.16133,207997238.9744974,0
2025-10-12 00:00:00.000000 UTC,110644.4,110685.63,109565.06,110039.84,1449.71411,2025-10-12 23:59:59.999000 UTC,159565061.1842181,334156,618.82561,68105451.1064983,0
2025-10-13 00:00:00.000000 UTC,114958.81,115888.0,114766.69,115283.65,1831.14783,2025-10-13 23:59:59.999000 UTC,210997649.1162828,516920,1101.86745,126950202.0261897,0
2025-10-14 00:00:00.000000 UTC,115166.0,115409.96,114542.0,114711.0,1023.79943,2025-10-14 23:59:59.999000 UTC,117773966.2504316,277364,311.71266,35855821.6168924,0
2025-10-15 00:00:00.000000 UTC,113028.13,113112.41,112384.32,112726.98,1477.97662,2025-10-15 23:59:59.999000 UTC,166729651.2051487,316764,480.5479,54204466.3652446,0
2025-10-16 00:00:00.000000 UTC,110763.28,111109.65,110361.0,111005.02,1023.51951,2025-10-16 23:59:59.999000 UTC,113245611.5189193,285677,344.00938,38070105.9922371,0
2025-10-17 00:00:00.000000 UTC,108194.27,109115.08,107934.4,108980.44,890.83243,2025-10-17 23:59:59.999000 UTC,96708539.4745794,261865,499.77804,54283277.3079772,0
2025-10-18 00:00:00.000000 UTC,106431.68,106980.72,106322.2,106951.59,575.43807,2025-10-18 23:59:59.999000 UTC,61384320.5111954,155740,294.54346,31418675.1445938,0
2025-10-19 00:00:00.000000 UTC,107185.0,107267.2,106734.17,106939.99,493.36618,2025-10-19 23:59:59.999000 UTC,52789366.3881904,148231,254.31408,27217343.1257373,0
2025-10-20 00:00:00.000000 UTC,108642.77,108642.77,107402.52,108016.9,1452.56796,2025-10-20 23:59:59.999000 UTC,156836409.398519,348358,626.04046,67587463.6251227,0
2025-10-21 00:00:00.000000 UTC,110532.09,110532.09,110128.07,110152.11,549.02436,2025-10-21 23:59:59.999000 UTC,60591245.3279051,181591,206.86498,22831012.5053859,0
2025-10-22 00:00:00.000000 UTC,108297.66,108643.61,107841.2,108051.58,2182.45282,2025-10-22 23:59:59.999000 UTC,236108208.9981849,380992,955.72257,103425363.5713935,0
2025-10-23 00:00:00.000000 UTC,107567.45,108443.09,107500.0,108315.03,696.23445,2025-10-23 23:59:59.999000 UTC,75121085.5010741,164171,402.02325,43384025.7996891,0
2025-10-24 00:00:00.000000 UTC,110078.19,110709.22,109983.93,110550.48,611.12551,2025-10-24 23:59:59.999000 UTC,67448912.1301983,171089,357.24312,39431220.5292834,0
2025-10-25 00:00:00.000000 UTC,111004.9,111044.86,110672.86,110876.15,256.03075,2025-10-25 23:59:59.999000 UTC,28377416.3872772,71062,99.56531,11034600.360667,0
2025-10-26 00:00:00.000000 UTC,111646.27,111899.56,111544.15,111730.75,460.35098,2025-10-26 23:59:59.999000 UTC,51438955.5193398,104702,238.15471,26611675.4169715,0
2025-10-27 00:00:00.000000 UTC,114559.41,115176.47,114362.26,115028.72,1410.72946,2025-10-27 23:59:59.999000 UTC,162017764.9822193,240936,746.3434,85716333.0083242,0
2025-10-28 00:00:00.000000 UTC,114107.65,114374.2,113788.32,114246.57,663.17207,2025-10-28 23:59:59.999000 UTC,75635953.2646145,183913,329.10162,37537948.5175213,0
2025-10-29 00:00:00.000000 UTC,112898.44,112898.45,112254.2,112321.57,714.32724,2025-10-29 23:59:59.999000 UTC,80426018.2003689,180159,309.77006,34876149.1292067,0
2025-10-30 00:00:00.000000 UTC,110021.3,110611.74,109703.43,110556.01,810.56277,2025-10-30 23:59:59.999000 UTC,89378301.334721,263274,448.35793,49453988.1698744,0
2025-10-31 00:00:00.000000 UTC,108322.87,110042.16,108275.28,109769.71,1700.77186,2025-10-31 23:59:59.999000 UTC,185640383.9198842,360148,979.29387,106864837.4840158,0
2025-11-01 00:00:00.000000 UTC,109608.01,109877.0,109394.81,109732.33,382.42752,2025-11-01 23:59:59.999000 UTC,41910177.9727167,120504,151.75296,16632414.3471474,0
2025-11-02 00:00:00.000000 UTC,110098.1,110127.26,109895.27,110008.49,376.66144,2025-11-02 23:59:59.999000 UTC,41437658.547021,104623,179.47771,19745433.5229091,0
2025-11-03 00:00:00.000000 UTC,110540.69,110750.0,109484.0,109807.89,723.95165,2025-11-03 23:59:59.999000 UTC,79683449.7279494,239688,318.94076,35091524.8188295,0
2025-11-04 00:00:00.000000 UTC,106583.05,106808.51,105852.37,106590.18,1421.11788,2025-11-04 23:59:59.999000 UTC,151179215.1716718,415418,645.13186,68628242.4844575,0
2025-11-05 00:00:00.000000 UTC,101497.23,101752.96,99867.01,99887.41,1998.37627,2025-11-05 23:59:59.999000 UTC,201273877.1806563,446212,900.33821,90737917.7556111,0
2025-11-06 00:00:00.000000 UTC,103885.16,103897.86,103029.2,103073.39,1546.75954,2025-11-06 23:59:59.999000 UTC,160064611.0386748,258596,678.06277,70190842.5062695,0
2025-11-07 00:00:00.000000 UTC,101346.04,101894.83,100749.94,101792.38,1305.82934,2025-11-07 23:59:59.999000 UTC,132346728.9738085,399695,662.74451,67191189.2452475,0
2025-11-08 00:00:00.000000 UTC,103339.09,103406.22,102539.49,102987.19,1056.24357,2025-11-08 23:59:59.999000 UTC,108796326.1302012,261099,461.85758,47563481.9232833,0
2025-11-09 00:00:00.000000 UTC,102312.95,102337.89,101620.23,101937.71,770.69136,2025-11-09 23:59:59.999000 UTC,78572076.2289613,203459,280.76619,28619415.2010365,0
2025-11-10 00:00:00.000000 UTC,104722.95,106670.11,104265.02,106291.42,3314.54976,2025-11-10 23:59:59.999000 UTC,350745906.7270853,522985,2036.56979,215534206.5087118,0
2025-11-11 00:00:00.000000 UTC,106011.13,106900.0,105500.0,106899.99,931.1983,2025-11-11 23:59:59.999000 UTC,98766412.5881714,294503,515.15403,54675866.1726692,0
2025-11-12 00:00:00.000000 UTC,103059.0,103340.59,102687.72,103250.73,833.68268,2025-11-12 23:59:59.999000 UTC,85897936.8553486,302628,474.63809,48908090.9672511,0
2025-11-13 00:00:00.000000 UTC,101654.37,102604.0,101467.15,102200.28,1033.70732,2025-11-13 23:59:59.999000 UTC,105511425.1904881,272628,667.95734,68221042.5122691,0
2025-11-14 00:00:00.000000 UTC,99692.03,99778.0,98700.0,98834.01,2766.97648,2025-11-14 23:59:59.999000 UTC,274195342.6787424,691504,1067.98364,105877168.7379927,0
2025-11-15 00:00:00.000000 UTC,94594.0,95414.0,94558.49,95127.0,1246.21901,2025-11-15 23:59:59.999000 UTC,118463615.6357076,394178,659.27367,62676959.3109604,0
2025-11-16 00:00:00.000000 UTC,95596.23,95704.81,95040.71,95373.46,473.429,2025-11-16 23:59:59.999000 UTC,45139480.4250372,235580,203.64394,19415475.8727023,0
2025-11-17 00:00:00.000000 UTC,94261.45,95487.8,93767.27,95018.68,2063.57291,2025-11-17 23:59:59.999000 UTC,195427737.3967083,526254,1078.40913,102155115.7999635,0
2025-11-18 00:00:00.000000 UTC,92215.14,92357.51,91200.0,92093.99,2411.57934,2025-11-18 23:59:59.999000 UTC,221752420.84659,615897,1196.16025,110021083.6721842,0
2025-11-19 00:00:00.000000 UTC,92960.83,92980.22,91929.86,91965.44,1321.20284,2025-11-19 23:59:59.999000 UTC,121960240.7671115,324584,520.59862,48065964.4433725,0
2025-11-20 00:00:00.000000 UTC,91554.96,92335.0,91185.26,92213.11,1326.29218,2025-11-20 23:59:59.999000 UTC,121930792.1466003,295557,707.34421,65055957.100079,0
2025-11-21 00:00:00.000000 UTC,86637.22,87498.94,86592.0,87166.96,1063.84212,2025-11-21 23:59:59.999000 UTC,92761104.2006641,443071,508.27244,44310962.6474037,0
2025-11-22 00:00:00.000000 UTC,85129.42,85620.0,84571.13,84681.63,1151.88026,2025-11-22 23:59:59.999000 UTC,97943475.4674641,364445,513.36652,43682189.1876956,0
2025-11-23 00:00:00.000000 UTC,84739.75,85609.75,84667.57,85455.47,1238.39537,2025-11-23 23:59:59.999000 UTC,105483330.2481127,307733,679.88243,57906205.2026153,0
2025-11-24 00:00:00.000000 UTC,86830.0,87211.33,85946.65,86650.89,1672.2035,2025-11-24 23:59:59.999000 UTC,144725858.9845962,483358,766.51108,66350763.4617155,0
2025-11-25 00:00:00.000000 UTC,88300.01,88300.01,87864.63,88154.99,934.31162,2025-11-25 23:59:59.999000 UTC,82287742.985819,247270,449.85838,39623681.8974968,0
2025-11-26 00:00:00.000000 UTC,87369.97,87770.0,87338.05,87534.38,585.06542,2025-11-26 23:59:59.999000 UTC,51224628.4445591,222267,303.26441,26553200.3876873,0
2025-11-27 00:00:00.000000 UTC,90484.01,90931.0,90089.91,90653.52,1263.17063,2025-11-27 23:59:59.999000 UTC,114243899.9190415,247793,728.2265,65861948.2176657,0
2025-11-28 00:00:00.000000 UTC,91333.94,91417.99,90876.92,90884.82,522.90153,2025-11-28 23:59:59.999000 UTC,47676193.2115768,158419,184.01266,16779433.4861217,0
2025-11-29 00:00:00.000000 UTC,90890.71,91043.99,90768.13,91042.63,233.52953,2025-11-29 23:59:59.999000 UTC,21226277.9260539,101715,102.56317,9323200.2035439,0
2025-11-30 00:00:00.000000 UTC,90802.44,91055.5,90765.12,90929.44,268.7211,2025-11-30 23:59:59.999000 UTC,24433612.3841411,93493,178.24624,16207997.1905067,0
2025-12-01 00:00:00.000000 UTC,90360.01,90417.0,86941.4,87305.65,5720.84016,2025-12-01 23:59:59.999000 UTC,504897200.8846144,967244,2512.74793,221531027.95873928,0
2025-12-02 00:00:00.000000 UTC,86286.01,87350.0,86184.39,86707.08,1763.1135,2025-12-02 23:59:59.999000 UTC,152826570.6037416,401394,825.14525,71558387.7805825,0
2025-12-03 00:00:00.000000 UTC,91277.88,91890.0,90990.23,91768.39,1715.08516,2025-12-03 23:59:59.999000 UTC,156779907.3727611,313252,974.53345,89146480.2466184,0
2025-12-04 00:00:00.000000 UTC,93429.95,93750.73,92669.82,93397.1,1591.34643,2025-12-04 23:59:59.999000 UTC,148257093.5910317,413549,587.4213,54747545.0774827,0
2025-12-05 00:00:00.000000 UTC,92078.06,92500.0,92058.82,92449.92,383.08496,2025-12-05 23:59:59.999000 UTC,35361146.5927398,198293,168.2842,15532423.6501173,0
2025-12-06 00:00:00.000000 UTC,89330.04,89466.34,89030.67,89382.0,331.31777,2025-12-06 23:59:59.999000 UTC,29572708.6717403,125516,142.57678,12729136.7967405,0
2025-12-07 00:00:00.000000 UTC,89236.8,89588.23,89176.52,89459.22,312.5877,2025-12-07 23:59:59.999000 UTC,27949983.7670116,152807,198.72772,17768906.1284631,0
2025-12-08 00:00:00.000000 UTC,90395.32,90783.88,89860.0,90762.3,665.87544,2025-12-08 23:59:59.999000 UTC,60183435.7658739,309380,368.06156,33284870.7879121,0
2025-12-09 00:00:00.000000 UTC,90634.35,90846.26,90233.04,90544.55,486.25364,2025-12-09 23:59:59.999000 UTC,44023832.4934508,203443,252.47534,22854725.5023321,0
2025-12-10 00:00:00.000000 UTC,92678.81,92786.35,92061.0,92375.89,781.68104,2025-12-10 23:59:59.999000 UTC,72200238.2093587,238039,373.30315,34489955.3818807,0
2025-12-11 00:00:00.000000 UTC,92015.38,92080.32,90700.0,90850.0,1263.45754,2025-12-11 23:59:59.999000 UTC,115439315.693247,403976,515.69287,47128437.0829427,0
2025-12-12 00:00:00.000000 UTC,92513.38,92651.93,91448.31,92016.99,1055.83174,2025-12-12 23:59:59.999000 UTC,97169467.5336771,320454,466.33793,42896567.779809,0
2025-12-13 00:00:00.000000 UTC,90268.43,90444.28,90207.2,90323.0,211.75622,2025-12-13 23:59:59.999000 UTC,19130115.6362641,62667,80.56145,7278372.369118,0
2025-12-14 00:00:00.000000 UTC,90240.0,90472.4,90117.05,90415.9,342.89951,2025-12-14 23:59:59.999000 UTC,30969635.9988194,107322,185.62876,16766687.4311435,0
2025-12-15 00:00:00.000000 UTC,88172.16,88757.38,88074.37,88752.91,916.93354,2025-12-15 23:59:59.999000 UTC,81094175.2990117,368499,482.14412,42655368.7171961,0
2025-12-16 00:00:00.000000 UTC,86432.08,86535.22,85718.1,85987.82,718.55064,2025-12-16 23:59:59.999000 UTC,61905862.8904882,271024,322.1554,27770383.2642339,0
2025-12-17 00:00:00.000000 UTC,87863.43,87863.43,87426.06,87744.28,424.75405,2025-12-17 23:59:59.999000 UTC,37201928.4532947,147866,165.02026,14453812.4667735,0
2025-12-18 00:00:00.000000 UTC,86243.23,86313.71,85863.93,85921.72,394.08859,2025-12-18 23:59:59.999000 UTC,33944406.8419151,182318,165.53899,14260150.9302656,0
2025-12-19 00:00:00.000000 UTC,85516.41,85604.88,85295.2,85367.99,429.73431,2025-12-19 23:59:59.999000 UTC,36718042.3971521,216440,190.64792,16291366.8857159,0
2025-12-20 00:00:00.000000 UTC,88136.95,88188.0,87961.6,88114.17,302.46754,2025-12-20 23:59:59.999000 UTC,26644097.0582177,97972,167.85138,14785542.4221687,0
2025-12-21 00:00:00.000000 UTC,88360.91,88433.64,88289.45,88293.72,165.2218,2025-12-21 23:59:59.999000 UTC,14598473.2401658,37555,83.69608,7395181.9209476,0
2025-12-22 00:00:00.000000 UTC,88658.87,89627.24,88516.0,89066.97,1502.18225,2025-12-22 23:59:59.999000 UTC,133774638.0637657,440909,841.88214,74976309.6522847,0
2025-12-23 00:00:00.000000 UTC,88620.79,88940.0,88504.78,88587.53,376.32388,2025-12-23 23:59:59.999000 UTC,33387304.4411785,152888,200.34801,17775291.345598,0
2025-12-24 00:00:00.000000 UTC,87486.0,87839.66,87264.0,87686.45,531.70542,2025-12-24 23:59:59.999000 UTC,46553349.1980278,166688,308.91401,27048850.1921868,0
2025-12-25 00:00:00.000000 UTC,87669.44,87749.0,87508.52,87665.0,209.18888,2025-12-25 23:59:59.999000 UTC,18331667.9950715,97539,94.60837,8290183.004497,0
2025-12-26 00:00:00.000000 UTC,87225.27,87361.54,86891.7,87332.71,670.60804,2025-12-26 23:59:59.999000 UTC,58434060.3296399,213947,347.36223,30268440.8342284,0
2025-12-27 00:00:00.000000 UTC,87369.56,87414.26,87253.05,87343.24,245.29502,2025-12-27 23:59:59.999000 UTC,21427696.9701122,57448,99.93924,8730089.5964847,0
2025-12-28 00:00:00.000000 UTC,87877.0,87961.37,87705.97,87805.51,299.0195,2025-12-28 23:59:59.999000 UTC,26268358.6425031,98347,140.73545,12364538.7779668,0
2025-12-29 00:00:00.000000 UTC,87952.71,88444.19,87813.17,88014.12,740.45293,2025-12-29 23:59:59.999000 UTC,65259438.809104,281770,398.61032,35134168.4701277,0
2025-12-30 00:00:00.000000 UTC,87237.13,87359.4,87105.09,87273.23,318.02196,2025-12-30 23:59:59.999000 UTC,27741084.5201521,119367,145.26861,12672620.1961214,0
2025-12-31 00:00:00.000000 UTC,88485.5,88661.11,88172.15,88637.12,421.99548,2025-12-31 23:59:59.999000 UTC,37303232.2861266,133655,247.53334,21884189.2134701,0
2026-01-01 00:00:00.000000 UTC,87648.21,88050.0,87632.74,87875.23,397.54535,2026-01-01 23:59:59.999000 UTC,34920126.6768887,85165,253.77982,22291086.7530053,0
2026-01-02 00:00:00.000000 UTC,88839.05,88890.09,88594.39,88732.02,543.80914,2026-01-02 23:59:59.999000 UTC,48268112.0373207,149347,254.66497,22605251.2941404,0
2026-01-03 00:00:00.000000 UTC,89995.14,90231.92,89966.48,90186.43,374.10723,2026-01-03 23:59:59.999000 UTC,33703643.7153813,102039,218.6176,19694404.2455399,0
2026-01-04 00:00:00.000000 UTC,90628.01,91610.17,90628.0,91104.0,1934.50547,2026-01-04 23:59:59.999000 UTC,176526767.5241358,399293,1015.43289,92623654.1956877,0
2026-01-05 00:00:00.000000 UTC,91529.74,92986.4,91514.81,92947.65,3027.5973,2026-01-05 23:59:59.999000 UTC,279225411.5189147,461792,1792.17944,165307564.0254983,0
2026-01-06 00:00:00.000000 UTC,93859.71,94042.3,93555.93,93955.99,692.80516,2026-01-06 23:59:59.999000 UTC,64965868.3645125,242350,288.07632,27021734.5651815,0
2026-01-07 00:00:00.000000 UTC,93747.97,93747.97,92330.33,92531.14,1346.98867,2026-01-07 23:59:59.999000 UTC,125285233.3562075,334642,479.68001,44586245.4802031,0
2026-01-08 00:00:00.000000 UTC,91364.16,91529.72,91072.16,91429.1,441.50844,2026-01-08 23:59:59.999000 UTC,40314509.5644527,153668,261.99828,23924326.7806386,0
2026-01-09 00:00:00.000000 UTC,91100.0,91330.0,91058.7,91179.27,275.94622,2026-01-09 23:59:59.999000 UTC,25165401.6204254,109993,153.18538,13971056.1614278,0
2026-01-10 00:00:00.000000 UTC,90641.27,90697.84,90527.99,90641.3,186.04417,2026-01-10 23:59:59.999000 UTC,16858829.7716619,49782,82.52196,7477687.871497,0
2026-01-11 00:00:00.000000 UTC,90504.7,90675.53,90451.1,90580.62,173.37959,2026-01-11 23:59:59.999000 UTC,15706767.1782896,54513,76.8736,6963842.0104523,0
2026-01-12 00:00:00.000000 UTC,91013.66,91799.0,90700.29,91459.11,1359.07543,2026-01-12 23:59:59.999000 UTC,124020473.389896,444149,741.1929,67630421.9463114,0
2026-01-13 00:00:00.000000 UTC,91296.2,91546.08,91249.0,91386.33,452.97734,2026-01-13 23:59:59.999000 UTC,41411494.4496553,125591,217.82173,19914331.1510255,0
2026-01-14 00:00:00.000000 UTC,95413.99,95647.91,95150.0,95501.24,962.32813,2026-01-14 23:59:59.999000 UTC,91804654.0169208,314153,462.83501,44161037.7585493,0
2026-01-15 00:00:00.000000 UTC,96951.78,97000.0,96500.0,96522.26,1022.32629,2026-01-15 23:59:59.999000 UTC,98879742.5181944,184187,521.5856,50453759.6507269,0
2026-01-16 00:00:00.000000 UTC,95604.81,95828.01,95420.75,95548.02,342.77509,2026-01-16 23:59:59.999000 UTC,32779088.2566064,133490,167.46953,16016504.4491051,0
2026-01-17 00:00:00.000000 UTC,95550.94,95578.2,95433.94,95478.14,177.31737,2026-01-17 23:59:59.999000 UTC,16934568.1842469,52973,73.68039,7036572.9268047,0
2026-01-18 00:00:00.000000 UTC,95147.77,95250.0,94876.33,95025.86,342.12338,2026-01-18 23:59:59.999000 UTC,32522631.2183016,106363,114.36535,10873769.3989294,0
2026-01-19 00:00:00.000000 UTC,93673.14,93673.14,91910.2,92571.11,4741.41051,2026-01-19 23:59:59.999000 UTC,439578773.8353621,838558,2300.97319,213306162.482765,0
2026-01-20 00:00:00.000000 UTC,92630.99,92870.0,92370.25,92807.44,429.77081,2026-01-20 23:59:59.999000 UTC,39814866.2750567,221438,220.62057,20443842.0088253,0
2026-01-21 00:00:00.000000 UTC,88427.66,89138.29,88250.0,89003.81,1326.88396,2026-01-21 23:59:59.999000 UTC,117743472.0757458,331529,753.50303,66882710.6970653,0
2026-01-22 00:00:00.000000 UTC,89454.73,90193.52,89454.72,90157.12,581.65775,2026-01-22 23:59:59.999000 UTC,52270571.820051,222224,385.14303,34612123.3262468,0
2026-01-23 00:00:00.000000 UTC,89559.68,89687.9,89450.48,89665.57,327.91478,2026-01-23 23:59:59.999000 UTC,29378822.4244457,119738,156.67235,14035961.5144841,0
2026-01-24 00:00:00.000000 UTC,89600.26,89625.41,89424.39,89573.32,175.17206,2026-01-24 23:59:59.999000 UTC,15678868.1878366,71830,75.42572,6751024.2549675,0
2026-01-25 00:00:00.000000 UTC,89225.34,89319.13,89183.49,89186.78,197.03963,2026-01-25 23:59:59.999000 UTC,17585904.5176543,62172,84.63532,7553986.5639274,0
2026-01-26 00:00:00.000000 UTC,86670.36,87775.0,86509.63,87606.65,1401.65571,2026-01-26 23:59:59.999000 UTC,122080504.5220022,463112,775.25463,67518706.6244115,0
2026-01-27 00:00:00.000000 UTC,88347.08,88457.3,88194.82,88407.92,440.47616,2026-01-27 23:59:59.999000 UTC,38896063.7939056,105675,147.68307,13042393.5891042,0
2026-01-28 00:00:00.000000 UTC,89249.99,89497.96,89154.8,89308.72,420.72243,2026-01-28 23:59:59.999000 UTC,37585300.3691656,135120,201.3246,17984377.6780324,0
2026-01-29 00:00:00.000000 UTC,89300.0,89348.0,88613.09,88845.6,822.13499,2026-01-29 23:59:59.999000 UTC,73145425.4341052,306114,302.35392,26892550.2665823,0
2026-01-30 00:00:00.000000 UTC,84650.16,84735.75,81118.0,82421.77,6331.57957,2026-01-30 23:59:59.999000 UTC,523980062.0272278,777837,2416.03459,199634503.7939948,0
2026-01-31 00:00:00.000000 UTC,84260.5,84270.02,83908.0,84009.99,726.80922,2026-01-31 23:59:59.999000 UTC,61146342.2078559,173323,272.8075,22952415.653373,0
2026-02-01 00:00:00.000000 UTC,78741.1,79424.0,78284.0,78588.75,2910.90641,2026-02-01 23:59:59.999000 UTC,229576195.952892,821441,1361.76218,107474859.9411014,0
2026-02-02 00:00:00.000000 UTC,76968.22,78231.26,76606.39,77653.61,3155.83553,2026-02-02 23:59:59.999000 UTC,244533331.35629272,1199832,1712.19687,132710296.1675994,0
2026-02-03 00:00:00.000000 UTC,78738.6,79186.81,78408.05,78948.15,1872.20642,2026-02-03 23:59:59.999000 UTC,147592443.4407744,478674,887.6152,69977201.7973386,0
2026-02-04 00:00:00.000000 UTC,75770.21,76798.12,75467.22,76596.86,1533.90235,2026-02-04 23:59:59.999000 UTC,116910685.8891535,523349,698.87028,53257485.2948664,0
2026-02-05 00:00:00.000000 UTC,73165.84,73341.18,71995.09,72549.17,2739.73865,2026-02-05 23:59:59.999000 UTC,199405855.46824607,1007895,1367.33239,99523413.2728904,0
2026-02-06 00:00:00.000000 UTC,62909.87,65484.27,60000.0,65244.9,21255.74668,2026-02-06 23:59:59.999000 UTC,1324000945.3431945,2259494,10653.98299,665153764.0731297,0
2026-02-07 00:00:00.000000 UTC,70580.26,70600.0,69718.0,70263.79,2568.17104,2026-02-07 23:59:59.999000 UTC,179936803.0257524,604182,1119.0833,78420556.7164912,0
2026-02-08 00:00:00.000000 UTC,69289.37,69500.0,68888.0,69421.15,1247.66731,2026-02-08 23:59:59.999000 UTC,86337124.4112248,370960,648.28691,44857910.1414832,0
2026-02-09 00:00:00.000000 UTC,70330.38,70926.4,70068.18,70379.73,1984.88943,2026-02-09 23:59:59.999000 UTC,139856311.6635268,656004,1025.84491,72307459.2196787,0
2026-02-10 00:00:00.000000 UTC,70138.0,70527.59,69743.8,70426.0,1148.51137,2026-02-10 23:59:59.999000 UTC,80515369.0097904,313842,555.6614,38971923.6486943,0
2026-02-11 00:00:00.000000 UTC,68841.28,69292.88,68784.47,69159.06,766.23891,2026-02-11 23:59:59.999000 UTC,52922879.2218215,278576,405.9093,28036720.0748315,0
2026-02-12 00:00:00.000000 UTC,67082.52,68047.48,67055.53,67635.0,1096.86327,2026-02-12 23:59:59.999000 UTC,74111648.2450367,408684,525.0049,35470902.4161594,0
2026-02-13 00:00:00.000000 UTC,66272.17,66619.9,65872.46,66394.79,1521.70042,2026-02-13 23:59:59.999000 UTC,100797285.0601057,476584,806.65734,53448700.741978,0
2026-02-14 00:00:00.000000 UTC,68853.97,69137.5,68768.56,69015.03,760.98959,2026-02-14 23:59:59.999000 UTC,52497339.2703638,181665,392.58635,27083694.000817,0
2026-02-15 00:00:00.000000 UTC,69822.94,69902.7,69350.0,69639.0,675.77483,2026-02-15 23:59:59.999000 UTC,47071099.8515257,232118,271.54592,18913723.379502,0
2026-02-16 00:00:00.000000 UTC,68832.59,69065.5,68454.54,68643.13,606.97237,2026-02-16 23:59:59.999000 UTC,41771241.2002971,277871,297.11972,20452656.7233425,0
2026-02-17 00:00:00.000000 UTC,68892.43,69042.74,68704.36,68719.93,810.90182,2026-02-17 23:59:59.999000 UTC,55854434.9399465,322128,432.21484,29771756.2671087,0
2026-02-18 00:00:00.000000 UTC,67503.52,67627.97,66892.03,67093.17,678.76731,2026-02-18 23:59:59.999000 UTC,45615354.2718967,278078,302.70885,20338449.5788058,0
2026-02-19 00:00:00.000000 UTC,66461.0,66833.53,66345.0,66833.53,669.76562,2026-02-19 23:59:59.999000 UTC,44599337.1467382,210575,395.25825,26319947.0330995,0
2026-02-20 00:00:00.000000 UTC,67003.73,67486.62,66949.41,67217.71,857.36634,2026-02-20 23:59:59.999000 UTC,57669947.8385366,282849,473.29872,31837822.3385883,0
2026-02-21 00:00:00.000000 UTC,68020.0,68051.16,67787.19,67999.94,751.87688,2026-02-21 23:59:59.999000 UTC,51054740.7310157,115919,417.75777,28369447.4133324,0
2026-02-22 00:00:00.000000 UTC,67975.93,68171.46,67809.78,68150.01,547.55499,2026-02-22 23:59:59.999000 UTC,37227928.4261264,135528,296.68803,20172810.6091034,0
2026-02-23 00:00:00.000000 UTC,67643.39,67684.86,64290.71,64437.48,7705.59217,2026-02-23 23:59:59.999000 UTC,504573783.6957452,1432581,3833.34753,251053618.0762112,0
2026-02-24 00:00:00.000000 UTC,64656.01,65026.75,63433.84,64318.1,2737.05759,2026-02-24 23:59:59.999000 UTC,175834125.8395185,852142,1284.78927,82577630.6301115,0
2026-02-25 00:00:00.000000 UTC,64058.15,66300.0,63913.27,65887.89,3018.20086,2026-02-25 23:59:59.999000 UTC,197771197.3378696,834825,1644.19884,107669116.4855135,0
2026-02-26 00:00:00.000000 UTC,67988.04,68700.0,67727.52,68370.72,1674.36214,2026-02-26 23:59:59.999000 UTC,114297114.203611,476348,927.37792,63290671.444277,0
2026-02-27 00:00:00.000000 UTC,67485.19,67537.84,66885.0,67230.0,1188.09183,2026-02-27 23:59:59.999000 UTC,79830632.7173315,344671,516.73938,34715111.9559335,0
2026-02-28 00:00:00.000000 UTC,65872.09,66025.52,65721.13,65843.22,493.19169,2026-02-28 23:59:59.999000 UTC,32498091.7699422,104104,264.65021,17441972.4651154,0
2026-03-01 00:00:00.000000 UTC,66973.26,67703.32,66042.72,67208.49,2167.49578,2026-03-01 23:59:59.999000 UTC,144917480.1826037,537947,1191.84851,79748241.1425794,0
2026-03-02 00:00:00.000000 UTC,65776.48,67079.0,65761.04,66625.01,1833.27929,2026-03-02 23:59:59.999000 UTC,121869196.4723435,807274,979.75259,65174616.3774848,0
2026-03-03 00:00:00.000000 UTC,68830.06,69258.08,68644.38,68926.47,1001.44827,2026-03-03 23:59:59.999000 UTC,69057858.5328326,365788,591.31979,40789261.0441235,0
2026-03-04 00:00:00.000000 UTC,68338.01,68909.34,67857.61,68543.03,1831.35805,2026-03-04 23:59:59.999000 UTC,125034297.719854,501562,913.83373,62420215.6759136,0
2026-03-05 00:00:00.000000 UTC,72666.77,73306.82,72553.65,72589.46,1646.9902,2026-03-05 23:59:59.999000 UTC,119962789.5666575,504466,801.89199,58416822.3702424,0
2026-03-06 00:00:00.000000 UTC,70891.02,71261.29,70344.03,71152.82,1651.57947,2026-03-06 23:59:59.999000 UTC,117035231.8122169,412082,864.12652,61265000.7715121,0
