"marketName","action","usdcAmount","tokenAmount","tokenName","timestamp","hash"
"Bitcoin Up or Down - April 20, 5PM ET","Buy","2.9992","6.52","Down","1776718948","0x5ff795d5578426175504ba4916aada774dd1103b7d1037eb52ec69c64352f30e"
"Bitcoin Up or Down - April 20, 4PM ET","Buy","0.5411","1.0822","Down","1776718052","0x1200e02eb1bd6d2887fe78e63bdd124a59bd252d9c4f4bf1cf50c3bccbcfd0c5"
"Bitcoin Up or Down - April 20, 4PM ET","Buy","2.455","4.91","Down","1776718052","0xac117f27ec19ac5270edfd582580864dca5efedbaa51125dea4c466cd6819bff"
"Deposited funds","Deposit","20.820778","20.820778","USDC","1776709674","0x40adb137c4df0cbf123c390103d21161b4687c275dbc10d46e92196e4f34e761"
"Bitcoin Up or Down - April 19, 6PM ET","Redeem","0","0","","1776709430","0xe98ee5b871d07d98ae2c6f004564f4315b8a8fafd9b5f518d80cca6c81fc60b1"
"Bitcoin Up or Down - April 19, 4PM ET","Redeem","0","0","","1776709426","0xa4e3101e7fff489c12dec7ee3800a117ee2f21a53a66b7c7d51a7b2e9faf5cc1"
"Bitcoin Up or Down - April 19, 5PM ET","Redeem","0","0","","1776709424","0x8043d4e25f5eb5c14765b53fce46c264a49ff25e0b1944f8b0cda98765938f4d"
"Bitcoin Up or Down - April 19, 6PM ET","Buy","2.849","40.7","Up","1776638404","0x1c8c400237b78533fd5dcea1aed3ee1fb563546de243860f8adf26df96c8fde3"
"Bitcoin Up or Down - April 19, 6PM ET","Buy","0.150537","2.150528","Up","1776638392","0x4201dc122d92d732effbfe8e0ceb959a065cf49015e42921ff7179230c2b736f"
"Bitcoin Up or Down - April 19, 2PM ET","Redeem","0","0","","1776636722","0x31ad5fb3823b01755ff210b3c9d8b0e4905f075b348b3d90e4f7128f1ec851ec"
"Bitcoin Up or Down - April 19, 5PM ET","Buy","2.9988","5.88","Up","1776633492","0xca3ada63490ee796e716838941a1274b646a133ccd12a9375b37f131a20b78d4"
"Bitcoin Up or Down - April 19, 1PM ET","Redeem","0","0","","1776633178","0x0c96234cd7a7e7bc67554e91cfb6552a09e45d5006280cb2bb6f4d3cfcfc7b72"
"Bitcoin Up or Down - April 19, 4PM ET","Buy","3.0002","21.43","Up","1776631020","0xaf4c75c37e9935a2bf0a4289c00dd58e472e5679db042293f29e80138717ae84"
"Bitcoin Up or Down - April 19, 2PM ET","Buy","2.9972","5.08","Up","1776621822","0xd643900cff269d916461b377c22f66c6a3df10f9b681a2c3e3ed2ad83cdee1ee"
"Bitcoin Up or Down - April 19, 1PM ET","Buy","2.9998","5.66","Up","1776618050","0x7558db9ad891e82e69342a7115d490f7a59c2037d9f2192c4048ea5a792908b9"
"Bitcoin Up or Down - April 18, 4PM ET","Redeem","0","0","","1776560888","0x5105f3dd89df566a4f9c4ef9db5139a8bf17658a9ab6c4547e21da7f48cfbc67"
"Bitcoin Up or Down - April 18, 5PM ET","Redeem","0","0","","1776560888","0x5105f3dd89df566a4f9c4ef9db5139a8bf17658a9ab6c4547e21da7f48cfbc67"
"Bitcoin Up or Down - April 18, 4PM ET","Redeem","0","0","","1776560862","0x9bb49a9f397bcee802e344b4e750d67d935a7c7c3335e059ff92c75dc783238b"
"Bitcoin Up or Down - April 18, 5PM ET","Redeem","0","0","","1776560858","0x92469328a28b3d66a1c382ba380438938f7e664db4df0fe216dbc48e9ce08d34"
"Bitcoin Up or Down - April 18, 4PM ET","Redeem","5.66","5.66","","1776560848","0x703b655effe4b57e35c97d92685c686fff0dd16b9d7216039c89376b43a024d8"
"Bitcoin Up or Down - April 18, 5PM ET","Redeem","6.52","6.52","","1776560848","0x703b655effe4b57e35c97d92685c686fff0dd16b9d7216039c89376b43a024d8"
"Bitcoin Up or Down - April 18, 5PM ET","Buy","0.1012","0.22","Up","1776546904","0x24990bfcee506e3366f89b3e6709ad613aae6e952bdb0420f0c0577fe7e8d67f"
"Bitcoin Up or Down - April 18, 5PM ET","Buy","2.898","6.3","Up","1776546904","0x556ae018ec87f316d55c9b7f3f22a6e8b3468c2a2091ea9d4b7c61d4f71d0a12"
"Bitcoin Up or Down - April 18, 11AM ET","Redeem","0","0","","1776544180","0x5ada46a0a083dc324a46ad498e717f25451f67773cf50dfe22104fe6d29a426a"
"Bitcoin Up or Down - April 18, 4PM ET","Buy","2.9998","5.66","Up","1776542470","0xf79ad45b0d9d863adfe3d3e9f74f9bd145bb4ed2406f1bc8bfbd5dea9351fe2a"
"Deposited funds","Deposit","9.080001","9.080001","USDC","1776537098","0x390c292166b79de4dbfddf888db6c0cfb8ee9b5a602e9cd4f2149487638e51b4"
"Withdrew funds","Withdraw","5.791752","5.791752","USDC","1776536756","0x029f52dc15adadd0d7cd4dbf888eede6243bb3cca5451754537d7f9fcd953eaa"
"Bitcoin Up or Down - April 18, 11AM ET","Buy","0.09223","4.01","Up","1776527884","0xb4af6695ab18aa332af9bc20876bbea05bc7b5b692d6c351e55c501468970e7f"
"Bitcoin Up or Down - April 18, 11AM ET","Buy","0.23","10","Up","1776527878","0xa85eab91f1af2ce8971e961d1a968549d1fafb84bd3051f0ec25322f7b18b1bf"
"Bitcoin Up or Down - April 18, 11AM ET","Buy","0.115","5","Up","1776527878","0x91fffe4736bf73209d3c91a3b3e05a6286531208d0efa83166c6517bb6075fc4"
"Bitcoin Up or Down - April 18, 11AM ET","Buy","0.575","25","Up","1776527876","0x99c98a1f156d4d41017cafe839df05d991febc4353a562c2ea23e0f8523f0e85"
"Bitcoin Up or Down - April 18, 11AM ET","Buy","0.23","10","Up","1776527876","0xcf55ffb26ddba8b32b4caf33121416b7013188d91533ce7fe63f61981761d6f0"
"Bitcoin Up or Down - April 18, 11AM ET","Buy","0.23","10","Up","1776527874","0xd53ce313a7c1781d2c71f0bbada4fe024a67e72c385a9a19ad1a29903548273b"
"Bitcoin Up or Down - April 18, 11AM ET","Buy","0.23","10","Up","1776527874","0x92fdc89230a1c855450579a60433e4fd734dedf5727c410ac85933c77ba61668"
"Bitcoin Up or Down - April 18, 11AM ET","Buy","0.414","18","Up","1776527874","0x71c95d352cf8c45a4dfe682d099c081d2dde58139c9cf267f361e41c96ce7e94"
"Bitcoin Up or Down - April 18, 11AM ET","Buy","0.023541","1.023521","Up","1776527874","0x297acc1c258d8f45e31771020488bec28df6229f04742ff43c9e69866bad5d81"
"Bitcoin Up or Down - April 18, 11:00AM-11:15AM ET","Redeem","7.93","7.93","","1776527774","0xb875d9ae5833ef5f9ffbdaa8423b4114e5a1e4f3084ad1e4f0151f603fa831ab"
"Bitcoin Up or Down - April 18, 9AM ET","Redeem","0","0","","1776527768","0x3a6b4fd0c45a24d58060d2e6df01c77ce7905b74649e2890b6f57d9424176add"
"Bitcoin Up or Down - April 18, 11:00AM-11:15AM ET","Buy","2.1411","7.93","Down","1776524698","0x83f842e143fd773eba097e671c349cb33b44363e28d1eebf83ba9bac4ce1ad38"
"Bitcoin Up or Down - April 18, 9AM ET","Buy","1.218","48.72","Up","1776520204","0xaa7adda973d021c0e8128dba86a488c1e8cd53a6fe53121c26794af086e762fc"
"Bitcoin Up or Down - April 18, 9AM ET","Buy","0.127948","5.11792","Up","1776520204","0xe141d29d5b6edf5403448814e4aac5e411a305e98e0172424aaa0877d4a5b5d8"
"Bitcoin Up or Down - April 18, 9AM ET","Buy","0.794","31.76","Up","1776520202","0x608dd25adaf8274704d62c44f63056c0b28ee11a778977450c52ea191f817fc9"
"Will the US confirm that aliens exist by April 30?","Sell","0.43612","25.64","Yes","1776516646","0x715ff0596a01b530544b3f296f7a95309cd448469d9a14c3e7ff1caac70b9552"
"Will the US confirm that aliens exist before 2027?","Sell","0.999","5.55","Yes","1776516636","0x5bf65d14113e3f97142a0aabcbfced785ee7741f76c781986f3327b2e6476266"
"Bitcoin Up or Down - April 17, 11PM ET","Redeem","0","0","","1776516562","0xca6ceac08ee31689b65ae6c5e8d9709aa4bec39bac882da1f67d087d26f8f933"
"Bitcoin Up or Down - April 17, 11PM ET","Buy","2.5696","5.84","Up","1776481280","0xe461e56f5239234e482f1917ff7a4a87128c3d47ff5463cdc519096df4f69c71"
"Bitcoin Up or Down - April 17, 11PM ET","Buy","0.4312","0.98","Up","1776481280","0x16f7a12ba18d08ec8d9bb851a09f516ea0d699ca4645a8d7fe2f0f6c86d4a1f2"
"Will the US confirm that aliens exist by April 30?","Buy","0.999999","25.641024","Yes","1776479416","0x27444724f78a7db13ab3730e65b04b51426bde2b6dd130b6a424932b5492e3f4"
"Bitcoin Up or Down - April 17, 6:30PM-6:45PM ET","Redeem","0","0","","1776467408","0xf5526289cd7bb3893fd7ef64b1b7e64757d511793ebd3dae570fb85e2c1ba59c"
"Bitcoin Up or Down - April 17, 5PM ET","Sell","5.99357","6","Up","1776467398","0xf108fb9605833585462cca497038c4d5d10c0a997c6ebf69f73ca8f30864a3e4"
"Bitcoin Up or Down - April 17, 6:30PM-6:45PM ET","Buy","3","6","Down","1776465074","0xe9eb5676a0c82564c9b0334c4d7e1596bc56582a781fc259235510ddb098cfcb"
"Bitcoin Up or Down - April 17, 5PM ET","Buy","0.205","0.41","Up","1776459646","0xf70668b4d7c1afdfa82684a7ca3600f454f09040d364a7f08223eea982781291"
"Bitcoin Up or Down - April 17, 5PM ET","Buy","2.795","5.59","Up","1776459646","0x96136944549902ebfc05f12f7209170ea76ca5ea1f84abddf589cf9ffc294abc"
"Will the US confirm that aliens exist before 2027?","Buy","0.999999","5.555554","Yes","1776458626","0x64313c5edae4b010b287e5c4b979af08e9db318941ba3dfa38532ba87c87a7a4"
"Bitcoin Up or Down - April 17, 4PM ET","Sell","0.5229100000000001","7","Up","1776458118","0xe0e7ef4dd539d2d4357767f7aced8f4d3c941a748129fe2d3781748cf1d09b98"
"Bitcoin Up or Down - April 17, 4:15PM-4:30PM ET","Redeem","7.010464","7.010464","","1776458036","0x4ede40cdba7c5c1401075c2fe23d13a468408e94a23e55226684101f3bbb53f9"
"Bitcoin Up or Down - April 17, 4PM ET","Buy","3.5","7","Up","1776457584","0xed43c83ea83bdf74d6eea7932b0b728c90c05f952d278da96eed908810ef0b75"
"Bitcoin Up or Down - April 17, 4:15PM-4:30PM ET","Buy","3.8475","6.75","Down","1776456968","0xe34f5160c649fcd8ad1cd91e40f67aa3f174fdb0b575c4fcd99dcb03a8258cb6"
"Bitcoin Up or Down - April 17, 4:15PM-4:30PM ET","Buy","0.148465","0.260464","Down","1776456962","0xbd29f2d71982bdb3eb76ea3b895ef111bfe5d7161a1f10431241e0c1728e9991"
"Bitcoin Up or Down - April 17, 9AM ET","Redeem","0","0","","1776440094","0x56d893087da8a377178b8f58c7260a5a6e6f6e0f389fcbb895f0365c0ef9718e"
"Bitcoin Up or Down - April 17, 9:45AM-10:00AM ET","Redeem","0","0","","1776440090","0x704273c6e4bb5ce274e9dbb7f0f53bff385997bedd3263bcec90240a2981d2da"
"Bitcoin Up or Down - April 17, 9AM ET","Buy","1.296","21.6","Down","1776433560","0xb85561b9f1807fe0560449df3ffad3f10c824d3bb4b0714011a35ba5bb22a888"
"Bitcoin Up or Down - April 17, 9:45AM-10:00AM ET","Buy","3.0024","5.56","Down","1776433560","0x69c4b4ecb8d1daa94479b0ff7bc8cef3f7012d70161966291c9b01e38cb2f454"
"Bitcoin Up or Down - April 17, 9AM ET","Buy","1.704","28.4","Down","1776433560","0x8c2fd491d510cdd10664a1b8095685cb2231180b752e7a506ecf2edd428061b0"
"Bitcoin Up or Down - April 16, 12PM ET","Redeem","0","0","","1776364390","0xee1974149846176c738df5ee19a78c6b656236357ab3b5e5b111cf36a9c47a82"
"Bitcoin Up or Down - April 16, 11AM ET","Redeem","0","0","","1776364386","0xa7444ceb9e246ec7378aba725a4aab598ef9fde810dfe73225a2ea4df383208a"
"Bitcoin Up or Down - April 16, 11:30AM-11:45AM ET","Redeem","0","0","","1776364382","0x238e6d1440baa981c3c10285fb7c6dd731860d180504a3a96bf6d0f010b1b17f"
"Bitcoin Up or Down - April 16, 11:00AM-11:15AM ET","Redeem","0","0","","1776364378","0xc190600f71c980f59935d83f2dafa67abdb82c3979ec3d2ed93cd649446c64bc"
"Bitcoin Up or Down - April 16, 11:45AM-12:00PM ET","Redeem","0","0","","1776364374","0x689de563ffdf8ddf6f58821e6d5b4fade9d188d9658cbcd870d408b0ec985382"
"Bitcoin Up or Down - April 16, 12PM ET","Redeem","5.88","5.88","","1776364212","0xe8d34c60925d83fc96591ea34d99e3859399d5c74b3cd640a30a2aa054c64a34"
"Bitcoin Up or Down - April 16, 11AM ET","Redeem","6","6","","1776364212","0xe8d34c60925d83fc96591ea34d99e3859399d5c74b3cd640a30a2aa054c64a34"
"Bitcoin Up or Down - April 16, 12PM ET","Buy","2.9988","5.88","Down","1776355320","0x63ed4b4c71e3318b962d531a93309f303d76905be60af265f1afa919cd986843"
"Bitcoin Up or Down - April 16, 11:45AM-12:00PM ET","Buy","1.2393","2.43","Down","1776354496","0x63684b3d29915cbc5620f1ce483aeeeb44cde264e81de0bf94f7d0261b7aa5eb"
"Bitcoin Up or Down - April 16, 11:45AM-12:00PM ET","Buy","1.758979","3.448978","Down","1776354496","0x7146df5db64d61acc303b308fd92965f1c696ebda3ca2f22fbf52f33fcea87e8"
"Bitcoin Up or Down - April 16, 11:30AM-11:45AM ET","Buy","2.9988","5.88","Down","1776353652","0x712fb7c9b3fd1457766af40c719c0f875538eca3d60a5034bf458b7a01194b21"
"Bitcoin Up or Down - April 16, 11AM ET","Buy","0.29","0.58","Up","1776351712","0xf8429d0785cd1e7825c5ff577b26b9e5c8fff26529cb12ed8d4a18e3b4f346ba"
"Bitcoin Up or Down - April 16, 11AM ET","Buy","2.71","5.42","Up","1776351710","0x952cebc7ecc312007e2199249264b7535081275648848743822b734534153b48"
"Bitcoin Up or Down - April 16, 11:00AM-11:15AM ET","Buy","2.9988","5.88","Down","1776351704","0x2293777962adac376f85e4d0e79fd7380752a2c8974fbb3073b04b964cc0aa00"
"Bitcoin Up or Down - April 16, 5:30AM-5:45AM ET","Redeem","0","0","","1776341984","0xd94cd469f897e4a6ac612a1fa98dcc1714bd32b367ffe720b1a243c59a41ba27"
"Bitcoin Up or Down - April 16, 6:15AM-6:30AM ET","Redeem","0","0","","1776341984","0xd94cd469f897e4a6ac612a1fa98dcc1714bd32b367ffe720b1a243c59a41ba27"
"Bitcoin Up or Down - April 16, 2:45AM-3:00AM ET","Redeem","0","0","","1776341984","0xd94cd469f897e4a6ac612a1fa98dcc1714bd32b367ffe720b1a243c59a41ba27"
"Bitcoin Up or Down - April 16, 4:00AM-4:15AM ET","Redeem","0","0","","1776341912","0xadd45a2e1e94c887a794b430f7d79356045f33d1d3bf7bcc8ab3e70297e2ef8a"
"Bitcoin Up or Down - April 16, 6:30AM-6:45AM ET","Redeem","0","0","","1776341912","0xadd45a2e1e94c887a794b430f7d79356045f33d1d3bf7bcc8ab3e70297e2ef8a"
"Bitcoin Up or Down - April 16, 4:30AM-4:45AM ET","Redeem","0","0","","1776341910","0xb299fb56f473c85def37eeade20da501212ac19b442cbe4557c0674fbfcdc6d9"
"Bitcoin Up or Down - April 16, 6:00AM-6:15AM ET","Redeem","0","0","","1776341910","0xb299fb56f473c85def37eeade20da501212ac19b442cbe4557c0674fbfcdc6d9"
"Bitcoin Up or Down - April 16, 4AM ET","Redeem","0","0","","1776341910","0xb299fb56f473c85def37eeade20da501212ac19b442cbe4557c0674fbfcdc6d9"
"Bitcoin Up or Down - April 16, 3:00AM-3:15AM ET","Redeem","0","0","","1776341910","0xb299fb56f473c85def37eeade20da501212ac19b442cbe4557c0674fbfcdc6d9"
"Bitcoin Up or Down - April 16, 6AM ET","Redeem","0","0","","1776341910","0xb299fb56f473c85def37eeade20da501212ac19b442cbe4557c0674fbfcdc6d9"
"Bitcoin Up or Down - April 16, 5:00AM-5:15AM ET","Redeem","0","0","","1776341910","0xb299fb56f473c85def37eeade20da501212ac19b442cbe4557c0674fbfcdc6d9"
"Bitcoin Up or Down - April 16, 3:15AM-3:30AM ET","Redeem","0","0","","1776341910","0xb299fb56f473c85def37eeade20da501212ac19b442cbe4557c0674fbfcdc6d9"
"Bitcoin Up or Down - April 16, 2AM ET","Redeem","0","0","","1776341910","0xb299fb56f473c85def37eeade20da501212ac19b442cbe4557c0674fbfcdc6d9"
"Bitcoin Up or Down - April 16, 2:30AM-2:45AM ET","Redeem","0","0","","1776341910","0xb299fb56f473c85def37eeade20da501212ac19b442cbe4557c0674fbfcdc6d9"
"Bitcoin Up or Down - April 16, 6:45AM-7:00AM ET","Redeem","0","0","","1776341910","0xb299fb56f473c85def37eeade20da501212ac19b442cbe4557c0674fbfcdc6d9"
"Bitcoin Up or Down - April 16, 5:30AM-5:45AM ET","Redeem","5.444443","5.444443","","1776341890","0xa9213dff09861a76486a5badadb68b4ef1da4bd299a2874c716bec45ecd56126"
"Bitcoin Up or Down - April 16, 6:15AM-6:30AM ET","Redeem","5.45","5.45","","1776341890","0xa9213dff09861a76486a5badadb68b4ef1da4bd299a2874c716bec45ecd56126"
"Bitcoin Up or Down - April 16, 2:45AM-3:00AM ET","Redeem","6","6","","1776341890","0xa9213dff09861a76486a5badadb68b4ef1da4bd299a2874c716bec45ecd56126"
"Bitcoin Up or Down - April 16, 6:45AM-7:00AM ET","Buy","3.0001","15.79","Up","1776337046","0x6fd073fe4005f748b2c8d5ccf0cdf68b29895d0eb4f3fbc65b14f723ec12fd0d"
"Bitcoin Up or Down - April 16, 6:30AM-6:45AM ET","Buy","2.864347","5.304346","Up","1776335532","0x6d822d11082825d696d55fd70da26e4f9c0e01421b8c3e6dd4a3ff434034299f"
"Bitcoin Up or Down - April 16, 6:30AM-6:45AM ET","Buy","0.135","0.25","Up","1776335532","0xcceecdf73bed730c504d344729f78d392327027efa362b1fc2848591cf530292"
"Bitcoin Up or Down - April 16, 6:15AM-6:30AM ET","Buy","2.9975","5.45","Up","1776334614","0x69d540c30ad4e6eddba52070adc5d64be02b635b2f643d8d023de533216e9618"
"Bitcoin Up or Down - April 16, 6AM ET","Buy","3","6","Up","1776333840","0x0e63322a09dd8ea5965aa975f9e00acfc89357f99aed8397249288d346d0f131"
"Bitcoin Up or Down - April 16, 6:00AM-6:15AM ET","Buy","0.3848","0.74","Up","1776333826","0x05b711a38bdcfe9cc6e91be65fbf3360e3ad0dd385155981d3b6698c1e6d2a7a"
"Bitcoin Up or Down - April 16, 6:00AM-6:15AM ET","Buy","2.610833","5.020832","Up","1776333822","0xe11b89decc2c27461dbe79e4d501dc5869b4bf4841a0ab9aff4e1c6e38a8c159"
"Bitcoin Up or Down - April 16, 5:30AM-5:45AM ET","Buy","1.894444","3.444443","Down","1776331880","0x91a7bff28220e8db99dd61e8a3f53aaa05d1a2c285860af544e183dd7006f3b0"
"Bitcoin Up or Down - April 16, 5:30AM-5:45AM ET","Buy","1.1","2","Down","1776331880","0x494667ea76cd97e382dd0665c44618b1912028fa0ae8456264b91d512047fa0d"
"Bitcoin Up or Down - April 16, 5:00AM-5:15AM ET","Buy","2.9988","6.12","Down","1776330150","0xb3378f6508c792cff56004e227f44fc1a77a6fa3f34fff0548dbd9cf7a90250b"
"Bitcoin Up or Down - April 16, 4:30AM-4:45AM ET","Buy","2.9998","5.66","Up","1776328244","0xa8a1eb0e20d75e90af1a79b57424be3bc7bf75acbfdb2ca78b0b515c43a2d1c0"
"Bitcoin Up or Down - April 16, 4AM ET","Buy","3.0004","5.77","Up","1776326552","0x3d80023b5815138882ba2596002df8e783ccb210f94e2e13e0fe46f51bc3dc7d"
"Bitcoin Up or Down - April 16, 4:00AM-4:15AM ET","Buy","3.0016","5.36","Up","1776326540","0x40311aa2e1489f424e03bed59ff0a7501cfeab3267e5f3c49f62153e7d9b6bc8"
"Bitcoin Up or Down - April 16, 3:15AM-3:30AM ET","Buy","2.9988","6.12","Up","1776323840","0xa187a5dc642729658b134494e87345ec3eda260dc76a5f4b08a1cbb77036f823"
"Bitcoin Up or Down - April 16, 3:00AM-3:15AM ET","Buy","0.3723","0.73","Up","1776323126","0x95788648ab218474406c768c688ad8967582a43db2cbecc4ecfc99366287b4d8"
"Bitcoin Up or Down - April 16, 3:00AM-3:15AM ET","Buy","2.622857","5.142856","Up","1776323126","0x3c02b73b93c7f3bf8951ff34a4a13af905c867a55f3e2bd1b3310b00b23436e5"
"Bitcoin Up or Down - April 16, 2:45AM-3:00AM ET","Buy","3","6","Up","1776322002","0x311a2649c66999c4f711c1aa43d08a82ecd13b35b02497a9ac8e54f79bdd3a7c"
"Bitcoin Up or Down - April 16, 2:30AM-2:45AM ET","Buy","0.6344","2.44","Up","1776321506","0x67db7008e828bcab41136ac77e3d2fec9c6e65ccc06375326ffba277dd484776"
"Bitcoin Up or Down - April 16, 2:30AM-2:45AM ET","Buy","2.366","9.1","Up","1776321502","0xddfa8031063552624799ba467ff09d643365a182a0941fecf36bedf3e971f9c6"
"Bitcoin Up or Down - April 16, 2AM ET","Buy","3","6.25","Down","1776319998","0xf2bd11ad15ad86db4f2ae63c515819b317d74edb906a4acb2930c96d2f097664"
"Bitcoin Up or Down - April 16, 1:45AM-2:00AM ET","Sell","3.81744","7.92","Down","1776318812","0x55f295b24a96e7b82a4c5eaf078de30a5868afef5b032a0a903b295d63288197"
"Bitcoin Up or Down - April 16, 1:45AM-2:00AM ET","Buy","3.96","7.92","Down","1776318678","0x9e7e4b71c206678e0a9ec2f2e56eeff2cf3cb1d09d7f2c25ab5548653285b435"
"Bitcoin Up or Down - April 16, 1:30AM-1:45AM ET","Redeem","0","0","","1776318642","0xf1c006ab11e4f3a09c078c210789306e01cc6911a77abac5d272f14da6623002"
"Bitcoin Up or Down - April 16, 1:30AM-1:45AM ET","Redeem","7.77","7.77","","1776318606","0x21298af4033d548c369627a21d657e00d96f32581f45f3250d232eda220210e1"
"Bitcoin Up or Down - April 16, 1:30AM-1:45AM ET","Buy","4.0404","7.77","Down","1776317950","0x567962a82bdcdd9a66d062e6b80dec310beb6290c3650882f636c945fb2779e9"
"Bitcoin Up or Down - April 16, 1:30AM-1:45AM ET","Sell","3.5803599999999998","7.92","Up","1776317174","0x8cf41a47aeaea5c6d38e91bf3a507e8f11c6b57f88efed9911d4524fd08292fc"
"Bitcoin Up or Down - April 16, 1:30AM-1:45AM ET","Buy","3.96","7.92","Up","1776317024","0x97202aab699e44c2121c85106b76c616d3d3a75b1c8221aa19065f25ab710dbf"
"Counter-Strike: FURIA vs MOUZ - Map 1 Winner","Redeem","0","0","","1776315264","0x6a555f7d8eef21d29d3b56859e674787c77830589c6ded4c93cc60d1c5ffe9e1"
"Games Total: O/U 2.5","Redeem","8.968188","8.968188","","1776315258","0x34d1ba5d91f341b02dc663cc39d0c1a6d91bc820398f94ec07e7eafd84ed88d3"
"Counter-Strike: FURIA vs MOUZ - Map 1 Winner","Redeem","19.417562","19.417562","","1776315184","0xa057187a0d7c586926d414c9c9a980b4df47a0de25be9745d46c8028455e6a63"
"Bitcoin Up or Down - April 15, 10PM ET","Sell","5.00131","5.05","Up","1776307312","0x2db9929010c3c6f9dab2ff00ef6b078dc39ad604b8acf22603ff7d63be299561"
"Bitcoin Up or Down - April 15, 10:30PM-10:45PM ET","Sell","0.43566","5.18","Down","1776307100","0x6d27be82062857436b8f255058f30047657ac88a705cc58d31c690dff6723949"
"Bitcoin Up or Down - April 15, 10:30PM-10:45PM ET","Buy","1.1","5.1832","Down","1776306786","0x46a89110e4a6007219f588b14f1beffc6026851a53d8a83697bfce16b98219b4"
"Bitcoin Up or Down - April 15, 10PM ET","Buy","2.9232","5.05464","Up","1776305696","0x5e90702d353793a8ce46715f3be63cf50d27027d3245541c56eca782e4607122"
"Games Total: O/U 2.5","Buy","4.999999","8.968188000000001","Under","1776290324","0xf179a4579b92af1eae9bb4d7d4c94d86863569c203191e9da080f001abfe5a09"
"Games Total: O/U 2.5","Sell","4.944699999999999","10.04","Over","1776289384","0xba4edeb33e300cabd9393723e7acba000403fecf50311f3b079a43d37eb75158"
"Counter-Strike: FURIA vs MOUZ - Map 1 Winner","Buy","9.999999","19.417562","FURIA","1776289260","0x94cecfb38c6f3fdf629c983ea40ad8f10b56231472cdaa69e99375f54e83f10c"
"Bitcoin Up or Down - April 15, 1:45PM-2:00PM ET","Redeem","0","0","","1776276408","0x0d2343569f7c83d4c8d37b792db68d20223e6f047bdd43d53ca5f77497dccf6e"
"Bitcoin Up or Down - April 15, 1:45PM-2:00PM ET","Redeem","0","0","","1776276396","0xf146291d98bc0d7ba0b17922ec5009a0e98282074006cc1c456617b4a78f40cd"
"Bitcoin Up or Down - April 15, 1:45PM-2:00PM ET","Redeem","0","0","","1776276386","0x93a2a221c97d33081c314da9374bd12240f6e3239db8874d674cfd3b0ac44414"
"Bitcoin Up or Down - April 15, 1:45PM-2:00PM ET","Buy","1","145.900576","Down","1776275918","0xcab17d377887ec5621d7ebd6c7af71955b701ae84d3b02498385cc91f8d931ab"
"Bitcoin Up or Down - April 15, 1:45PM-2:00PM ET","Buy","2.9656","6.46825","Down","1776275330","0x8f613f65b2a5058ea87f660f2431229bf08a1e2786a4369a0f9caeeefef7b71f"
"Bitcoin Up or Down - April 15, 1:15PM-1:30PM ET","Redeem","0","0","","1776274886","0xfa32c40b2b0dbe6059b825521d07ed54271d0f1a5d0647c62e42448d61d719a8"
"Bitcoin Up or Down - April 15, 1:30PM-1:45PM ET","Sell","4.38068","5.21","Down","1776274876","0xb2005f23a8dfc0ddf76d34165f9b87d7cd940fcd850046bb40ac3dc25ccd2a09"
"Bitcoin Up or Down - April 15, 1:30PM-1:45PM ET","Buy","2.7591","5.21914","Down","1776274592","0x767f6d22205ffd214986cb4456741231ae7ef436e0cdea0ea384447be8d5a8f0"
"Bitcoin Up or Down - April 15, 12:45PM-1:00PM ET","Redeem","0","0","","1776274110","0xde5761ac177e74cfa54021f0a22345a6366fb108ca20bbd5ef22811caae7353a"
"Bitcoin Up or Down - April 15, 1:00PM-1:15PM ET","Redeem","0","0","","1776274104","0x1f0f2d5515070faeedb39da9938bc2fddab620ea9da4c09344a6d4160cd3b49b"
"Bitcoin Up or Down - April 15, 12:45PM-1:00PM ET","Redeem","5.94","5.94","","1776274086","0x676ecc1df63779fec2ba97abaa5c78ff8ef54e573ed42b102bbb4586698050ac"
"Bitcoin Up or Down - April 15, 1:15PM-1:30PM ET","Buy","3.0316","5.83","Down","1776273526","0xfbd986297c87c38bf67a0d52ed175952f94df75cc82fbacc2e370b902cb18872"
"Bitcoin Up or Down - April 15, 1:00PM-1:15PM ET","Buy","1.059","6.627929999999999","Down","1776272792","0xd186925047ed77299f0fcb50d767c48f8b56586a1169346f6eeddab0fe206494"
"Bitcoin Up or Down - April 15, 12:45PM-1:00PM ET","Buy","2.97","5.94","Up","1776271946","0x89e95d4446512a6d040e3a33fb1a5f3ab54fd9d6a8dc7a2317b02c44becb9fb7"
"Games Total: O/U 2.5","Buy","4.999999","10.04796","Over","1776270500","0x7f448d7002576d98b6d661da93597e94dd849ee55d12d7545ab5dc32b2d048d9"
"Bitcoin Up or Down - April 15, 11:30AM-11:45AM ET","Redeem","0","0","","1776269160","0xcd3404d2007da62f7b19a51149b13d64ef362213279ec261671394a9b62e3437"
"Bitcoin Up or Down - April 15, 11:45AM-12:00PM ET","Redeem","0","0","","1776269156","0xe4548db773da8fd316a4cbc2cc27ffc60fafb97ee4b95aa89ef8d374d6cfa2e1"
"Bitcoin Up or Down - April 15, 11:45AM-12:00PM ET","Buy","3.025","5.5","Up","1776268490","0x6561c9789107f220b7b27f8466a55988619fd6a46ab8398b36b8184548f9c0a7"
"Bitcoin Up or Down - April 15, 11AM ET","Sell","4.91436","5.5","Down","1776268012","0x02822d585d28d73700b319432437610e1ee753fab7b38240911f77bccb561233"
"Bitcoin Up or Down - April 15, 11:30AM-11:45AM ET","Buy","0.2376","5.5294300000000005","Up","1776267396","0xcb394aee2ff1e8ed96fed15bc708d2e5e80506fc51bbb754f0182840748beebe"
"Bitcoin Up or Down - April 15, 11AM ET","Buy","2.855","5.50444","Down","1776266328","0x7283845856690ef924a60b3749246d774c91eedb678559033bf3334611a6f630"
"Withdrew funds","Withdraw","10.01","10.01","USDC","1776260684","0x6e36136aa556965c2a9006bdd43af8aef5e7978737c6a1ffb186a044fcae17cd"
"Bitcoin Up or Down - April 14, 4PM ET","Redeem","0","0","","1776260192","0xa0a832391a0986fe7ef884788598afb46bf6bf6caa02df7c0c9159cdd47431dc"
"Bitcoin Up or Down - April 14, 4PM ET","Redeem","0","0","","1776260184","0x7ebf11ad3ef2fb20de4372fb2817db955f3bc3d9717395b48c83c24d13bfdb68"
"Counter-Strike: Natus Vincere vs FURIA (BO3) - IEM Rio Group B","Redeem","0","0","","1776260180","0x3b345fc23e98ea8a631b586073607032dd48b74b31bce1afd50fd17901afca31"
"Counter-Strike: Natus Vincere vs FURIA (BO3) - IEM Rio Group B","Redeem","22.96278","22.96278","","1776260166","0xbed0ab98be7033af57ebcb150980c7964145931f093c5e3c27982b73a41583d1"
"Bitcoin Up or Down - April 14, 3PM ET","Redeem","0","0","","1776204162","0x58386ee1be7056539937a58a939cfff5856f0a0742e04b17bcbcff96ac995303"
"Bitcoin Up or Down - April 14, 3PM ET","Redeem","5.5","5.5","","1776204072","0xe4c72b55983e7bc2043e48d87c5bb18fe61bceb7add4f2b6a849f16c5b40e8ae"
"Bitcoin Up or Down - April 14, 4:30PM-4:45PM ET","Redeem","0","0","","1776201556","0x8e0b82106faf3f5095d54c333f21ce82b13d62506ee05638926b3499a61b77f7"
"Bitcoin Up or Down - April 14, 2PM ET","Redeem","0","0","","1776201550","0xc180167c3ca923f771ff89a831b44412810b24b967ffd5b0010569b7664af316"
"Bitcoin Up or Down - April 14, 4PM ET","Buy","0.02609","24.2134","Up","1776200550","0xd6a6ed111f3a899e549278d51e84ca1cd571cf4cebe07118a265bdb24a0b6a30"
"Bitcoin Up or Down - April 14, 4PM ET","Buy","0.2609","24.23031","Up","1776200504","0x93fe4985ddbce0220f89ae4309acf0895b53f4ff0661a7162f21946b84236060"
"Bitcoin Up or Down - April 14, 4PM ET","Buy","0.2609","24.23031","Up","1776200458","0xfc33bf4dbddc2dcb48ec62750275cba4f1fdffb82134ca680026bff355a6d189"
"Bitcoin Up or Down - April 14, 4:30PM-4:45PM ET","Buy","1.637613","6.298511","Down","1776199356","0x5dbb249c2f7d52692567cda3c9215d221e92e8dbf2b35eb6a6c8bc2f8d8b1ab8"
"Bitcoin Up or Down - April 14, 4:30PM-4:45PM ET","Buy","1.3052","5.02","Down","1776199356","0x337ebcce33beecaeff44ca2f0bbf1f6a48afac220ed7c2c81b3b770da42b6734"
"Counter-Strike: Natus Vincere vs FURIA (BO3) - IEM Rio Group B","Buy","1","12.155","FURIA","1776199014","0x249ba8a6892f63c41cdeb46fb3d21980cda264334b9e8b3f52005ece012cb0c0"
"Bitcoin Up or Down - April 14, 4PM ET","Buy","2.9712","6.19","Up","1776198930","0xd4cdc9937e2e3c5d023fe3056e102df8127bd78b0d08b1fb68f8a0c01e722eac"
"Counter-Strike: Natus Vincere vs FURIA (BO3) - IEM Rio Group B","Buy","0.999999","10.80778","FURIA","1776198712","0xbd771e933c53ba6abd22f13f1d59ce81b663a4b7c20edec317f7db04bd48be87"
"Bitcoin Up or Down - April 14, 4:00PM-4:15PM ET","Redeem","0","0","","1776197942","0x9adfa0bf9f9aa91bef4f3e7493ca3921c0d18c08f988afd94fb32b6861b6253e"
"Bitcoin Up or Down - April 14, 4:00PM-4:15PM ET","Buy","2.2575","6.14814","Down","1776197144","0xa08cf33236b9bd22ab00e6351ce1dbc763e09302b7a8d962fee65679013804e5"
"Bitcoin Up or Down - April 14, 3PM ET","Buy","3.025","5.5","Up","1776195796","0x8634197c0e773771d10efd8d157e919a7c5f5e6c9c3ce62e51fd204f688781bd"
"Bitcoin Up or Down - April 14, 3:15PM-3:30PM ET","Redeem","0","0","","1776195232","0x21882f4fedfaa9cda75ae50423e2c32d06ae718390b7e7a1f6a20eda32687a2a"
"Bitcoin Up or Down - April 14, 2:45PM-3:00PM ET","Redeem","0","0","","1776195226","0x38a8ccb8ee2256016d7059c4aedb53c9eb70b94d5d1ed7b165ce8b3212f438e0"
"Bitcoin Up or Down - April 14, 3:15PM-3:30PM ET","Redeem","0","0","","1776195218","0x643bb2ef7d20702175ec47192c252c2ace1bcbcb167ce0ee53c741e4fd3b400e"
"Bitcoin Up or Down - April 14, 12PM ET","Redeem","5.66629","5.66629","","1776195208","0x7c3c106cc75d2e5ff1070fe8a303b659cf128cf3fce72e9e16f2cd9fd8ad54fe"
"Bitcoin Up or Down - April 14, 3:15PM-3:30PM ET","Buy","3.0294","5.61","Up","1776194206","0x9f5cb87eaafc19ead7d39ca24cac9b16c19e4097cc99a33e749e55a89532a714"
"Bitcoin Up or Down - April 14, 2:30PM-2:45PM ET","Redeem","0","0","","1776192764","0xe6096324d7b51a9f3b654c6c1a22d07f5f5ecda898bc7c9abd8e5c6638ea2707"
"Bitcoin Up or Down - April 14, 2:30PM-2:45PM ET","Redeem","0","0","","1776192746","0x1012a6ac00c0f1a43a960a5323c0988e9754a15a2ee1643461bce829ffe9246a"
"Bitcoin Up or Down - April 14, 2:45PM-3:00PM ET","Buy","2.9755","5.23472","Up","1776192370","0xed13cd2dace5954249ff9431d58b0889e25a2d282e6b15755c3fb8f0e6c2157e"
"Bitcoin Up or Down - April 14, 2:15PM-2:30PM ET","Redeem","0","0","","1776192136","0xc903fec3b8cb536605f116836089f2bb61c7db1a4047f392f767d4bb9586097a"
"Bitcoin Up or Down - April 14, 2:30PM-2:45PM ET","Buy","1.4586","5.311100000000001","Up","1776191726","0x278624f4780c7965135bc5eb085bad88cc410ddb8f38b6a959deed5ed8ec238d"
"Bitcoin Up or Down - April 14, 2:00PM-2:15PM ET","Redeem","5.83312","5.83312","","1776190846","0xcaa9ebcdda534b55e50a7dba50c9d045cacf4aa6dc1bdddad5271e9ac12240e7"
"Bitcoin Up or Down - April 14, 2:15PM-2:30PM ET","Buy","2.7876","5.824389999999999","Up","1776190626","0x47e6f58872b835272b8e02908a9632850a24a804642daa84cc80bbfe102e449f"
"Bitcoin Up or Down - April 14, 2:00PM-2:15PM ET","Buy","2.9088","5.833119999999999","Down","1776189890","0xd82e6cd63a152af19779329907f78f9b20c366c56eac52740bd049cc7b38b1c3"
"Bitcoin Up or Down - April 14, 2PM ET","Buy","3.0294","5.4242","Up","1776189890","0x586693457258498a8853ba9b79a5d2b0723ff9277e63561447e86569e9d93adb"
"Bitcoin Up or Down - April 14, 1:45PM-2:00PM ET","Redeem","5.61","5.61","","1776189814","0xa305b3374811d24ea779f081e7dcf175f1642e425eb5fa02dd9660a2f15238d1"
"Bitcoin Up or Down - April 14, 1:30PM-1:45PM ET","Redeem","0","0","","1776189334","0x2f3bc6036b083eaec5480c4a9d0f27f622e74f68e181d71b5e4d89404f15852c"
"Bitcoin Up or Down - April 14, 1:45PM-2:00PM ET","Buy","3.0294","5.61","Up","1776188774","0x3333c20fac9ca145f902d769972e7080c33fe1344aa0a6500036776b986af142"
"Bitcoin Up or Down - April 14, 1:30PM-1:45PM ET","Buy","1.9008","5.64918","Up","1776188044","0x1640405f1a7c58b6a45ccc4549d92a0644dae0be4bbcc8e7b76956b2d7321d7a"
"Bitcoin Up or Down - April 14, 1:15PM-1:30PM ET","Sell","5.27093","5.83","Up","1776187398","0xf4b58ee39e01d97c2b4435b42ad97ddb06e1e5b5ccab6aa1429fa425a86917a3"
"Bitcoin Up or Down - April 14, 1:15PM-1:30PM ET","Buy","3.0316","5.83","Up","1776187096","0x4a76c924a0a00ae87779300f372a97256583c6b5de3e9e43c200f3f91d0600be"
"Bitcoin Up or Down - April 14, 1:00PM-1:15PM ET","Redeem","5.31","5.31","","1776187050","0xf27be1e88a0fd50b8e5d48a23efffdbcf0608e34b942eade1fdffbf7d5554027"
"Bitcoin Up or Down - April 14, 1PM ET","Sell","3.73907","5.3","Up","1776187018","0x420b94dcc2fed5ae63df253c75a4d60d87d086c985b58b3335b3823b074f8f8f"
"Bitcoin Up or Down - April 14, 1:00PM-1:15PM ET","Buy","0.2576","0.46","Up","1776186308","0xa0b907c1bea999a54ee76c701e0a2a9d6e158208ca1c0688862cb3e325f66f10"
"Bitcoin Up or Down - April 14, 1:00PM-1:15PM ET","Buy","2.716","4.85","Up","1776186304","0xf5075ece038492f3009a0452c0ea5efc5f36675cace1c12602fce5244149daf1"
"Bitcoin Up or Down - April 14, 1PM ET","Buy","2.86","5.30992","Up","1776186300","0x71f2c1ccbcec74b389eebd3640c8b890979de357a87d66427e0dbda565ae91b7"
"Bitcoin Up or Down - April 14, 12:45PM-1:00PM ET","Redeem","0","0","","1776186292","0xe51f42406c9b118f0906c3fb6a7870a17a784265a02b23afcc01f20026f5d73a"
"Bitcoin Up or Down - April 14, 12:30PM-12:45PM ET","Redeem","0","0","","1776186288","0x41c59097d24bc283e3f4e047e441e9c262acf05431f0ffe41603ea6821ba3c20"
"Bitcoin Up or Down - April 14, 10AM ET","Redeem","0","0","","1776186280","0x69ccd072528f1637ebc46797742bb1431fbc3f5f9764e1857776161f665fce75"
"Bitcoin Up or Down - April 14, 10AM ET","Redeem","0","0","","1776186272","0x15b627e734fdc5c605015ac68706b6cf790fc87b38f6ccd4d20704bbad2f1c68"
"Bitcoin Up or Down - April 14, 12:00PM-12:15PM ET","Redeem","0","0","","1776186270","0x1c19038aa5cacc651bf9e2b11d541a2126a0c53878986d4f8adf5bcd48646dc5"
"Bitcoin Up or Down - April 14, 12:45PM-1:00PM ET","Buy","2.376","5.683400000000001","Up","1776185242","0xd62c8cf45319b330680efb9462cf59870042fe2ae13069de6f19e7556a642357"
"Bitcoin Up or Down - April 14, 12:30PM-12:45PM ET","Buy","1.1514","5.706589999999999","Up","1776184548","0xf704902edd27eb6fc253dd5ad4088698cdb6bab28ef953460befb123061dbd28"
"Bitcoin Up or Down - April 14, 12:00PM-12:15PM ET","Buy","0.0769","14.27818","Down","1776183109","0xe68546f0b44b360d2aec063aea7b63a33a98f6457a5934d69512a13f66caa89e"
"Bitcoin Up or Down - April 14, 12PM ET","Buy","2.1384","5.66629","Down","1776182757","0xed5d935cf594e2c7eb96240df842da84a81c8c86dade76421d0461b119e3175f"
"Bitcoin Up or Down - April 14, 11AM ET","Sell","10.93669","12.24","Up","1776181395","0x90597756524195baa8314d4b90b1089c213d8ffae1e0b3a6b768cf15f8fc7fa1"
"Bitcoin Up or Down - April 14, 11:15AM-11:30AM ET","Redeem","0","0","","1776181325","0x1957c4624f83044128d225a587e532e0600f11b95d965c3a66beaa90889a209f"
"Bitcoin Up or Down - April 14, 11:00AM-11:15AM ET","Redeem","0","0","","1776181297","0xc6611265718afa738cf1d75233aafa3fc25503f3274c4b04bc6df4d84fca4109"
"Bitcoin Up or Down - April 14, 11:15AM-11:30AM ET","Redeem","5.21914","5.21914","","1776181283","0x03d81d5a485efe2bdd62feb301c429fc1a1e2344655261c633dcfb7bd9a8c58c"
"Bitcoin Up or Down - April 14, 11:15AM-11:30AM ET","Buy","2.7591","5.21914","Up","1776179989","0x144226c190a63717376c07db41c97fa12111e3fb95b5c4f1cb8a048f16b205a5"
"Bitcoin Up or Down - April 14, 11AM ET","Buy","2.838","6.18994","Up","1776179275","0x4e6638673116ef87b5c5b7ce27fe3938578f89c6d6227c617366856749329453"
"Bitcoin Up or Down - April 14, 11AM ET","Buy","1.03","2.06","Up","1776179107","0xde3599739df2b31dd40f30809f35cf884b3ef8e78e68660d7821670af2bcaa05"
"Bitcoin Up or Down - April 14, 11AM ET","Buy","2","4","Up","1776179107","0x519d35a610cddcbe8af02ed15bc6debc120f227398c9e739a14b6295860b0fda"
"Bitcoin Up or Down - April 14, 11:00AM-11:15AM ET","Buy","3.0316","5.83","Up","1776178967","0xdc8fe8f398080b06e609993a0782dc1921ddd3ffd2293a9da189a74ded02b320"
"Bitcoin Up or Down - April 14, 10AM ET","Buy","0.12","111.36864","Up","1776178827","0x9afe6092924584d6b7d434ef19f82f6823877553039afe2c8a0d5c568f68e854"
"Bitcoin Up or Down - April 14, 10:30AM-10:45AM ET","Redeem","5.02833","5.02833","","1776178595","0x56434d9fdfbccab2db54b00295289298a57dcf861986db73bb06788cb900d047"
"Bitcoin Up or Down - April 14, 10:30AM-10:45AM ET","Buy","2.5578","5.0283299999999995","Down","1776177201","0x680d7c236a44a035c773d7322723c89459b80a301356988ff2d34ca13ddf076c"
"Bitcoin Up or Down - April 14, 8AM ET","Redeem","7.23","7.23","","1776177079","0x75bd519f0b6650d07dd142ad2c310b5d62013d6938ad07ca93ed02d245d23a58"
"Bitcoin Up or Down - April 14, 9:00AM-9:15AM ET","Sell","1.1489","15.38","Down","1776172377","0xf6532303e383444a93f38f3ae24bcd47ac61c242b8700932ef5a64c92ac959ea"
"Bitcoin Up or Down - April 14, 9:00AM-9:15AM ET","Buy","3.076","15.38","Down","1776172035","0x65eafc2b46a55800e428e6849bc398adbbaeb6ca46ab95751e4e6f260a5811d5"
"Bitcoin Up or Down - April 14, 6AM ET","Redeem","0","0","","1776171997","0x0d9e60b5d4e3ec791e7e2ca03663ea1f0da96afa8a2410b57e6e82ed65987b32"
"Bitcoin Up or Down - April 14, 8AM ET","Buy","3.0366","7.23","Up","1776170631","0xb80eb5e96169063b759b2166ffe6b281f1daa30d4a5157ea209d19a49ae0f9c5"
"Bitcoin Up or Down - April 13, 10PM ET","Redeem","0","0","","1776170331","0x60e0796cfb5a92d96c11d7dbe4863beed27f45e033ae0664f38da86fbafccb40"
"Bitcoin Up or Down - April 13, 8PM ET","Redeem","0","0","","1776170329","0x2b91aee73a44066cefc608dc1b90b78bbb81495f97c5c1c8937dc8a70f172e3d"
"Bitcoin Up or Down - April 13, 8:45PM-9:00PM ET","Redeem","0","0","","1776170325","0x66ac53d083340c5972fb41af62eec5ef49e61197fdbd8488e99623fec9101e7f"
"Bitcoin Up or Down - April 13, 9:15PM-9:30PM ET","Redeem","0","0","","1776170313","0x0f002bd64f73211a8b6400d67f8dcc73aa077e5305e916aff1fe9fc6cdb54e84"
"Bitcoin Up or Down - April 13, 9:15PM-9:30PM ET","Redeem","0","0","","1776170307","0x32a12c1d18edf39e625ecdc7af02c93e30be1ab360d3fc3acda152daa05c3820"
"Bitcoin Up or Down - April 14, 6AM ET","Buy","0.12","111.36864","Up","1776164459","0xfb7b5e9814baf4170e4a88735134e98d6636e223e8272e2394f9aaded7080704"
"Bitcoin Up or Down - April 13, 9:30PM-9:45PM ET","Redeem","5.64063","5.64063","","1776164345","0x226fedb75877791d09cf9ee965b8d3a5ff9c6abacfc0c98f2016dfacadabca30"
"Bitcoin Up or Down - April 13, 11:00PM-11:15PM ET","Redeem","6.9","6.9","","1776164345","0x226fedb75877791d09cf9ee965b8d3a5ff9c6abacfc0c98f2016dfacadabca30"
"Bitcoin Up or Down - April 13, 11:00PM-11:15PM ET","Buy","3.036","6.9","Up","1776136493","0x8bcfc1b32d344ebaf58ed7f0459d2fe82e183c433ae105783451a88fbcf4c90b"
"Bitcoin Up or Down - April 13, 10PM ET","Buy","2.6337","5.48851","Up","1776132253","0x6f7e0eb010f1dfb50c7b61d4c2610fcea63b063e590ab2ad344a501ef959ec22"
"Bitcoin Up or Down - April 13, 9:30PM-9:45PM ET","Buy","1.782","5.640630000000001","Up","1776130527","0xd0e7e906e1648c68b7a339a1760ad61cefba58e7ffaf17ac414e6898524c488b"
"Bitcoin Up or Down - April 13, 9:15PM-9:30PM ET","Buy","2.1816","5.78076","Up","1776129493","0x939dbf5a61ec2a6bda37c653d61ff459aa730382fcc8dfe38d017f0018c06b85"
"Bitcoin Up or Down - April 13, 8:45PM-9:00PM ET","Buy","1.3068","5.60641","Up","1776127681","0x747b10fbe2afbb9254473677bdd9ff31ad5c0ed99557ce65a142ada702b709e0"
"Bitcoin Up or Down - April 13, 7PM ET","Sell","6.44309","6.45","Down","1776127563","0x03eb22327169e9eb32b04d9f068441e67c0315f2475526491b71a120aa79370a"
"Bitcoin Up or Down - April 13, 8:00PM-8:15PM ET","Redeem","0","0","","1776127163","0x6cf2e9f24a23dd778238b11c0041d06a300172e5600f0487bcd45e2a7de52cb6"
"Bitcoin Up or Down - April 13, 8:15PM-8:30PM ET","Redeem","0","0","","1776127159","0x337772fa9fe45bdd6fd9a92046c3cf2da8fa87f0057282bcf241918efc84d726"
"Bitcoin Up or Down - April 13, 8:15PM-8:30PM ET","Buy","0.231","0.42","Up","1776126093","0x8708cb31289e5cdadc21fca16fe8efcd0847c0e15fc299f5e6bee9e253e8a066"
"Bitcoin Up or Down - April 13, 8:15PM-8:30PM ET","Buy","2.794","5.08","Up","1776126093","0x9be8c2d58e9e84619e8e9a06474e9c24f664f1de1d2dd0d86c9a77d8cf5c2743"
"Bitcoin Up or Down - April 13, 8:00PM-8:15PM ET","Buy","0.0741","6.88182","Up","1776125539","0xeb68b710fbe9a509103f0a4449e488a287ee1fa3137ef08cb216e71136062dd5"
"Bitcoin Up or Down - April 13, 5PM ET","Redeem","0","0","","1776125163","0xb57bb37def32b55a99d2de4abe574ea64699ed15b3da1281a5bacb5b3106afa3"
"Bitcoin Up or Down - April 13, 8PM ET","Buy","2.9733","5.42016","Up","1776125109","0x6aecab26412c166b550446768ebd6e2796d9dfe379ab20fcbcdcc61095bcfb2f"
"Bitcoin Up or Down - April 13, 7:45PM-8:00PM ET","Redeem","0","0","","1776124975","0x505a47b4c41a8bcffe53498dfaf535a484bd94dd3bfa26afeaca91e783c56bfd"
"Bitcoin Up or Down - April 13, 7:45PM-8:00PM ET","Redeem","5.94","5.94","","1776124955","0x0ce4b8d27ff2c031446c690645816e7d8594b5257698a99b394d3f96c1e6cb26"
"Bitcoin Up or Down - April 13, 7:45PM-8:00PM ET","Buy","1.41","2.82","Down","1776124467","0xd9438993969adbdd7772159f7ff844334811797ea78e9aa4087961e4b5cb57d3"
"Bitcoin Up or Down - April 13, 7:45PM-8:00PM ET","Buy","1.41","2.82","Down","1776124467","0xb226f72e8b074be60d3e446497762e4dfe4e72b5c5adaa9cead494088e257f34"
"Bitcoin Up or Down - April 13, 7:45PM-8:00PM ET","Buy","0.15","0.3","Down","1776124467","0x8f0d75b5cf98c94535c348844b5f0c3193a8f54f5a99956d85ebf142c09c6317"
"Bitcoin Up or Down - April 13, 7:30PM-7:45PM ET","Redeem","5.41","5.41","","1776124079","0x18c107c3f3d5f7bdfcdb80b3dd0d72b72618a95e6861ca5d15ffdc526953ee13"
"Bitcoin Up or Down - April 13, 7:15PM-7:30PM ET","Redeem","0","0","","1776124071","0x6ae75f8bdfc4eb708575b90ead2835bb1295b27f7db240df1e30a4a307fd050d"
"Bitcoin Up or Down - April 13, 7:15PM-7:30PM ET","Redeem","0","0","","1776124019","0x35ea1598f58cc009c6ac1cbd79982f3fa342da3d3df8b885e77528584710901c"
"Bitcoin Up or Down - April 13, 7:30PM-7:45PM ET","Buy","0.5376","0.96","Down","1776123191","0x0b8b562f1cc176fb651ef5d7d7e6df1a59330a8a27f9eb8963d48620b23295a0"
"Bitcoin Up or Down - April 13, 7:30PM-7:45PM ET","Buy","2.492","4.45","Down","1776123191","0x850a8a7643d53934db1cee4422571e3f8adad69d349fa5fd4bb7d6d60e1008f4"
"Bitcoin Up or Down - April 13, 7PM ET","Buy","2.967","6.45","Down","1776122427","0x243be2a7f75ad0dad79c5c7b729dc0b330e87350ac9dbca81d1ec7f7fb4c9cf6"
"Bitcoin Up or Down - April 13, 7:15PM-7:30PM ET","Buy","2.9736","5.31","Down","1776122423","0xe94b13f6d482a55db8b4aba7a173224898db58ea54ab232a91b733b47fb0212b"
"Bitcoin Up or Down - April 13, 5:15PM-5:30PM ET","Redeem","0","0","","1776116441","0xab6a26385949d414cdfa8cc48ea085db05b72b2a9c11126e6861fc3027b6bfb3"
"Bitcoin Up or Down - April 13, 5:30PM-5:45PM ET","Sell","6.18469","6.32","Up","1776116431","0x6f2e846beea46fc542c30d7a9f820c15cba7ee013bbf9d9b8eb165de9e76b593"
"Bitcoin Up or Down - April 13, 5:30PM-5:45PM ET","Buy","2.8996","6.3243","Up","1776115905","0x66689ab505fee30819ed09a391edac8d23ef14cd4a18c866dcb3dc2bed49e016"
"Bitcoin Up or Down - April 13, 5:15PM-5:30PM ET","Buy","1.5502","6.36634","Up","1776115159","0x795dc494b054a2a388eb1f58622ce950f6bc64b04d5ee46fdac2d8f9ca0ead96"
"Bitcoin Up or Down - April 13, 5PM ET","Buy","2.0224","6.01058","Down","1776114813","0xcb601bc91da4a2f598582d3311fccba0e22f7a8da2de6e59f37dec27550094f4"
"Bitcoin Up or Down - April 13, 5:15PM-5:30PM ET","Sell","5.22757","12.38","Up","1776114699","0x936e16736ab0357757c1ea52d26cce7d4028e23cb390e027b0f542448aab8cb2"
"Bitcoin Up or Down - April 13, 5:15PM-5:30PM ET","Buy","2.9025","6.19458","Up","1776114677","0x090eeaeda2f608d53ce48377c1678b2a86d0b61b011f32a9900453ddd144d715"
"Bitcoin Up or Down - April 13, 5:15PM-5:30PM ET","Buy","2.9025","6.19458","Up","1776114625","0x9d20df3f331db7b7aaf4939afe8fd209fea6bc56fcf3eaa67e7e98022aa9db49"
"Bitcoin Up or Down - April 13, 5PM ET","Buy","3.0294","5.4242","Down","1776114091","0x66b4bac32cfd38bf2fd7e751b6348394fc3e4b718dafe1021a88fd0f05d674a1"
"Bitcoin Up or Down - April 13, 2PM ET","Redeem","0","0","","1776114011","0xf996dc3d040b753b7fab401aaf6e2d0d310631b1f3b2c4617f5928d48127b0ea"
"Bitcoin Up or Down - April 13, 2PM ET","Redeem","0","0","","1776113997","0xbc25ec8ff361f4331235a6baf6c24778e18f4cc3297ed68f38eb03063fa7ffc6"
"Bitcoin Up or Down - April 13, 4PM ET","Sell","10.54581","10.66","Down","1776113657","0xccdf73f9d8ea23318cb3e6e44bd4b08491955490e70614ed2c5aae255f3e2fb0"
"Bitcoin Up or Down - April 13, 4:15PM-4:30PM ET","Redeem","0","0","","1776112429","0x88d0ac07af16d67217328f516ce303a51a84c8571e822992218fa69c8735710a"
"Bitcoin Up or Down - April 13, 4:15PM-4:30PM ET","Buy","2.9733","5.62432","Down","1776111309","0xd207449ab7ef976e9a92c22c0c041142dabd6de5860238239586e2cbfabd6f59"
"Bitcoin Up or Down - April 13, 4PM ET","Buy","2.9754","5.05839","Down","1776110955","0x86a519a7f0c6deeeb89c4031b97ef82f90727412b172ed98e2b46fff2713660b"
"Bitcoin Up or Down - April 13, 4PM ET","Buy","3.0294","5.61","Down","1776110861","0x3dc0c176027ed0255a96d1d56f99b3dc64f10d75baed317eceb6173bf73830ca"
"Bitcoin Up or Down - April 13, 3PM ET","Sell","0.024730000000000002","26.64","Down","1776110183","0x2baf443e9f2c04571b0acb05bdf798de4a6931ebd7e73e0fd18bba1e5e5b897c"
"Bitcoin Up or Down - April 13, 3PM ET","Buy","1.7142","26.63639","Down","1776108661","0xca1b9a53831e5e56cfcf26655c833c8f4a46f5316f45e2638374deafa93708da"
"Bitcoin Up or Down - April 13, 3PM ET","Sell","0.22732","4.88","Down","1776108659","0x5bba6538b2ce83799d71fd458f10fe3ed64647eec18e099bf2e2e77243690df3"
"Bitcoin Up or Down - April 13, 3:30PM-3:45PM ET","Sell","12.04284","28.52","Up","1776108361","0x7e2de0b71c8ea68c6894b7ec4e05907e35a069e1acda9d2052b9ea13b71b8419"
"Bitcoin Up or Down - April 13, 3:30PM-3:45PM ET","Buy","2.673","5.70478","Up","1776108323","0x59001487d42e68c3785a8e1530ab66fbcdd4ca981ec2dfaa001a989c7d16b064"
"Bitcoin Up or Down - April 13, 3:30PM-3:45PM ET","Buy","2.673","5.70478","Up","1776108277","0xe0b2365791f63f8c6da63d7dbecb6d48bf0fffd6c46e67a88897f089cdd782a8"
"Bitcoin Up or Down - April 13, 3:30PM-3:45PM ET","Buy","2.673","5.70478","Up","1776108225","0x14ff917e92c97a2bd2f33d02b30660bb75457269587230b6376ab5428029d3f4"
"Bitcoin Up or Down - April 13, 3:30PM-3:45PM ET","Buy","2.673","5.70478","Up","1776108175","0x7282d4fa9fba30b38b21e24f8be89e41bb78b71e27110c95748b4c303c58bcbb"
"Bitcoin Up or Down - April 13, 3:30PM-3:45PM ET","Buy","2.673","5.70478","Up","1776108125","0xf2b5010c3f5b4c30e75949971d7846a1c18e80dbf5f744e44e312ea249f4e799"
"Bitcoin Up or Down - April 13, 3PM ET","Buy","2.8728","4.88397","Down","1776107725","0x9949ce72967758c3c7a7f48026da062de3a07750a781bc5f55ed9da0bdb2e6e9"
"Bitcoin Up or Down - April 13, 2:45PM-3:00PM ET","Redeem","0","0","","1776107479","0x6566aedb732305ef04fe99f64ee5c0642f1db744dc7ec51c7ed3112de3dcf336"
"Bitcoin Up or Down - April 13, 2:45PM-3:00PM ET","Redeem","0","0","","1776107299","0x2591404472a7a9508bd05c8f5450dc446cf32d9dc60e297a6b346fd82eb36a60"
"Bitcoin Up or Down - April 13, 3:00PM-3:15PM ET","Sell","0.87639","5.83","Up","1776107283","0x40ccbef9d85f223d1e3e47ec6c75418f617ec88646e70545130e669e518618f0"
"Bitcoin Up or Down - April 13, 2:45PM-3:00PM ET","Redeem","0","0","","1776107157","0x800d7070214b175f93cb5c433e75a39134b5c07576b35b13e949061c64b7d316"
"Bitcoin Up or Down - April 13, 2:45PM-3:00PM ET","Redeem","5.94","5.94","","1776107117","0x7b836391cc37153ea012cdffad2a4d4fb69a51b51e80efb36f176a4605804674"
"Bitcoin Up or Down - April 13, 12PM ET","Redeem","0","0","","1776106293","0xa575da1405179206ed6c084d1cd3482c5c2ce89b0c062a8e32e907b6b75ab62c"
"Bitcoin Up or Down - April 13, 2:30PM-2:45PM ET","Redeem","5.94","5.94","","1776106091","0xf711448aa47b1f2bbf8b72a1a900eee383f3424cbc7d0ca2711f640414fc17ed"
"Bitcoin Up or Down - April 13, 3:00PM-3:15PM ET","Buy","2.9694","5.837479999999999","Up","1776106073","0x8847a86455361b2796e559a88b92cc55f15b888f96f48d7c0e4cb92b79266216"
"Bitcoin Up or Down - April 13, 2:45PM-3:00PM ET","Buy","2.97","5.94","Up","1776105443","0x6fd6103a464edd7bcea1ed7bae46727e88da928641a5cf38c9bc827e73eab03a"
"Bitcoin Up or Down - April 13, 2:30PM-2:45PM ET","Buy","2.97","5.94","Up","1776104509","0xf44de86eee4666ceb8496ae49b6a4164c357dd492f6463dd42bd1e0c4f8e642b"
"Bitcoin Up or Down - April 13, 2PM ET","Buy","2.7176","6.060630000000001","Down","1776104279","0xf9dadc2e865b4378ceaaeb3d288d3872718c9fbdfea4ccef1070f0e86f3ef8ae"
"Bitcoin Up or Down - April 13, 2PM ET","Sell","2.3224299999999998","5.5","Down","1776104109","0xe143f249a41004205b6c59f1a7fc68322dffef73d8ec2caca70d849b597c980b"
"Bitcoin Up or Down - April 13, 2:15PM-2:30PM ET","Sell","2.8037300000000003","5.94","Up","1776103879","0xa8b6a7b01afac7c2e5df9e52c64cd524a5d3614ca9fef148120f4d9942fa6e61"
"Bitcoin Up or Down - April 13, 2:15PM-2:30PM ET","Buy","2.97","5.94","Up","1776103815","0x464b08783070783da590e52ea16229f16b4770878b64763a39eff91a24f41c28"
"Bitcoin Up or Down - April 13, 2PM ET","Buy","2.9121","5.50856","Down","1776103689","0x1d2094bd6fd9f742f789dd000481c20ab6f6be18937f2a802508becb4a884840"
"Bitcoin Up or Down - April 13, 2:00PM-2:15PM ET","Sell","2.69825","5.84","Down","1776103097","0xd3a6e11cdee459a36faad43c54771917cfa2cbb739c9729b9755046acad0479d"
"Bitcoin Up or Down - April 13, 1PM ET","Sell","18.35743","37.16","Down","1776102841","0x486a1cebea7859dfc4d16183b5e4a2dc8f5710e0e75b5a9cf7a373bb649abb8f"
"Bitcoin Up or Down - April 13, 1PM ET","Buy","1.2632","29.397199999999998","Down","1776102469","0x70be3d32f5aba2d6aa1dc2f023778a93cf6dec9227116aca48cb2d46b0e9d432"
"Bitcoin Up or Down - April 13, 2:00PM-2:15PM ET","Buy","3.03","5.8418399999999995","Down","1776102469","0x7535b043ea814a2dc14c00816d743974bd3aa010333b10239b87b8e086298206"
"Bitcoin Up or Down - April 13, 1PM ET","Buy","1.8906","7.764290000000001","Down","1776101281","0x65233bdae5b78c8802d27463d35e2700d3e8ae101ba08ae9e5b01cd4c6cd761a"
"Bitcoin Up or Down - April 13, 12:30PM-12:45PM ET","Redeem","0","0","","1776100857","0xb4aaec3d8152b5f40ddf0793eef8ebd184fd48cb8808d09274be17ccc3747621"
"Bitcoin Up or Down - April 13, 12:00PM-12:15PM ET","Redeem","0","0","","1776100857","0xb4aaec3d8152b5f40ddf0793eef8ebd184fd48cb8808d09274be17ccc3747621"
"Bitcoin Up or Down - April 13, 12:00PM-12:15PM ET","Redeem","0","0","","1776100789","0x8cea56e44d64941d3bf5adb888b80e307db0dc6bcc71dbdc9005d4db3cbb6338"
"Bitcoin Up or Down - April 13, 12:30PM-12:45PM ET","Redeem","6.19458","6.19458","","1776100783","0x19dc6de7a07381cc09bd17798f82dc75d1d43f7f3e39fc3c125a0759971f8a5a"
"Bitcoin Up or Down - April 13, 12PM ET","Buy","1.5996","12.48542","Down","1776097503","0x28d35da5de3c607898538fed47a5b53134e8c9c08e720e34f5352975970994c8"
"Bitcoin Up or Down - April 13, 12:30PM-12:45PM ET","Buy","2.9025","6.19458","Up","1776097503","0xdf9ee19a4f65096dd345d0a4a37bc6c2b9ad948c4bdf73b54bf4c1ef169d65f2"
"Bitcoin Up or Down - April 13, 12:00PM-12:15PM ET","Redeem","5.72189","5.72189","","1776097075","0x559eea47f07b11a763034410ce32b98808b5ce93f379ebc15c4f6a48d9c3cb1d"
"Bitcoin Up or Down - April 13, 12:00PM-12:15PM ET","Buy","2.9106","5.72189","Up","1776096007","0xb9a20236369f61c0bae0b28de81d2d6df87d497e0754f24d9c85d2a077614ee6"
"Bitcoin Up or Down - April 12, 3:45PM-4:00PM ET","Redeem","0","0","","1776024665","0x414f0f6a11b6cb6099d399964477b68046c55d402f47d039bf5ec44c7c6eb9d2"
"GPT-5.4 released by March 5?","Redeem","0","0","","1776024049","0xfbb243613f6fec5a3bd2ab12c3552f182b8016d380c4d760c3a84547c2cb9a83"
"Bitcoin Up or Down - April 12, 3:45PM-4:00PM ET","Buy","1","4.712","Up","1776023909","0x5e64e461b14e5df8bc3a2c3a5b605abb401c129408b8a130cd40953238d87065"
"Will Germany join the Board of Peace?","Redeem","5.08","5.08","","1775889421","0x57c788d121e371121a13ffc36a6c2fc1cef8b02dd0c51c8358c7751f53361e21"
"Will the U.K. join the Board of Peace?","Redeem","5.1","5.1","","1775889421","0x57c788d121e371121a13ffc36a6c2fc1cef8b02dd0c51c8358c7751f53361e21"
"GPT-5.4 released by March 5?","Buy","40.47","269.8","No","1772730179","0xd1a0f1e2cfad510c43f7224d1cd5eb467ad2978d3288ccafbf2f5e56a2e3693b"
"GPT-5.4 released by March 5?","Buy","6.3","30","No","1772728107","0x57a6e30afa5a56c1b2d131bc0960b00274ee3e3f141689f67dd2287861f93c67"
"GPT-5.4 released by March 5?","Buy","9.999999","47.619046","No","1772727891","0x3b4452ce7fe7149bb3a025acce0218e7e59622d5c8746473bed8fd04670e291d"
"Will Germany join the Board of Peace?","Buy","4.99364","5.08","No","1772726277","0xc11315ddd532717398798553fdd2acac6157b7a4c025701dad89b0778e465dd2"
"GPT-5.4 released by March 5?","Buy","10","40","No","1772726043","0x566e39e815a95f9c00db5545cc5be276bf8a2eee6e389e900f081d44b6df3364"
"Will the U.K. join the Board of Peace?","Buy","4.998","5.1","No","1772724955","0x1a175764db950e384187cfea174e0f1f8f408f8330adaf8b4c90dd644462db59"
"Bitcoin Up or Down - March 5, 7AM ET","Redeem","0","0","","1772722947","0xc177d5baf9aeee11510e3170936c45f6a3899f6ee91b4153050876a832e2f870"
"XRP Up or Down - March 4, 10:00PM-10:05PM ET","Redeem","0","0","","1772722291","0xec250efe54a8e706d4f1af55ec74ba5172ef22820f96e525114ac493bad1ac69"
"Ethereum Up or Down - March 4, 9:50PM-9:55PM ET","Redeem","0","0","","1772722291","0xec250efe54a8e706d4f1af55ec74ba5172ef22820f96e525114ac493bad1ac69"
"XRP Up or Down - March 4, 9:55PM-10:00PM ET","Redeem","0","0","","1772722291","0xec250efe54a8e706d4f1af55ec74ba5172ef22820f96e525114ac493bad1ac69"
"Ethereum Up or Down - March 4, 10:00PM-10:05PM ET","Redeem","0","0","","1772722291","0xec250efe54a8e706d4f1af55ec74ba5172ef22820f96e525114ac493bad1ac69"
"Bitcoin Up or Down - March 5, 1:55AM-2:00AM ET","Redeem","0","0","","1772722291","0xec250efe54a8e706d4f1af55ec74ba5172ef22820f96e525114ac493bad1ac69"
"Bitcoin Up or Down - March 5, 7AM ET","Redeem","8.47","8.47","","1772722281","0xa2fdb3426b552d245e7a4df2b5eeef15120c9fb410df470be2e8202f581509a4"
"Bitcoin Up or Down - March 5, 2AM ET","Redeem","0","0","","1772719609","0x44a9f9569ee7233016b3ded40d5d264b2f149f93903430af576855c592302136"
"Bitcoin Up or Down - March 5, 8:30AM-8:45AM ET","Redeem","17.6936","17.6936","","1772719609","0x44a9f9569ee7233016b3ded40d5d264b2f149f93903430af576855c592302136"
"Bitcoin Up or Down - March 5, 2AM ET","Redeem","10.94","10.94","","1772718003","0xf186f5fbb1305595592ed4444b0c8f35430b022e17cea27c9f3af87aa1966747"
"Bitcoin Up or Down - March 5, 8:30AM-8:45AM ET","Buy","4.4525","17.6936","Up","1772717931","0x8e8329904296c543da905232a3302279bf0b5b551b2dcb495977b4d61a2fd7ee"
"Bitcoin Up or Down - March 5, 7AM ET","Buy","4.9973","8.47","Down","1772715211","0x5dc091399efb08243dfbb7208a336529c07ac1eb2fd0721504701af13585ac97"
"Bitcoin Up or Down - March 5, 2AM ET","Buy","4.943","10.94","Down","1772694941","0x456e3ad7bd3a7f27f717a614f2bb00ea54e9d6e5248204c9dd6e500b8aaf96a7"
"Bitcoin Up or Down - March 5, 1:55AM-2:00AM ET","Buy","0.234809","26.089496","Down","1772694037","0x23ad0a96269cbdeda970eb67dba0165e063440c91dfd2c7eb1fdc5d3f927c16d"
"GPT-5.4 released by March 5?","Buy","19.999999","71.42857","No","1772684073","0xc7421b08bc1c98c6493e285c53c096db4d4fb86d5876521e5d0f3f8d24bee851"
"Solana Up or Down - March 4, 9:50PM-9:55PM ET","Redeem","0","0","","1772679981","0xbdca9304685fb77149e34a541c473e6df37b26a3ba6c2ab18ef201fc189faca0"
"Solana Up or Down - March 4, 9:55PM-10:00PM ET","Redeem","0","0","","1772679981","0xbdca9304685fb77149e34a541c473e6df37b26a3ba6c2ab18ef201fc189faca0"
"Solana Up or Down - March 4, 9:50PM-9:55PM ET","Redeem","0","0","","1772679947","0x25c15e3bc320950c687d88c1ff8f392ac14acea1e46147c63e55fd201dc56fc5"
"Solana Up or Down - March 4, 9:55PM-10:00PM ET","Redeem","6.84","6.84","","1772679947","0x25c15e3bc320950c687d88c1ff8f392ac14acea1e46147c63e55fd201dc56fc5"
"Ethereum Up or Down - March 4, 10:00PM-10:05PM ET","Buy","2.595","5.19","Down","1772679805","0x9794205ef8a1015e3ede863e48cf65c55dd92c77aed395101d3ab86ac9669983"
"Ethereum Up or Down - March 4, 10:00PM-10:05PM ET","Buy","2.405","4.81","Down","1772679803","0xe0d3f76cc2d5b924ef23ac004d6734a8e64a46c556ba29973ce1625cde8edd4f"
"XRP Up or Down - March 4, 10:00PM-10:05PM ET","Buy","4.725","6.6756","Down","1772679793","0x4173968d5bd47b3fbb3c7a5b001f3cc29a7efca5ba55a7c41616e25a0baf8ff0"
"Solana Up or Down - March 4, 9:55PM-10:00PM ET","Buy","4.9932","6.84","Down","1772679549","0x2821b86d06156d8edd7c208ec49f64691dcf906a6765319be06bcefa8bb925a9"
"XRP Up or Down - March 4, 9:55PM-10:00PM ET","Buy","0.02878","0.048779","Down","1772679545","0x28e679578ddaedd9973d1426880ed4f472166d0e776e52a9430f7bf96dc38f47"
"XRP Up or Down - March 4, 9:55PM-10:00PM ET","Buy","4.9678","8.42","Down","1772679545","0x134b6ace6ac0d15b646f52ef4ba3d96d8e2b2880b8895c37fdf663fada5d0616"
"Solana Up or Down - March 4, 9:55PM-10:00PM ET","Buy","2.6864","11.68","Up","1772679495","0xe41961d15ee905ff21172ffdfb3283a84e85e4e2b5f95b3337de5779aa8cf684"
"Solana Up or Down - March 4, 9:55PM-10:00PM ET","Buy","1.138051","4.948047","Up","1772679495","0x72201cada87657b761404b11eec191e31c7cad3a4e3d15f7e4463990954dd20c"
"Solana Up or Down - March 4, 9:55PM-10:00PM ET","Buy","0.206103","0.8961","Up","1772679493","0x5597ef5fdf64a875d3d6152c56f98eec82a8f4b6ec3d34c8f13d2308081655a6"
"Solana Up or Down - March 4, 9:55PM-10:00PM ET","Buy","0.966","4.2","Up","1772679493","0x5693239f7d6e9a56d1cd5bab1cf899cee0df32dd8498dcb1b438b17097be0b3b"
"Solana Up or Down - March 4, 9:50PM-9:55PM ET","Redeem","5.95","5.95","","1772679479","0x72febd7b943511422be55a4455736309ae0609b7c05d01e65ed9fa2fb6ac197c"
"Ethereum Up or Down - March 4, 9:45PM-9:50PM ET","Redeem","0","0","","1772679361","0xfdddad1e2279e386416951af5e603f363478fbae2487ff3e21f30b0a6522e3ac"
"Solana Up or Down - March 4, 9:45PM-9:50PM ET","Redeem","0","0","","1772679361","0xfdddad1e2279e386416951af5e603f363478fbae2487ff3e21f30b0a6522e3ac"
"Solana Up or Down - March 4, 9:50PM-9:55PM ET","Buy","4.998","5.95","Down","1772679211","0x8926fe41cf1703b2ef59e799e2c3113809d6b9b4a241efbfee7e37e04e06514d"
"Ethereum Up or Down - March 4, 9:45PM-9:50PM ET","Redeem","0","0","","1772679203","0x2625b70dde2c5fadf28651ce7e97568b2bbe9b574d2201345d44c098a7f25caa"
"Solana Up or Down - March 4, 9:45PM-9:50PM ET","Redeem","0","0","","1772679203","0x2625b70dde2c5fadf28651ce7e97568b2bbe9b574d2201345d44c098a7f25caa"
"Ethereum Up or Down - March 4, 9:50PM-9:55PM ET","Buy","2.0618","7.8567","Up","1772679189","0x1d8d9642f0e57ed2a9d4e6e6fcf0627211f4093f6a955968c1b6cf37407e45cd"
"Solana Up or Down - March 4, 9:35PM-9:40PM ET","Redeem","0","0","","1772679183","0x68cf114e7053be6af9a8b9c4b14a191c7a1ebc331fe25a98c03dd705ff68ef23"
"Ethereum Up or Down - March 4, 9:10PM-9:15PM ET","Redeem","0","0","","1772679183","0x68cf114e7053be6af9a8b9c4b14a191c7a1ebc331fe25a98c03dd705ff68ef23"
"Ethereum Up or Down - March 4, 9:35PM-9:40PM ET","Redeem","0","0","","1772679183","0x68cf114e7053be6af9a8b9c4b14a191c7a1ebc331fe25a98c03dd705ff68ef23"
"XRP Up or Down - March 4, 9:40PM-9:45PM ET","Redeem","0","0","","1772679183","0x68cf114e7053be6af9a8b9c4b14a191c7a1ebc331fe25a98c03dd705ff68ef23"
"Bitcoin Up or Down - March 4, 9:25PM-9:30PM ET","Redeem","0","0","","1772679183","0x68cf114e7053be6af9a8b9c4b14a191c7a1ebc331fe25a98c03dd705ff68ef23"
"Bitcoin Up or Down - March 4, 9:30PM-9:35PM ET","Redeem","0","0","","1772679183","0x68cf114e7053be6af9a8b9c4b14a191c7a1ebc331fe25a98c03dd705ff68ef23"
"Solana Up or Down - March 4, 9:45PM-9:50PM ET","Redeem","5.26","5.26","","1772679141","0xd1a5b52e3e0de8247aa26a6b4b769fed84fe2567f220c4706c65bafae7c454bb"
"Ethereum Up or Down - March 4, 9:45PM-9:50PM ET","Redeem","5.26","5.26","","1772679141","0xd1a5b52e3e0de8247aa26a6b4b769fed84fe2567f220c4706c65bafae7c454bb"
"Ethereum Up or Down - March 4, 9:40PM-9:45PM ET","Redeem","0","0","","1772679073","0xe21e671e23efcc45870201372822ac38a8feaab9e684e14bc64731217fb92a9c"
"Solana Up or Down - March 4, 9:40PM-9:45PM ET","Redeem","0","0","","1772679073","0xe21e671e23efcc45870201372822ac38a8feaab9e684e14bc64731217fb92a9c"
"Bitcoin Up or Down - March 4, 9:40PM-9:45PM ET","Redeem","0","0","","1772679073","0xe21e671e23efcc45870201372822ac38a8feaab9e684e14bc64731217fb92a9c"
"Ethereum Up or Down - March 4, 9:40PM-9:45PM ET","Redeem","5.806427","5.806427","","1772678971","0xf0acff808104c0aed7f6261de45a4097f344dc7d260ee0e6f283c6a4e1725964"
"Solana Up or Down - March 4, 9:40PM-9:45PM ET","Redeem","6.488259","6.488259","","1772678971","0xf0acff808104c0aed7f6261de45a4097f344dc7d260ee0e6f283c6a4e1725964"
"Bitcoin Up or Down - March 4, 9:40PM-9:45PM ET","Redeem","7.1358","7.1358","","1772678971","0xf0acff808104c0aed7f6261de45a4097f344dc7d260ee0e6f283c6a4e1725964"
"Solana Up or Down - March 4, 9:45PM-9:50PM ET","Buy","4.997","5.26","Up","1772678897","0xf7529620e70a12094dfef4f2d6d9dcc4136c6976b0a39daf8819f2a4f68df383"
"Ethereum Up or Down - March 4, 9:45PM-9:50PM ET","Buy","4.997","5.26","Up","1772678897","0x91f0140d84b3c0bbda2da081201cec620a60fbb1fe6ba639d700aaaf316f00da"
"Ethereum Up or Down - March 4, 9:40PM-9:45PM ET","Buy","0.0774","0.09","Down","1772678601","0x5821d49ad726c987e426c76ffb625a69b5a29e7dea915ad63a4973c961f9edfd"
"Ethereum Up or Down - March 4, 9:40PM-9:45PM ET","Buy","4.916128","5.716427","Down","1772678601","0xadeecdf25dc3b833d6fa394a19233d8535e32da93f57b57bef223f186d966c69"
"Solana Up or Down - March 4, 9:40PM-9:45PM ET","Buy","4.21826","5.478259","Down","1772678601","0x7c83e43c68bd5b4ea334789c9ae5e493ce407a8f587897a138d3b7b1850bce2e"
"Solana Up or Down - March 4, 9:40PM-9:45PM ET","Buy","0.7777","1.01","Down","1772678601","0x0890bc4613bc8aa14b1a8a4fe8243a7e8302c5e3b295f261d954e32516ec520e"
"Bitcoin Up or Down - March 4, 9:40PM-9:45PM ET","Buy","4.998","14.7","Up","1772678591","0xf2d543aadc549625e77f0902b0cdb58dd0b951989ae39639400893413059f714"
"XRP Up or Down - March 4, 9:40PM-9:45PM ET","Buy","4.656","7.1447","Down","1772678589","0x00e7fa2fb2553e2a981ddbbf0473ecc3b9ccea9635888276e2f0a59e389ddf61"
"Bitcoin Up or Down - March 4, 9:40PM-9:45PM ET","Buy","4.344","7.135800000000001","Down","1772678587","0xfc55cf4662b1b828061cb3417341646b3b63525341a48d162edd96aee04094a0"
"Solana Up or Down - March 4, 9:40PM-9:45PM ET","Buy","3.5411","20.726399999999998","Up","1772678587","0xc034a84434c64cb45300c5a8df24e0d867e978ee6b911452271311d7ae68ed5d"
"XRP Up or Down - March 4, 9:35PM-9:40PM ET","Redeem","7.14","7.14","","1772678551","0xd2359a4d6c3abb6c0140962a84006a23c3d0ab2f8e796d4a80e4358b9dce0588"
"Bitcoin Up or Down - March 4, 9:35PM-9:40PM ET","Redeem","8.9485","8.9485","","1772678551","0xd2359a4d6c3abb6c0140962a84006a23c3d0ab2f8e796d4a80e4358b9dce0588"
"XRP Up or Down - March 4, 9:25PM-9:30PM ET","Redeem","0","0","","1772678299","0x2fd242c0178e53339b68d8dd8ec892ec7d830ba31f245725151a6250d7ba6c5b"
"Ethereum Up or Down - March 4, 9:25PM-9:30PM ET","Redeem","0","0","","1772678299","0x2fd242c0178e53339b68d8dd8ec892ec7d830ba31f245725151a6250d7ba6c5b"
"Solana Up or Down - March 4, 9:25PM-9:30PM ET","Redeem","0","0","","1772678299","0x2fd242c0178e53339b68d8dd8ec892ec7d830ba31f245725151a6250d7ba6c5b"
"XRP Up or Down - March 4, 9:20PM-9:25PM ET","Redeem","0","0","","1772678299","0x2fd242c0178e53339b68d8dd8ec892ec7d830ba31f245725151a6250d7ba6c5b"
"Bitcoin Up or Down - March 4, 9:20PM-9:25PM ET","Redeem","0","0","","1772678299","0x2fd242c0178e53339b68d8dd8ec892ec7d830ba31f245725151a6250d7ba6c5b"
"Solana Up or Down - March 4, 9:20PM-9:25PM ET","Redeem","0","0","","1772678299","0x2fd242c0178e53339b68d8dd8ec892ec7d830ba31f245725151a6250d7ba6c5b"
"Ethereum Up or Down - March 4, 9:20PM-9:25PM ET","Redeem","0","0","","1772678299","0x2fd242c0178e53339b68d8dd8ec892ec7d830ba31f245725151a6250d7ba6c5b"
"Solana Up or Down - March 4, 9:35PM-9:40PM ET","Buy","4.998","5.88","Up","1772678293","0xadca548d37eb16e7c3605473da5f580397f71e6df6fe73e5269eea2e88384471"
"XRP Up or Down - March 4, 9:35PM-9:40PM ET","Buy","3.57","7.14","Down","1772678285","0xd0deed3b6d2a53f96d25200b3dc44cd48cc0f455fcefab4a9ebbbc710406ad56"
"Ethereum Up or Down - March 4, 9:35PM-9:40PM ET","Buy","4.995","6.75","Up","1772678285","0xcee6019481e8a2ac043441b0faaeec9f3aec262b49e31b7cee0f515a450933e4"
"XRP Up or Down - March 4, 9:35PM-9:40PM ET","Buy","4.3099","9.0278","Up","1772678281","0x53a045ad71a19b7248d713903c45ad402e992a1e731f96286b90a4c2f7855b1a"
"Bitcoin Up or Down - March 4, 9:35PM-9:40PM ET","Buy","4.7268","8.9485","Down","1772678281","0x9a3728e51df4185dca8df75fba32a6c257057e69b82884445507726d4a2a46f3"
"Bitcoin Up or Down - March 4, 9:35PM-9:40PM ET","Buy","4.603236","9.460397","Up","1772678279","0x4fd611644fb52f719dbcc3a2512e88b6b8c03a135462e10e80f20e2456d225bc"
"XRP Up or Down - March 4, 9:25PM-9:30PM ET","Redeem","5.81","5.81","","1772678137","0xe96bc38c5fcf9246aff3eb4622bfdf36bf834316296d6e12fb2f6ac04b63d316"
"Ethereum Up or Down - March 4, 9:25PM-9:30PM ET","Redeem","5.95","5.95","","1772678137","0xe96bc38c5fcf9246aff3eb4622bfdf36bf834316296d6e12fb2f6ac04b63d316"
"Solana Up or Down - March 4, 9:25PM-9:30PM ET","Redeem","7.14","7.14","","1772678137","0xe96bc38c5fcf9246aff3eb4622bfdf36bf834316296d6e12fb2f6ac04b63d316"
"XRP Up or Down - March 4, 9:20PM-9:25PM ET","Redeem","0","0","","1772678137","0xe96bc38c5fcf9246aff3eb4622bfdf36bf834316296d6e12fb2f6ac04b63d316"
"Bitcoin Up or Down - March 4, 9:20PM-9:25PM ET","Redeem","0","0","","1772678137","0xe96bc38c5fcf9246aff3eb4622bfdf36bf834316296d6e12fb2f6ac04b63d316"
"Solana Up or Down - March 4, 9:20PM-9:25PM ET","Redeem","0","0","","1772678137","0xe96bc38c5fcf9246aff3eb4622bfdf36bf834316296d6e12fb2f6ac04b63d316"
"Ethereum Up or Down - March 4, 9:20PM-9:25PM ET","Redeem","0","0","","1772678137","0xe96bc38c5fcf9246aff3eb4622bfdf36bf834316296d6e12fb2f6ac04b63d316"
"Bitcoin Up or Down - March 4, 9:30PM-9:35PM ET","Buy","2.2775","55.5286","Up","1772677977","0x2984786c2c016967d2aa24bef2b21eb6c6d0bb0e4e03fe070d57711e923a30e3"
"Solana Up or Down - March 4, 9:25PM-9:30PM ET","Buy","4.998","7.14","Down","1772677769","0xa688eed8a582b447b1f5819111065d1aa0d156a35e9f0a8fdf986a97399f9a69"
"XRP Up or Down - March 4, 9:25PM-9:30PM ET","Buy","4.2656","4.96","Down","1772677699","0x9b481af56d5b8651c1c035403069230fc5d4d2c07af53ffbe6107743b849d365"
"XRP Up or Down - March 4, 9:25PM-9:30PM ET","Buy","0.731","0.85","Down","1772677699","0x0c72e0c9e56c8f6170e381b6043e7a21b85921804ded47a2eb0df4e1fc9aa036"
"XRP Up or Down - March 4, 9:20PM-9:25PM ET","Redeem","8.910908","8.910908","","1772677679","0x69843d03bf14a82349033a6aa7b38e553401d5e3b70fe4efff83fb1a70deb211"
"Bitcoin Up or Down - March 4, 9:20PM-9:25PM ET","Redeem","9.105873","9.105873","","1772677679","0x69843d03bf14a82349033a6aa7b38e553401d5e3b70fe4efff83fb1a70deb211"
"Solana Up or Down - March 4, 9:20PM-9:25PM ET","Redeem","9.25","9.25","","1772677679","0x69843d03bf14a82349033a6aa7b38e553401d5e3b70fe4efff83fb1a70deb211"
"Ethereum Up or Down - March 4, 9:20PM-9:25PM ET","Redeem","13.51","13.51","","1772677679","0x69843d03bf14a82349033a6aa7b38e553401d5e3b70fe4efff83fb1a70deb211"
"Ethereum Up or Down - March 4, 9:25PM-9:30PM ET","Buy","4.998","5.95","Down","1772677677","0x4681c1acf2493106681a2b29a4a982a26c932e0ac93981d4a5ef64a3fe548b24"
"Bitcoin Up or Down - March 4, 9:25PM-9:30PM ET","Buy","3.855128","31.188327","Up","1772677675","0xb5e5e7bf60b971b4e50704ee2d221c35d152d11325f3b5e045e299194da073a2"
"Ethereum Up or Down - March 4, 9:20PM-9:25PM ET","Buy","4.9987","13.51","Down","1772677483","0x6ef36cab941686cab1c1323d47eb9d5a2e86905f102e7ab8b6395bc4fcdc369e"
"XRP Up or Down - March 4, 9:20PM-9:25PM ET","Buy","2.5592","4.57","Down","1772677385","0xd274ec44e26851d8b2438e5dae13c57de2b49eceee75b67b9662ecade5bf14ca"
"XRP Up or Down - March 4, 9:20PM-9:25PM ET","Buy","2.430909","4.340908","Down","1772677385","0x8cfa50413951a0cf99c50419d3526f1bde9e62e240f94f5fa3cfbb36c7d0fa9d"
"Solana Up or Down - March 4, 9:20PM-9:25PM ET","Buy","2.9322","5.43","Down","1772677385","0x1b1f4b4280235490a61582d6db75adbe1afcee978bd77b48ff4dc0ec5dc9e519"
"Solana Up or Down - March 4, 9:20PM-9:25PM ET","Buy","2.0628","3.82","Down","1772677385","0x53f743bd32b935e07b4c2b4ce54f7ec373c89b0fb26c91baa811dce519f88c67"
"Solana Up or Down - March 4, 9:20PM-9:25PM ET","Buy","4.887","10.6937","Up","1772677377","0xe578aa99f86b96011023c063569619b2dd815b9b1478621e7ec7b9f1bcf2f7b5"
"XRP Up or Down - March 4, 9:20PM-9:25PM ET","Buy","4.571","11.733600000000001","Up","1772677375","0xac5d5f54657519bdeaabfa16fc6048a01b1d2718b3b5483ff98a1f489a7b9f08"
"Ethereum Up or Down - March 4, 9:20PM-9:25PM ET","Buy","4.6585","8.340300000000001","Up","1772677375","0xe67079b07fe65bd98d30cfb73ace8f3e31d2a49cf9e84592c4088eff81da6314"
"Bitcoin Up or Down - March 4, 9:20PM-9:25PM ET","Buy","4.800782","9.105873","Down","1772677373","0xb7ef8c82ec1995f8b51cc95c8b29db9dfb87e578c9bfaf0c42831c45981ea6c6"
"Bitcoin Up or Down - March 4, 9:20PM-9:25PM ET","Buy","4.14187","8.337796","Up","1772677373","0x2ece81aa539531c12ff7ad61457ac548cc4fd0358d5ebac0bdc9cbc1a40357d3"
"Solana Up or Down - March 4, 9:15PM-9:20PM ET","Redeem","5.26","5.26","","1772677349","0x53ba2ecd631c97501d87a4cf5a736321c66639464c89f10b24d348ea1ccd5dd9"
"Bitcoin Up or Down - March 4, 9:15PM-9:20PM ET","Redeem","8.47","8.47","","1772677349","0x53ba2ecd631c97501d87a4cf5a736321c66639464c89f10b24d348ea1ccd5dd9"
"XRP Up or Down - March 4, 9:15PM-9:20PM ET","Redeem","9.8","9.8","","1772677349","0x53ba2ecd631c97501d87a4cf5a736321c66639464c89f10b24d348ea1ccd5dd9"
"Solana Up or Down - March 4, 9:15PM-9:20PM ET","Buy","4.997","5.26","Up","1772677101","0x741efe2111c7f31c5df0b70f7bc6a632506b632b575bb3f68c864929aa4f1255"
"Bitcoin Up or Down - March 4, 9:15PM-9:20PM ET","Buy","4.9973","8.47","Down","1772677087","0x118f3aecbd45c82981093ec85d86fe02c960bb4f7a7f1609fca8db65886cb1ff"
"XRP Up or Down - March 4, 9:15PM-9:20PM ET","Buy","4.998","9.8","Down","1772677085","0x055c85d8a2d08c1224a9e08c8fd5ba17be83075001c48e60160a4bf8a4920086"
"Bitcoin Up or Down - March 4, 9:15PM-9:20PM ET","Buy","3.613855","9.158797","Up","1772677071","0x37ab4ca70593ea720af6cf051b2cd96672733d1152173ba26dce15278e254b90"
"Solana Up or Down - March 4, 9:10PM-9:15PM ET","Redeem","6.41","6.41","","1772677063","0xc67a613335437e895991b76cc9bc7f96f767c9837e0dde128a209fe26f9c24a2"
"Bitcoin Up or Down - March 4, 9:10PM-9:15PM ET","Redeem","10.9","10.9","","1772677063","0xc67a613335437e895991b76cc9bc7f96f767c9837e0dde128a209fe26f9c24a2"
"XRP Up or Down - March 4, 9:10PM-9:15PM ET","Redeem","14.135","14.135","","1772677063","0xc67a613335437e895991b76cc9bc7f96f767c9837e0dde128a209fe26f9c24a2"
"Solana Up or Down - March 4, 9:05PM-9:10PM ET","Redeem","0","0","","1772677053","0x297952c20c277b7c4e7a3ea7508753ea45c7d882dd1a844dee68aee29cc21a8e"
"Bitcoin Up or Down - March 4, 9:00PM-9:05PM ET","Redeem","0","0","","1772677053","0x297952c20c277b7c4e7a3ea7508753ea45c7d882dd1a844dee68aee29cc21a8e"
"Ethereum Up or Down - March 4, 9:10PM-9:15PM ET","Buy","4.9932","6.57","Down","1772676781","0xe655c667aab8e567e5aebf0454f2c28c009d4334a4ebad1376822e3f834b4c80"
"Solana Up or Down - March 4, 9:10PM-9:15PM ET","Buy","4.9998","6.41","Down","1772676781","0xfa1f7706855b1f7d1cc1330d799497fd2d816c80724932027bfdbcf300827d01"
"XRP Up or Down - March 4, 9:10PM-9:15PM ET","Buy","1.3862","2.39","Down","1772676781","0xf397a9699b6471b4558bef9ce3d706b678eee29a9d9c6df03eeed70daa3859a2"
"XRP Up or Down - March 4, 9:10PM-9:15PM ET","Buy","0.9338","1.61","Down","1772676781","0x47e207b6001524dc263b9c78e6e4159554e2448dbac54b9ef4c31cbb83b6ff9b"
"XRP Up or Down - March 4, 9:10PM-9:15PM ET","Buy","1.74","3","Down","1772676781","0xbf624d4d779a5dba0fc2646249198308fa75a3a0ee21a41d4236a1096163e105"
"XRP Up or Down - March 4, 9:10PM-9:15PM ET","Buy","0.9396","1.62","Down","1772676781","0xcafc54eaeb038b2c1ca69d70a679314485c23b94806dfbec7aeca3ba3859f34f"
"XRP Up or Down - March 4, 9:10PM-9:15PM ET","Buy","3.9984","14.135","Up","1772676775","0x809afcd038023ecd76d6c5d526ca1328aa47627d2504af7f1ccc7fcebd7ea0e6"
"Solana Up or Down - March 4, 9:10PM-9:15PM ET","Buy","2.223","15.5619","Up","1772676773","0xeee85f332042acd68c90b7e090edd63e3984e6f8716986a44f88abf509c0c1f9"
"Bitcoin Up or Down - March 4, 9:10PM-9:15PM ET","Buy","2.4978","5.43","Up","1772676771","0x5ff43e8a1decae194a5f4fae4d99c39113be8395ca6c3ab3ef732b59bf7928da"
"Bitcoin Up or Down - March 4, 9:10PM-9:15PM ET","Buy","4.2174","7.6895999999999995","Down","1772676771","0xc3ed66768b6c725711798dbce08e5461aa36deb0afb8b793b3b76f7ed61a0b09"
"Bitcoin Up or Down - March 4, 9:10PM-9:15PM ET","Buy","2.5162","5.47","Up","1772676771","0xc05e59fe6b15e6717bbb45e5f590687b245ad706fad78d59335fef4e4c882dde"
"XRP Up or Down - March 4, 9:05PM-9:10PM ET","Redeem","7.9342","7.9342","","1772676767","0x4f2a9fce4cb8bd5fba5094a41216340f110bf1d3206e815602a734c7c5c94a5a"
"Bitcoin Up or Down - March 4, 9:05PM-9:10PM ET","Redeem","8.646197","8.646197","","1772676767","0x4f2a9fce4cb8bd5fba5094a41216340f110bf1d3206e815602a734c7c5c94a5a"
"Ethereum Up or Down - March 4, 9:05PM-9:10PM ET","Redeem","8.949","8.949","","1772676767","0x4f2a9fce4cb8bd5fba5094a41216340f110bf1d3206e815602a734c7c5c94a5a"
"XRP Up or Down - March 4, 9:05PM-9:10PM ET","Buy","2.3236","6.28","Down","1772676485","0x3ea646d15785723d79b5ea07202572c9960cef5fad36b9ab6d8355e2c414b646"
"XRP Up or Down - March 4, 9:05PM-9:10PM ET","Buy","2.672222","7.222221","Down","1772676485","0xf7eded83469d7ebfe8bd3a0c9a4d3402fa532e647d99c0645e0d42ea44b91646"
"Solana Up or Down - March 4, 9:05PM-9:10PM ET","Buy","4.9995","11.11","Down","1772676483","0x89ee267eb9a38a308c73792dd51011f3685fe4de9cffe2552e5ce92108e6fe57"
"Ethereum Up or Down - March 4, 9:05PM-9:10PM ET","Buy","1.6","5","Down","1772676483","0xc0b7d69333ccf4254f922bc63bf8b04a217e25baf80910710b33f189274e8400"
"Ethereum Up or Down - March 4, 9:05PM-9:10PM ET","Buy","3.3984","10.62","Down","1772676483","0x824406b8db7cab4af48e01e19ff60a58875ae44b288da3f47b2af1ee9b4d0630"
"Bitcoin Up or Down - March 4, 9:05PM-9:10PM ET","Buy","4.9973","8.47","Down","1772676471","0x371305174a00b6f344046f5eb7841198935e9dfa7a473d84a7a0c6677b35a6ce"
"XRP Up or Down - March 4, 9:05PM-9:10PM ET","Buy","4.1106","7.934200000000001","Up","1772676469","0xe60f95a8843b6d6a491fc6c0b590e3e1e18497cc02a4ab6a4de6f91906bbef7c"
"Ethereum Up or Down - March 4, 9:05PM-9:10PM ET","Buy","4.8177","8.949","Up","1772676469","0x743a257ed7ffdda6a9e4add73b32ad9b607d3401fa58668163670e3cd27c6658"
"Bitcoin Up or Down - March 4, 9:05PM-9:10PM ET","Buy","3.411572","8.646197","Up","1772676467","0xdc897f37184b43412359cc0fbcc301ccafbc5acbb714d9362522d8c76a68a4ec"
"Ethereum Up or Down - March 4, 8:55PM-9:00PM ET","Redeem","0","0","","1772676415","0x8abeec70fc6118c6350471c69523c480a1f2ab21fd55247a4fc82a4bc10b3cc9"
"Solana Up or Down - March 4, 8:55PM-9:00PM ET","Redeem","0","0","","1772676415","0x8abeec70fc6118c6350471c69523c480a1f2ab21fd55247a4fc82a4bc10b3cc9"
"Bitcoin Up or Down - March 4, 8:55PM-9:00PM ET","Redeem","6.5794","6.5794","","1772676301","0x92cbd459a27c0e000e133cea97d8c0d81b545c34396914aa40a109d46d515831"
"Bitcoin Up or Down - March 4, 9:00PM-9:05PM ET","Buy","4.5066","15.3753","Down","1772676165","0xea875cdaf0181d098e7938e31e89bb9341ec8fd848c3e595a0018caae698ac96"
"Bitcoin Up or Down - March 4, 8:55PM-9:00PM ET","Buy","0.4004","1.43","Up","1772675867","0x6ddff1adbb6baf07c2028ee9e0ba46515503d4d6d059144c29b0eb73980ddd69"
"Bitcoin Up or Down - March 4, 8:55PM-9:00PM ET","Buy","4.5976","16.42","Up","1772675867","0x46271b2dd67810680ca9b001a514eb906b1b37ec981b7c60a56709f469c6fa97"
"Ethereum Up or Down - March 4, 8:55PM-9:00PM ET","Buy","3.5144","6.5566","Down","1772675865","0xb1ed84acc7b3c08ad9cb44173fd21e1ef58543f9bbf9bc41b8f3dffcc38932c9"
"Solana Up or Down - March 4, 8:55PM-9:00PM ET","Buy","2.94","7.244199999999999","Down","1772675865","0x12804653e485971d72bd52e644630c13c57d057a43ad681ef88c8fa83598e526"
"Bitcoin Up or Down - March 4, 8:55PM-9:00PM ET","Buy","4.2021","6.5794","Down","1772675863","0x28d6b232c31f73e78e5920b13d13f1cf96088a929a429dedf6269ab33a83557b"
"Ethereum Up or Down - March 4, 8:10PM-8:15PM ET","Redeem","6.25","6.25","","1772673477","0xbf631b6cea13374f57168c8647c9fcc79a440192dd988b130add85d72737ab8f"
"Solana Up or Down - March 4, 8:10PM-8:15PM ET","Redeem","13.0407","13.0407","","1772673477","0xbf631b6cea13374f57168c8647c9fcc79a440192dd988b130add85d72737ab8f"
"XRP Up or Down - March 4, 8:10PM-8:15PM ET","Redeem","14.7","14.7","","1772673477","0xbf631b6cea13374f57168c8647c9fcc79a440192dd988b130add85d72737ab8f"
"Bitcoin Up or Down - March 4, 8:10PM-8:15PM ET","Redeem","23.86","23.86","","1772673477","0xbf631b6cea13374f57168c8647c9fcc79a440192dd988b130add85d72737ab8f"
"Ethereum Up or Down - March 4, 8:10PM-8:15PM ET","Buy","5","6.25","Down","1772673127","0x3037364727a2a04081b8e773fc30db597a8361565fb731890c35bf10b0d14644"
"XRP Up or Down - March 4, 8:10PM-8:15PM ET","Buy","4.08","12","Up","1772673111","0xeb613f8e43f41ff49709672b09e9496d863b895024dcefb8f6a3e48e4e11f095"
"XRP Up or Down - March 4, 8:10PM-8:15PM ET","Buy","0.918","2.7","Up","1772673111","0x734e10834ab72ac72cc58a42684c48e664c66799c6666165e8768670a961d4d6"
"Solana Up or Down - March 4, 8:10PM-8:15PM ET","Buy","3.156","13.040700000000001","Up","1772673109","0xa5ffd7f99164b83a00b2e318b1c7b827052f654179c90a0746f8fa4f028f6997"
"Bitcoin Up or Down - March 4, 8:10PM-8:15PM ET","Buy","5.0106","23.86","Up","1772673107","0xeeae8d9fe27844f6491d6f160311b26b5ba148d8d4bca3b24c3e79ffaaa1ab31"
"XRP Up or Down - March 4, 8:10PM-8:15PM ET","Buy","3.6771","7.8073999999999995","Down","1772673105","0xbec2eab6e0ac96b9855535ad77604e6dff437d87570c7d18e717ff7bc2d645f6"
"Bitcoin Up or Down - March 4, 8:10PM-8:15PM ET","Buy","4.493725","6.186222","Down","1772673105","0xf0ffd8133d6cb2bd816a2a34710e6e3533d77007e1ffe37fda1aa5bd6a5ffe6a"
"Solana Up or Down - March 4, 8:10PM-8:15PM ET","Buy","4.4982","7.0431","Down","1772673105","0x1b8062ffa72f6ebb22ddad6f920e87a66914a44ad2591b00027083fd20cf5414"
"Ethereum Up or Down - March 4, 7:55PM-8:00PM ET","Redeem","7.69","7.69","","1772672991","0x79d70c116ed0b506203a22665ab4dbf32a774f623657e3383de77011af64b363"
"Solana Up or Down - March 4, 7:55PM-8:00PM ET","Redeem","0","0","","1772672693","0xed9eb83123f6bb1aaed3c245e61dc0341bc4170cb8a407874e4cdc845f0ede29"
"XRP Up or Down - March 4, 7:50PM-7:55PM ET","Redeem","0","0","","1772672693","0xed9eb83123f6bb1aaed3c245e61dc0341bc4170cb8a407874e4cdc845f0ede29"
"XRP Up or Down - March 4, 7:55PM-8:00PM ET","Redeem","0","0","","1772672693","0xed9eb83123f6bb1aaed3c245e61dc0341bc4170cb8a407874e4cdc845f0ede29"
"Bitcoin Up or Down - March 4, 7:50PM-7:55PM ET","Redeem","0","0","","1772672693","0xed9eb83123f6bb1aaed3c245e61dc0341bc4170cb8a407874e4cdc845f0ede29"
"Ethereum Up or Down - March 4, 7:50PM-7:55PM ET","Redeem","0","0","","1772672693","0xed9eb83123f6bb1aaed3c245e61dc0341bc4170cb8a407874e4cdc845f0ede29"
"Bitcoin Up or Down - March 4, 2PM ET","Redeem","0","0","","1772672693","0xed9eb83123f6bb1aaed3c245e61dc0341bc4170cb8a407874e4cdc845f0ede29"
"Bitcoin Up or Down - March 4, 7:10PM-7:15PM ET","Redeem","0","0","","1772672693","0xed9eb83123f6bb1aaed3c245e61dc0341bc4170cb8a407874e4cdc845f0ede29"
"Bitcoin Up or Down - March 4, 7:55PM-8:00PM ET","Redeem","11.191663","11.191663","","1772672593","0x8c3693d0827f65b340d474e9bc8b6f6d259500376fb07d9c943a2585c97da6cd"
"Solana Up or Down - March 4, 7:55PM-8:00PM ET","Buy","4.9985","7.69","Up","1772672199","0x08707bc159a8124197dbe71d8820ea6cf7d88cdc89c3e4e02cd98584a007c6a8"
"Ethereum Up or Down - March 4, 7:55PM-8:00PM ET","Buy","4.9985","7.69","Up","1772672197","0x63df442ee0071eb2ac2dc8c824567e4e604ecfe74e1c4b20bef706bc4d8bbb00"
"XRP Up or Down - March 4, 7:55PM-8:00PM ET","Buy","4.9996","8.492199999999999","Up","1772672193","0x88f350bbba479c04ae8027fbfbc375e1ae13809bb229a15c6e77d369388bea05"
"Ethereum Up or Down - March 4, 7:55PM-8:00PM ET","Buy","4.7192","13.705300000000001","Down","1772672193","0x92f63daf017ed1e9626a93903d1926296ea5a564e241efc1c1d5a7fc279fe1e1"
"Bitcoin Up or Down - March 4, 7:55PM-8:00PM ET","Buy","4.906698","8.207997","Up","1772672191","0xb6c531fd142331410bc83ddc05f52c0e3a09134cc9b3af6467310dc6db360614"
"Bitcoin Up or Down - March 4, 7:55PM-8:00PM ET","Buy","4.759881","11.191663","Down","1772672191","0xa4ca1e393ddf385f084ae643060b1d70779399ac8684b0c32bffd3b4c3bf578c"
"Bitcoin Up or Down - March 4, 7:40PM-7:45PM ET","Redeem","6.396993","6.396993","","1772672113","0x3efa923aa8593ff61f2c4c74a3702518b6de33c6ee7fbec8f38f54cbe975b9ee"
"Bitcoin Up or Down - March 4, 7:30PM-7:35PM ET","Redeem","0","0","","1772672113","0x3efa923aa8593ff61f2c4c74a3702518b6de33c6ee7fbec8f38f54cbe975b9ee"
"Bitcoin Up or Down - March 4, 7:35PM-7:40PM ET","Redeem","0","0","","1772672113","0x3efa923aa8593ff61f2c4c74a3702518b6de33c6ee7fbec8f38f54cbe975b9ee"
"XRP Up or Down - March 4, 7:50PM-7:55PM ET","Buy","4.095","8.0621","Up","1772671887","0xea173003316de07bf44731f930c95394b1654ddd497df8abefb4d819bd913ea5"
"Ethereum Up or Down - March 4, 7:50PM-7:55PM ET","Buy","4.5709","10.470400000000001","Up","1772671887","0xbd811aed64a8ffd2f68926355f621c5573d39080c038cd3e620fca45584de72c"
"Bitcoin Up or Down - March 4, 7:50PM-7:55PM ET","Buy","4.2","9.8517","Up","1772671885","0xefa14abf9aa2c4994b6d039bd655ea8bce45f881f29658bd778b74d7f9438219"
"Bitcoin Up or Down - March 4, 7:30PM-7:35PM ET","Redeem","7.347884","7.347884","","1772671515","0xc4d35fdf448f1f8f2c32a8b4a8dd9ef9c52d0df25089f213a917305de9f940b1"
"Bitcoin Up or Down - March 4, 7:35PM-7:40PM ET","Redeem","8.977797","8.977797","","1772671515","0xc4d35fdf448f1f8f2c32a8b4a8dd9ef9c52d0df25089f213a917305de9f940b1"
"Bitcoin Up or Down - March 4, 7:40PM-7:45PM ET","Buy","4.709367","6.396993","Up","1772671257","0xe84e67f8d784888d11dcd21f0e79d0a1c10a1ee383ea3e4f11e42a6cf46a5f2f"
"Bitcoin Up or Down - March 4, 7:35PM-7:40PM ET","Buy","4.9082","10.67","Up","1772670959","0x4e45f41b7d850e29410efb7ea02e7a52a72b51046111d5c55ec5e400438d0d9a"
"Bitcoin Up or Down - March 4, 7:30PM-7:35PM ET","Buy","0.09396","10.439798","Up","1772670957","0xff998c8d67d099d1b6d3a31d72134e881d5f77ae73d7a7361d800dc41d6e366e"
"Bitcoin Up or Down - March 4, 7:35PM-7:40PM ET","Buy","4.73322","8.977797","Down","1772670955","0x76ef4ab0e7314d050b42e20cb9f75ba21feab99a55a8b2fcb6f8d6d3928f44ee"
"Bitcoin Up or Down - March 4, 7:25PM-7:30PM ET","Redeem","8.13","8.13","","1772670733","0x5c1e1d1bc8fd4d5bc6bb3c893f27e2f2836df9fffc92364adb0ebede408dbd5e"
"Bitcoin Up or Down - March 4, 7:30PM-7:35PM ET","Buy","4.838799","10.852898","Up","1772670655","0xf8511e38b9068bd61c14dcd3d2b57c2560a260af2310e676179af63c8f536a1c"
"Bitcoin Up or Down - March 4, 7:30PM-7:35PM ET","Buy","4.244768","7.3478840000000005","Down","1772670655","0xaf5feb63702fd98aca7c8e88c99112329e146e785d7382a6245cbb3c92e78fb6"
"Bitcoin Up or Down - March 4, 7:25PM-7:30PM ET","Buy","4.878","8.13","Down","1772670559","0x13fc759b19fc26c3f31ced94089f5d7c5935f3e305c5a6bfa62dea9adcc69159"
"Bitcoin Up or Down - March 4, 7:20PM-7:25PM ET","Redeem","7.9342","7.9342","","1772670503","0xd2e591e3c516477454aaaa3d9a62d8c106e1a9b52215fea09edba1e2a529b0db"
"Bitcoin Up or Down - March 4, 7:20PM-7:25PM ET","Buy","0.0549","6.0999","Down","1772670351","0x6bb551b2f4f16199cc6b9a3252d4289737ef6e9b977ce8d9cec1db35efc9a8c2"
"Bitcoin Up or Down - March 4, 7:20PM-7:25PM ET","Buy","4.888","12.22","Down","1772670153","0xc213e473860ee7dc9bf4cdd857a98c729588d1806e7464288762d7a3c0b7ca35"
"Bitcoin Up or Down - March 4, 7:20PM-7:25PM ET","Buy","4.1106","7.934200000000001","Up","1772670049","0x9518b945d7d7d8ca8a5474d9b31cc6b5d9ff8945ca42c23ca38d4a6caf809f1e"
"Bitcoin Up or Down - March 4, 7:10PM-7:15PM ET","Buy","0.29097","32.329398000000005","Down","1772669749","0xf719406a7e5ca4e1968d669cbde2c4d05dea2eb4d57e3b19aa45baa9a9ba2b59"
"XRP Up or Down - March 4, 4:45PM-5:00PM ET","Redeem","0","0","","1772663083","0xb81fceadf3ef62b471843b5d1c6c1501842ca02c58720b4d047b6ceef4a5b64f"
"Ethereum Up or Down - March 4, 4:15PM-4:30PM ET","Redeem","0","0","","1772663083","0xb81fceadf3ef62b471843b5d1c6c1501842ca02c58720b4d047b6ceef4a5b64f"
"Bitcoin Up or Down - March 4, 4:40PM-4:45PM ET","Redeem","0","0","","1772663083","0xb81fceadf3ef62b471843b5d1c6c1501842ca02c58720b4d047b6ceef4a5b64f"
"Bitcoin Up or Down - March 4, 4:30PM-4:45PM ET","Redeem","0.000067","0.000067","","1772663083","0xb81fceadf3ef62b471843b5d1c6c1501842ca02c58720b4d047b6ceef4a5b64f"
"Solana Up or Down - March 4, 4:45PM-5:00PM ET","Redeem","0","0","","1772663083","0xb81fceadf3ef62b471843b5d1c6c1501842ca02c58720b4d047b6ceef4a5b64f"
"XRP Up or Down - March 4, 5:00PM-5:15PM ET","Redeem","0","0","","1772663083","0xb81fceadf3ef62b471843b5d1c6c1501842ca02c58720b4d047b6ceef4a5b64f"
"Bitcoin Up or Down - March 4, 4:45PM-5:00PM ET","Redeem","0","0","","1772662579","0xb4f11c64354230930063d526cd414c2c78c246291cf29db2859699b52aea9d31"
"Solana Up or Down - March 4, 5:00PM-5:15PM ET","Sell","0.2348","23.48","Down","1772662321","0x9f716b660bd5e1d7437a95d0f032a140d4ff02ccb86fd616ad484f0199ab6ba2"
"Bitcoin Up or Down - March 4, 4:45PM-5:00PM ET","Redeem","0","0","","1772662277","0x461abbe740af5439b02bd85e85d2f2dd97e57d327e84d753b0330e1b083b624a"
"Bitcoin Up or Down - March 4, 5:00PM-5:15PM ET","Sell","5.8104000000000005","18.96","Down","1772662145","0xa23e12ce5b40a6d80546366c5fe4dae9f60e1ec9c9a235b1e88c72b90f765411"
"Bitcoin Up or Down - March 4, 4:45PM-5:00PM ET","Redeem","8.464813","8.464813","","1772661881","0xe8eeee7731f18a6817176a954e7a13029bdc832e4eadf01396878062daae0fc5"
"XRP Up or Down - March 4, 5:00PM-5:15PM ET","Buy","2.4002","18.9823","Down","1772661745","0x68d1f804ec59e5efe268ee404599e73aecbb3dfd11284dfd4dd095cb43e0eaba"
"Solana Up or Down - March 4, 5:00PM-5:15PM ET","Buy","1.8816","23.4882","Down","1772661745","0x04b622e72ce1cdf1ee43c2e78fba5b79dfc853b1fbc4c454cb7076cd8c6605a8"
"Bitcoin Up or Down - March 4, 5:00PM-5:15PM ET","Buy","2.856","18.962699999999998","Down","1772661743","0xb275c299bc9ccf1b35066c8569708015a784e3dd5797cf06cce56fdf7aac23cf"
"Bitcoin Up or Down - March 4, 4:45PM-5:00PM ET","Buy","0.5005","0.77","Down","1772661461","0x0b509c02c0d985504fb880c19c5e432a673d97f6ddd26263aecf440491b6413d"
"Bitcoin Up or Down - March 4, 4:45PM-5:00PM ET","Buy","3.491428","5.371427","Down","1772661461","0xe651bba9e9fdca4f8dfc55e4368e06479c22042848d79176374e1d9053827ea1"
"Bitcoin Up or Down - March 4, 4:45PM-5:00PM ET","Buy","1.679","3.65","Up","1772661283","0xcf8a38ecc25ec5dffdca4a94d3b1d7ac217260cd9e311a5076c2b33c347f1e11"
"Bitcoin Up or Down - March 4, 4:45PM-5:00PM ET","Buy","2.214814","4.814813","Up","1772661283","0x14def566cdc635df4f9489582795278360ca093e79ca89d7978e528c79e4ac2b"
"XRP Up or Down - March 4, 4:45PM-5:00PM ET","Buy","3.48923","7.269229","Up","1772661281","0x6eb6a922a4cb54a89540c768a4c654a77aa8fefed990b6c766ae5b2aa46e4d64"
"XRP Up or Down - March 4, 4:45PM-5:00PM ET","Buy","0.408","0.85","Up","1772661281","0xcdd23770ba7ec4c3b81ee200a7da2d105240889b46808d7d7216db942783ede2"
"Bitcoin Up or Down - March 4, 4:50PM-4:55PM ET","Sell","2.9937","7.41","Down","1772661243","0x7d44bc322d2ba492febe5cf9d7a822caa1fa179fa77d2c532e33efcf0a50ffa3"
"Bitcoin Up or Down - March 4, 4:45PM-5:00PM ET","Buy","2.590292","8.024111","Down","1772661153","0x79b514c23e14dcf92ba5cbd11a251c5802c2bb372658a4bf2b3a389acaed7bdf"
"Solana Up or Down - March 4, 4:45PM-5:00PM ET","Buy","1.6704","13.8812","Down","1772661141","0x32f58d899c1ef31508f5a88721355aa1c227441377df5e6a2154709864cea2a1"
"Bitcoin Up or Down - March 4, 4:50PM-4:55PM ET","Buy","3.0704","7.410299999999999","Down","1772661141","0xc1b7547d4a71b2f3f7d2be6f7d2c0c8166dd2da5d38a247cc9293201aa5b2e14"
"Bitcoin Up or Down - March 4, 4:45PM-5:00PM ET","Sell","5.7283","11.41","Down","1772661117","0xc84b2254c5dc91f21ceb5651f49dcd79b5843945c4856ae9bff4187e2530d286"
"Ethereum Up or Down - March 4, 4:30PM-4:45PM ET","Redeem","0","0","","1772661097","0xd4e556bf4456e0904d3c555341d79c7f9e05412a04b8d0c3a57a6c2400faf293"
"Bitcoin Up or Down - March 4, 4:45PM-5:00PM ET","Buy","3.8794","11.41","Down","1772660957","0x9393a9078e8a387dc8c4b5b13e2a79f52bc1f80687364819492bd08cc04507b3"
"Ethereum Up or Down - March 4, 4:30PM-4:45PM ET","Redeem","6.1","6.1","","1772660885","0x340bd3d043f28d1724e57431752c5ec95a29938e34558aae3d0bd057e1ea472d"
"XRP Up or Down - March 4, 4:30PM-4:45PM ET","Redeem","14.55","14.55","","1772660885","0x340bd3d043f28d1724e57431752c5ec95a29938e34558aae3d0bd057e1ea472d"
"Ethereum Up or Down - March 4, 4:45PM-5:00PM ET","Sell","3.5228","7.95","Down","1772660867","0x780822bc98c2ce237e8dbef6c988db4aa82e937af06931f43cff4f13ac9a1c47"
"Ethereum Up or Down - March 4, 4:45PM-5:00PM ET","Buy","3.4744","7.9587","Down","1772660841","0xa4e07a6f52820490010bb2f9c8ca040dc9c2b48441f5078d10b7457371e79e7d"
"XRP Up or Down - March 4, 4:30PM-4:45PM ET","Buy","3.966","6.61","Up","1772660551","0x59ad3a87108210a9ea6c19294b779afbfe9714024dda49649156dbec9e2665e2"
"Bitcoin Up or Down - March 4, 4:30PM-4:45PM ET","Sell","4.666418","6.099933","Up","1772660539","0x941b64114f0a27a67c7b9cafa094d00ff998e7d46f5242638f4be93211d39eac"
"Bitcoin Up or Down - March 4, 4:40PM-4:45PM ET","Buy","4.0166","10.57","Up","1772660537","0x4dffa222eea48abf768760c63a04380d92bd1492861733ea6cf80bd17cbc5733"
"Ethereum Up or Down - March 4, 4:30PM-4:45PM ET","Buy","2.135","23.309800000000003","Down","1772660535","0xe204551ee5016332aefb389b2e51ce8b8e214ddaa878a5fe4a38e14d0ac86621"
"XRP Up or Down - March 4, 4:30PM-4:45PM ET","Buy","3.97","7.94","Up","1772660449","0x15145d951bf269c3f5ac882f41e63736fa7cf7e33bfa0bdaac9a586d4e9bd24a"
"Bitcoin Up or Down - March 4, 4:30PM-4:45PM ET","Buy","3.965","6.1","Up","1772660255","0xa244276c9a62319e1c71bf90ac9f508b89c89fe843a838fa834082c88abdd1c5"
"Bitcoin Up or Down - March 4, 4:30PM-4:45PM ET","Buy","1.3981","4.51","Down","1772660247","0xa6542116b31119a1abf676548c781328630aa7e509beca7c7b6839579476de45"
"Ethereum Up or Down - March 4, 4:30PM-4:45PM ET","Buy","2.1775","3.35","Up","1772660237","0x3018d263903c70976437895875886b64c3b899ac508ea71ab85d67d5e3405084"
"Ethereum Up or Down - March 4, 4:30PM-4:45PM ET","Buy","1.7875","2.75","Up","1772660237","0x24efe864147b96c5fe21ee615a7b1a17bd88e15c69413c0240717e3b4dc36a2a"
"Bitcoin Up or Down - March 4, 4:30PM-4:45PM ET","Buy","2.5699","8.29","Down","1772660237","0xdaaa59d7ae88711996aeeeb6255955ee5c90ba5a0fed0fcfed1e8cb77fdd3b4a"
"Ethereum Up or Down - March 4, 4:30PM-4:45PM ET","Buy","3.7468","10.8813","Down","1772660235","0x3395df2ca8d06de93c613ba5c59491636bce7bf6458269bd7274c6929d952190"
"Ethereum Up or Down - March 4, 4PM ET","Sell","4.0635","6.45","Down","1772660165","0x8f722b56ef55ba7ebcc8841f91fb4b4b31412efe716fdb5d45f6d0b809903767"
"Bitcoin Up or Down - March 4, 4:00PM-8:00PM ET","Sell","4.08","8","Up","1772660149","0xe7c48b05984a77738ab1efe018aae85769dad467ae5229a26a2c28683adebcab"
"Bitcoin Up or Down - March 4, 4PM ET","Sell","4.5195","6.55","Up","1772660137","0x4c17f512884283da0f66590a54d5442167d6e0286eb4df137d5421320d53128c"
"Bitcoin Up or Down - March 4, 4PM ET","Sell","2.6939","8.69","Down","1772659909","0xf5147ac6e5ff9bda764e8721361876eb075f984c198ca9895bae6f1fcf8300a4"
"Bitcoin Up or Down - March 4, 3:55PM-4:00PM ET","Redeem","0","0","","1772659795","0xfa0fe4a08708b338308477d5f14ee9a2189a57aa9c6fc1d3d31d33ab8bcc0ebd"
"Bitcoin Up or Down - March 4, 4:00PM-4:15PM ET","Redeem","0","0","","1772659795","0xfa0fe4a08708b338308477d5f14ee9a2189a57aa9c6fc1d3d31d33ab8bcc0ebd"
"Solana Up or Down - March 4, 4:20PM-4:25PM ET","Redeem","0","0","","1772659795","0xfa0fe4a08708b338308477d5f14ee9a2189a57aa9c6fc1d3d31d33ab8bcc0ebd"
"Bitcoin Up or Down - March 4, 4:20PM-4:25PM ET","Redeem","8.2145","8.2145","","1772659761","0x5fce709c0799e3b24f992779e1862104dcdfa7ce04bb693d0ac5600e39eb90f0"
"Bitcoin Up or Down - March 4, 4:15PM-4:20PM ET","Redeem","9.164","9.164","","1772659761","0x5fce709c0799e3b24f992779e1862104dcdfa7ce04bb693d0ac5600e39eb90f0"
"Solana Up or Down - March 4, 4:20PM-4:25PM ET","Buy","3.9974","8.69","Down","1772659273","0x98489fa389313a4621886be5bea81f9117f75fcd915145bf485e6adc863b4b05"
"Bitcoin Up or Down - March 4, 4:20PM-4:25PM ET","Buy","3.091","5.62","Down","1772659239","0x945fa4a2e7ae0324cdcef1b97329b63783a4c75d821a2f5718dcbd9634768d9b"
"Bitcoin Up or Down - March 4, 4:20PM-4:25PM ET","Buy","0.906888","1.648887","Down","1772659239","0xb8e0ce2f230d5af7dc02aaf0b9f6f10f74f6d41703e67ae7da67b2aa70fd8233"
"Bitcoin Up or Down - March 4, 4PM ET","Buy","3.8645","6.55","Up","1772659231","0xfef6ab28f4ffc7f66a035596451019a3e3bae49ecdb1180e4e370669b9533d5a"
"Bitcoin Up or Down - March 4, 4:20PM-4:25PM ET","Buy","3.1654","8.2145","Up","1772659229","0x99e58cbb7486625558a591b44475aca88ad5376eec398f9782391e9ac1bc795e"
"Bitcoin Up or Down - March 4, 4:15PM-4:30PM ET","Sell","3.8638179999999998","8.159997","Down","1772659229","0x9422dbec56d1fffbb3af732821f4c0ecc1c7c92f0d7242d0f50bab61585d0b8c"
"Bitcoin Up or Down - March 4, 4:15PM-4:30PM ET","Buy","3.9984","8.16","Down","1772659107","0x002fce2d5ad0a8271a0519dd797659a676cf8165a0657091f42ad4eed71d94e1"
"Ethereum Up or Down - March 4, 4:15PM-4:30PM ET","Buy","0.1485","0.33","Down","1772658945","0xe17bb7a3eeae5f4412b09cfbadc71eb7f825fcd9660d059e8cf42ba85f8096de"
"Ethereum Up or Down - March 4, 4:15PM-4:30PM ET","Buy","3.8475","8.55","Down","1772658945","0xec29af85898f679fe3dc30abc60316b5c96ffe93b8be735e5f54de8ffff56305"
"Ethereum Up or Down - March 4, 4PM ET","Buy","3.999","6.45","Down","1772658945","0xa70446344adac47589153a85f0d0e6dc362f374822b8666d5b8b2962f1e107b3"
"Bitcoin Up or Down - March 4, 4PM ET","Buy","3.9974","8.69","Down","1772658937","0x22afb02887da8024e516d3cf94f6126e3056ce40ca1a3d562b2303f0c18bb12a"
"Bitcoin Up or Down - March 4, 4:00PM-8:00PM ET","Buy","4","8","Up","1772658933","0x564f88a709853c3a389a4932e891b0e90322ff6ef4c1f69ecff24871989dee0b"
"Bitcoin Up or Down - March 4, 4:00PM-4:15PM ET","Buy","0.040409","4.489996","Up","1772658931","0xad5747e0e2d06b30e08aa4125d0b85f90740cb47e8df8b228eb921ba154bb6ff"
"Bitcoin Up or Down - March 4, 4:15PM-4:20PM ET","Buy","3.813","9.164000000000001","Up","1772658929","0xbab43bada0e66308f015d013f954ddc643198d3f2cacf8e3014246ce1756a83c"
"Bitcoin Up or Down - March 4, 4:15PM-4:20PM ET","Buy","3.996","6.66","Down","1772658927","0x5ffb26125d77d77a6d4945ec38308c3442a9d6ebecb96ef776a3ae596280b9c5"
"XRP Up or Down - March 4, 4PM ET","Sell","2.499","8.33","Up","1772658369","0xa10979d037b12bcb79d2154722f93adac0a1d88f31dd67d51eaa9a8aa6aeba5d"
"Bitcoin Up or Down - March 4, 3:55PM-4:00PM ET","Redeem","0","0","","1772658273","0x9710b57d6f8f1c657458aa8d1d89912d243c3d6e544cd64b1429e8584ca43895"
"XRP Up or Down - March 4, 4PM ET","Buy","3.9984","8.33","Up","1772657819","0x59835ab89d54a511871d3dbb3a5e6fc5ddfdb3dbe94a1f00290e43679d7c526f"
"Bitcoin Up or Down - March 4, 3:55PM-4:00PM ET","Buy","3.7233","13.656099999999999","Up","1772657815","0x6c966d54e7d5b91bc29b15e5a0cd3e92ca4234063c72a4ad88f070d1fd17c7bc"
"Bitcoin Up or Down - March 4, 3:30PM-3:35PM ET","Sell","24.774598","24.999998","Up","1772656507","0x01aa55d88c8995d1ff9de471abf01d85bf59c8a78ae6507672cb35927c7cb74e"
"Bitcoin Up or Down - March 4, 3:30PM-3:35PM ET","Buy","3","25","Up","1772656371","0xf0cedbf3039feb3d0e61e2c5ace4f6c5176e101d2f312183935db6a38a42f5e0"
"Bitcoin Up or Down - March 4, 3:25PM-3:30PM ET","Redeem","0","0","","1772656359","0x835cbb521bac504d14d7b430e8448086e379a079a9b52d69cd3f45ac91e597ac"
"Bitcoin Up or Down - March 4, 3:25PM-3:30PM ET","Redeem","4.5504","4.5504","","1772656359","0x835cbb521bac504d14d7b430e8448086e379a079a9b52d69cd3f45ac91e597ac"
"Bitcoin Up or Down - March 4, 3:25PM-3:30PM ET","Buy","2.9991","7.69","Down","1772656079","0x942630626fa134b53cdff61601022b502104e9dc95807d6e4299439ee5d95fe6"
"Bitcoin Up or Down - March 4, 3:25PM-3:30PM ET","Buy","2.9965","4.550400000000001","Up","1772656065","0xd4028f95f060adb4f393625967fb650f955aeea019c032c8fed300fcb8e5c158"
"Bitcoin Up or Down - March 4, 2:50PM-2:55PM ET","Redeem","0","0","","1772655231","0x021ea144c4ef63fd9ae9352c86d7f1354fe571cd9fb38e919b08ad8a6e3626f6"
"Bitcoin Up or Down - March 4, 3:05PM-3:10PM ET","Redeem","6.11","6.11","","1772655231","0x021ea144c4ef63fd9ae9352c86d7f1354fe571cd9fb38e919b08ad8a6e3626f6"
"Bitcoin Up or Down - March 4, 3:00PM-3:05PM ET","Redeem","0","0","","1772655231","0x021ea144c4ef63fd9ae9352c86d7f1354fe571cd9fb38e919b08ad8a6e3626f6"
"Bitcoin Up or Down - March 4, 2:55PM-3:00PM ET","Redeem","0","0","","1772655231","0x021ea144c4ef63fd9ae9352c86d7f1354fe571cd9fb38e919b08ad8a6e3626f6"
"Bitcoin Up or Down - March 4, 2:50PM-2:55PM ET","Redeem","0","0","","1772655165","0xd054c8d460acb3917fd921321f66f8ab2d417f67831cf3e098d440368e45a7bb"
"Bitcoin Up or Down - March 4, 3:00PM-3:05PM ET","Redeem","0","0","","1772655165","0xd054c8d460acb3917fd921321f66f8ab2d417f67831cf3e098d440368e45a7bb"
"Bitcoin Up or Down - March 4, 2:55PM-3:00PM ET","Redeem","0","0","","1772655165","0xd054c8d460acb3917fd921321f66f8ab2d417f67831cf3e098d440368e45a7bb"
"Bitcoin Up or Down - March 4, 3:00PM-3:15PM ET","Sell","6.0488","6.11","Down","1772655137","0xe239bd231711ec1b5ed5336ce4b03e84168bb83b0c38fd97ba24a3e71a2de95b"
"Bitcoin Up or Down - March 4, 2:50PM-2:55PM ET","Redeem","0","0","","1772655067","0x1f86b273036296ec3f7bdf19a2c7e9708036eccd7c3f7044f41a87a792855a73"
"Bitcoin Up or Down - March 4, 3:00PM-3:05PM ET","Redeem","6.567768","6.567768","","1772655067","0x1f86b273036296ec3f7bdf19a2c7e9708036eccd7c3f7044f41a87a792855a73"
"Bitcoin Up or Down - March 4, 2:55PM-3:00PM ET","Redeem","0","0","","1772655067","0x1f86b273036296ec3f7bdf19a2c7e9708036eccd7c3f7044f41a87a792855a73"
"Bitcoin Up or Down - March 4, 2:50PM-2:55PM ET","Redeem","5.3774","5.3774","","1772654927","0xc04e9f340184b39073b7b8c61126d3d5b55bdbb19e0692add3e3548cfb4a2963"
"Bitcoin Up or Down - March 4, 2:55PM-3:00PM ET","Redeem","11.37","11.37","","1772654927","0xc04e9f340184b39073b7b8c61126d3d5b55bdbb19e0692add3e3548cfb4a2963"
"Bitcoin Up or Down - March 4, 3:05PM-3:10PM ET","Buy","2.9939","6.11","Down","1772654701","0x5899c5a95499fea45311fc3c48f36f3d6ed0727f193bbadf4614dc0365ed3c44"
"Bitcoin Up or Down - March 4, 3:00PM-3:05PM ET","Buy","0.1482","0.26","Up","1772654579","0x5c3d62da756c08d9a47cfbe304246ae79f5671bdb8e251bdabdf5cd9f7076074"
"Bitcoin Up or Down - March 4, 3:00PM-3:05PM ET","Buy","2.85","5","Up","1772654577","0xf354e4b40693af30c252f15635df4a20b42bd2b941ebe990a7f4c6d1184ffe00"
"Bitcoin Up or Down - March 4, 3:00PM-3:05PM ET","Buy","2.524161","6.567768","Down","1772654513","0x726677d2d13abce628a62fc1fb8db02306b2234def424b55ab344815214196f6"
"Bitcoin Up or Down - March 4, 3:00PM-3:15PM ET","Buy","2.891","5.9","Down","1772654401","0x5fb03c139c04cef29e89b3ed38a7fa1d13e5f67d4a8b7a3cc1b31c4dc0d65272"
"Bitcoin Up or Down - March 4, 3:00PM-3:15PM ET","Buy","0.1029","0.21","Down","1772654399","0x2f719c382d1a51f41d432e6ec138481e7a8b0fa6143f77d65984c487ac12fd2c"
"Bitcoin Up or Down - March 4, 2:55PM-3:00PM ET","Buy","2.9986","10.34","Up","1772654285","0x5e064a789911b1e677a4ea2ac32146b9b1e55c9b855ef9c4f8742be83cb34903"
"Bitcoin Up or Down - March 4, 2PM ET","Buy","2.9766","7.26","Up","1772654283","0x52f032fa961b0cc617456e1ee321e45e0c6feb51adbd27f131a6f9368d9fc488"
"Bitcoin Up or Down - March 4, 2:55PM-3:00PM ET","Buy","2.9982","5.26","Down","1772654253","0x7e5198e7e98624b8ea6ce574331a215f8a6d6f996581ea3c4abbea46d567fa32"
"Bitcoin Up or Down - March 4, 2:55PM-3:00PM ET","Buy","2.9939","6.11","Down","1772654109","0x79125139d83311c43fbb959cee937d72eb04d975b9af54ff42375a9ca34d2acb"
"Bitcoin Up or Down - March 4, 2:55PM-3:00PM ET","Buy","2.99","5.98","Up","1772654049","0x1b1e79d3312d98a025703c99dbd3fcfc814bfa2011b380200d2e9a7319c4f074"
"Bitcoin Up or Down - March 4, 2:50PM-2:55PM ET","Buy","2.9971","6.97","Down","1772653951","0xa15fde462dceb31e12fc0e732293d50827e4d103c04233c02f17327280e02009"
"Bitcoin Up or Down - March 4, 2:50PM-2:55PM ET","Buy","1.9721","5.3774","Up","1772653911","0x8f8119989c872843a272e29d0fd6b84b96494dbf61129d4bae823022edbb70c1"
"Bitcoin Up or Down - March 4, 2:30PM-2:35PM ET","Redeem","0","0","","1772653813","0x20c32cee3303e27c0bcf8749e02cc8c803ca77eb891bcfba1cc0e76818dc7a17"
"XRP Up or Down - March 4, 2:20PM-2:25PM ET","Redeem","0","0","","1772653813","0x20c32cee3303e27c0bcf8749e02cc8c803ca77eb891bcfba1cc0e76818dc7a17"
"Solana Up or Down - March 4, 2:25PM-2:30PM ET","Redeem","0","0","","1772653813","0x20c32cee3303e27c0bcf8749e02cc8c803ca77eb891bcfba1cc0e76818dc7a17"
"Solana Up or Down - March 4, 2:20PM-2:25PM ET","Redeem","0","0","","1772653813","0x20c32cee3303e27c0bcf8749e02cc8c803ca77eb891bcfba1cc0e76818dc7a17"
"Bitcoin Up or Down - March 4, 2:05PM-2:10PM ET","Redeem","0","0","","1772653813","0x20c32cee3303e27c0bcf8749e02cc8c803ca77eb891bcfba1cc0e76818dc7a17"
"Bitcoin Up or Down - March 4, 2:25PM-2:30PM ET","Redeem","6.107646","6.107646","","1772653795","0x89ae6cfe329a80cd1cdf56cb5be30ca5c0e02c42e707b0332c52047e6a1d8427"
"Bitcoin Up or Down - March 4, 2:20PM-2:25PM ET","Redeem","6.11","6.11","","1772653795","0x89ae6cfe329a80cd1cdf56cb5be30ca5c0e02c42e707b0332c52047e6a1d8427"
"Bitcoin Up or Down - March 4, 2:15PM-2:20PM ET","Redeem","10","10","","1772653795","0x89ae6cfe329a80cd1cdf56cb5be30ca5c0e02c42e707b0332c52047e6a1d8427"
"Bitcoin Up or Down - March 4, 2:30PM-2:35PM ET","Buy","2.9939","6.11","Down","1772652545","0xa98cefa1d61561fc2679ac6088deb759760b576b825f71bafb9a83cf88ce82cb"
"Bitcoin Up or Down - March 4, 2PM ET","Buy","2.856","7.14","Up","1772652407","0x58b35739deecd9a6cca2be370a7e2678da923f51990c7167683975eae412056c"
"Solana Up or Down - March 4, 2:25PM-2:30PM ET","Buy","2.193","7.2295","Up","1772652403","0x12840c350032417705bc3d2cf7533faa74652812ed599608e45c2738bb599b6f"
"Bitcoin Up or Down - March 4, 2:25PM-2:30PM ET","Buy","2.478125","7.218296","Up","1772652399","0x610e90f676192107bc5aff241bb6508046715bd6f311a0ed5748a266b7b163f2"
"Bitcoin Up or Down - March 4, 2:25PM-2:30PM ET","Buy","0.9751","1.99","Down","1772652307","0xc34eeebddfbce198e686a67b5f59380d502eea67239f4ab2d0f152eb8a72d641"
"Bitcoin Up or Down - March 4, 2:25PM-2:30PM ET","Buy","2.017647","4.117646","Down","1772652305","0xe3069b2f24252e22e5d53f00caae6656a5a529218025550d1482a4cee16b76a6"
"Bitcoin Up or Down - March 4, 2:20PM-2:25PM ET","Buy","2.367","7.8031","Up","1772652095","0x648438b62d85a4bfb3bf155f7ae09823b1fa92708786cd08934bac75ad82e1f4"
"Solana Up or Down - March 4, 2:20PM-2:25PM ET","Buy","1.8275","7.2458","Up","1772652095","0x081f03e08562ffd1727703c6e37ec4fc4815b397904e8df02faf62f82f4937a6"
"XRP Up or Down - March 4, 2:20PM-2:25PM ET","Buy","1.6422","7.084099999999999","Up","1772652095","0x83aab7d58029d3282da752635e955ee80360ffddfe9f50e9926620b0a903755c"
"Bitcoin Up or Down - March 4, 2:20PM-2:25PM ET","Buy","2.2638","4.62","Down","1772652055","0x89eb000842a6d844f58857d468a95bc6a424a3ad143b8bdf010666109a2bf15f"
"Bitcoin Up or Down - March 4, 2:20PM-2:25PM ET","Buy","0.7301","1.49","Down","1772652055","0xef0e0558d1b364bf8e4471bd78e170fe0b929acb03789a2fef9b48253d7bcd40"
"Bitcoin Up or Down - March 4, 2:10PM-2:15PM ET","Redeem","3.846994","3.846994","","1772651915","0x5b489f79c6ec21c7599073bcdce5381e5e93185f608223f41606e4d9358f5495"
"Bitcoin Up or Down - March 4, 2:15PM-2:20PM ET","Buy","3","10","Up","1772651821","0x58be0cda0a6c8c07bee2ef83cb6c118d469fb736ff88d2ebac1b836859a14686"
"Bitcoin Up or Down - March 4, 2:10PM-2:15PM ET","Buy","1.957894","8.157891","Down","1772651497","0xc4e029f9dc98b2fece36f88630a1cd8f8d08d09bf245c5f3b3e608f082de5022"
"Bitcoin Up or Down - March 4, 2:10PM-2:15PM ET","Buy","1.0416","4.34","Down","1772651497","0xce97e681ed6a0dd4fd7f2e9833d6fff04b097a23545d2b0f5c072c6b349fa3c1"
"Bitcoin Up or Down - March 4, 2:10PM-2:15PM ET","Buy","2.719125","3.846994","Up","1772651487","0xd7db5fe1c73f4948474a1d11b6c092cc2dc084a437ee809735e7ee5a2eb2737a"
"Bitcoin Up or Down - March 4, 2:10PM-2:15PM ET","Buy","2.9939","6.11","Down","1772651229","0x32ab3586543a471b3f9480dc0253b9a8988c50082543345b5e2e7231247d0de1"
"Bitcoin Up or Down - March 4, 2:05PM-2:10PM ET","Buy","1.2431","4.01","Down","1772651179","0xd0377826a3b1c573e49bda62bdbbff46a4a577066439b4acd14aed1dc0aad072"
"Bitcoin Up or Down - March 4, 2:05PM-2:10PM ET","Buy","1.752173","5.65217","Down","1772651177","0xf77603e1e9bd4502d78b586b5d9e513cc4a81ef1b59e38a1eac1f9d45d26d35e"
"Deposited funds","Deposit","130.600004","130.600004","USDC","1772645123","0xa005a3eadbb7e3afdf7adf8d1a779c99cb1bc658e096926611fb6db7fa0c2c21"
"Bitcoin Up or Down - March 3, 6:55PM-7:00PM ET","Redeem","0","0","","1772640583","0xb6e08b87b0655d1db450b07ee393b3b0884dc0bbf3f9e14fd45a0fff96124256"
"Bitcoin Up or Down - March 3, 5:30PM-5:45PM ET","Redeem","0","0","","1772582439","0x3626d2fb6a84dce40f2decd458c5d70555b09b7db1ade72fe2f3d4aec22a04e9"
"Bitcoin Up or Down - March 3, 6:55PM-7:00PM ET","Buy","337.979999","741.417915","Down","1772582393","0x941c6d2ade76cbac7aab60bf54527bab0c6ba591012fabf542f4d08c575a3370"
"Bitcoin Up or Down - March 3, 5:30PM-5:45PM ET","Redeem","337.98056","337.98056","","1772578081","0x0125458a0bed91c7bb21b17177cf4e9336b6496fd3c32dced3906f59d3bb3eb5"
"Bitcoin Up or Down - March 1, 3:35PM-3:40PM ET","Redeem","0","0","","1772578049","0x2b59b34e4e471c32cb09c700bbdb9202ff957056df9650fc549845a71e0767de"
"Bitcoin Up or Down - March 1, 2:50PM-2:55PM ET","Redeem","0","0","","1772578049","0x2b59b34e4e471c32cb09c700bbdb9202ff957056df9650fc549845a71e0767de"
"Solana Up or Down - March 1, 10AM ET","Redeem","0","0","","1772578049","0x2b59b34e4e471c32cb09c700bbdb9202ff957056df9650fc549845a71e0767de"
"Ethereum Up or Down - March 1, 5PM ET","Redeem","0","0","","1772578049","0x2b59b34e4e471c32cb09c700bbdb9202ff957056df9650fc549845a71e0767de"
"Bitcoin Up or Down - March 1, 5PM ET","Redeem","0.00111","0.00111","","1772578049","0x2b59b34e4e471c32cb09c700bbdb9202ff957056df9650fc549845a71e0767de"
"Bitcoin Up or Down - March 3, 5:30PM-5:45PM ET","Buy","304.789994","337.98055999999997","Up","1772577819","0x5fbfa17b1d314470013fb7ba435a55c0ad16fed83d12d985420ae0186b5900c6"
"Bitcoin Up or Down - March 1, 6PM ET","Redeem","5.55","5.55","","1772453965","0xfb7108ef73697a6414a9c368f3b7682247d04ec878f447f59e8acc3e20d399ba"
"Bitcoin Up or Down - March 1, 5:30PM-5:45PM ET","Redeem","0","0","","1772412023","0xfb476920dd2a0cbce041e982f5f127e4df0ab5a3d8934c43270828006b92ab3f"
"Bitcoin Up or Down - March 1, 6:30PM-6:35PM ET","Redeem","0","0","","1772412023","0xfb476920dd2a0cbce041e982f5f127e4df0ab5a3d8934c43270828006b92ab3f"
"Bitcoin Up or Down - March 1, 2:55PM-3:00PM ET","Redeem","0","0","","1772412023","0xfb476920dd2a0cbce041e982f5f127e4df0ab5a3d8934c43270828006b92ab3f"
"Bitcoin Up or Down - March 1, 5:15PM-5:20PM ET","Redeem","0.0043","0.0043","","1772412023","0xfb476920dd2a0cbce041e982f5f127e4df0ab5a3d8934c43270828006b92ab3f"
"Solana Up or Down - March 1, 4:30PM-4:45PM ET","Redeem","0","0","","1772412023","0xfb476920dd2a0cbce041e982f5f127e4df0ab5a3d8934c43270828006b92ab3f"
"Solana Up or Down - March 1, 3:15PM-3:20PM ET","Redeem","0","0","","1772412023","0xfb476920dd2a0cbce041e982f5f127e4df0ab5a3d8934c43270828006b92ab3f"
"Bitcoin Up or Down - March 1, 3:15PM-3:20PM ET","Redeem","0","0","","1772412023","0xfb476920dd2a0cbce041e982f5f127e4df0ab5a3d8934c43270828006b92ab3f"
"Bitcoin Up or Down - March 1, 4:15PM-4:20PM ET","Redeem","0","0","","1772412023","0xfb476920dd2a0cbce041e982f5f127e4df0ab5a3d8934c43270828006b92ab3f"
"Bitcoin Up or Down - March 1, 1:40PM-1:45PM ET","Redeem","0","0","","1772412023","0xfb476920dd2a0cbce041e982f5f127e4df0ab5a3d8934c43270828006b92ab3f"
"Solana Up or Down - March 1, 3:40PM-3:45PM ET","Redeem","0","0","","1772412023","0xfb476920dd2a0cbce041e982f5f127e4df0ab5a3d8934c43270828006b92ab3f"
"Solana Up or Down - March 1, 1:45PM-1:50PM ET","Redeem","0","0","","1772412021","0x31129be81ceb87d088ae2aabea3f7eca9446686ce681a74ee9a5b9fedb610206"
"Solana Up or Down - March 1, 12:30PM-12:45PM ET","Redeem","0","0","","1772412021","0x31129be81ceb87d088ae2aabea3f7eca9446686ce681a74ee9a5b9fedb610206"
"Bitcoin Up or Down - March 1, 6:25PM-6:30PM ET","Redeem","0","0","","1772412021","0x31129be81ceb87d088ae2aabea3f7eca9446686ce681a74ee9a5b9fedb610206"
"Bitcoin Up or Down - March 1, 12:45PM-12:50PM ET","Redeem","0","0","","1772412021","0x31129be81ceb87d088ae2aabea3f7eca9446686ce681a74ee9a5b9fedb610206"
"Bitcoin Up or Down - March 1, 1:45PM-1:50PM ET","Redeem","0","0","","1772412021","0x31129be81ceb87d088ae2aabea3f7eca9446686ce681a74ee9a5b9fedb610206"
"Ethereum Up or Down - March 1, 5:00PM-5:15PM ET","Redeem","0","0","","1772412021","0x31129be81ceb87d088ae2aabea3f7eca9446686ce681a74ee9a5b9fedb610206"
"Bitcoin Up or Down - March 1, 3:25PM-3:30PM ET","Redeem","0","0","","1772412021","0x31129be81ceb87d088ae2aabea3f7eca9446686ce681a74ee9a5b9fedb610206"
"Bitcoin Up or Down - March 1, 6:10PM-6:15PM ET","Redeem","0","0","","1772412021","0x31129be81ceb87d088ae2aabea3f7eca9446686ce681a74ee9a5b9fedb610206"
"Bitcoin Up or Down - March 1, 6:00PM-6:05PM ET","Redeem","0","0","","1772412021","0x31129be81ceb87d088ae2aabea3f7eca9446686ce681a74ee9a5b9fedb610206"
"Bitcoin Up or Down - March 1, 2:00PM-2:05PM ET","Redeem","0","0","","1772412021","0x31129be81ceb87d088ae2aabea3f7eca9446686ce681a74ee9a5b9fedb610206"
"Solana Up or Down - March 1, 1:00PM-1:05PM ET","Redeem","0","0","","1772412019","0x5748c66e9dbc224b515ab981d7f032ed02bb56d3e1806bedf888d86a288d94a2"
"Bitcoin Up or Down - March 1, 1:15PM-1:30PM ET","Redeem","0","0","","1772412019","0x5748c66e9dbc224b515ab981d7f032ed02bb56d3e1806bedf888d86a288d94a2"
"Ethereum Up or Down - March 1, 6:30PM-6:45PM ET","Redeem","0","0","","1772412019","0x5748c66e9dbc224b515ab981d7f032ed02bb56d3e1806bedf888d86a288d94a2"
"Bitcoin Up or Down - March 1, 1:35PM-1:40PM ET","Redeem","0","0","","1772412019","0x5748c66e9dbc224b515ab981d7f032ed02bb56d3e1806bedf888d86a288d94a2"
"Solana Up or Down - March 1, 12:20PM-12:25PM ET","Redeem","0","0","","1772412019","0x5748c66e9dbc224b515ab981d7f032ed02bb56d3e1806bedf888d86a288d94a2"
"XRP Up or Down - March 1, 3:15PM-3:30PM ET","Redeem","0","0","","1772412019","0x5748c66e9dbc224b515ab981d7f032ed02bb56d3e1806bedf888d86a288d94a2"
"Solana Up or Down - March 1, 2:50PM-2:55PM ET","Redeem","0","0","","1772412019","0x5748c66e9dbc224b515ab981d7f032ed02bb56d3e1806bedf888d86a288d94a2"
"Bitcoin Up or Down - March 1, 3:00PM-3:05PM ET","Redeem","0","0","","1772412019","0x5748c66e9dbc224b515ab981d7f032ed02bb56d3e1806bedf888d86a288d94a2"
"Bitcoin Up or Down - March 1, 12:00PM-12:15PM ET","Redeem","0","0","","1772412019","0x5748c66e9dbc224b515ab981d7f032ed02bb56d3e1806bedf888d86a288d94a2"
"Bitcoin Up or Down - March 1, 3:20PM-3:25PM ET","Redeem","0","0","","1772412019","0x5748c66e9dbc224b515ab981d7f032ed02bb56d3e1806bedf888d86a288d94a2"
"Bitcoin Up or Down - March 1, 3:30PM-3:35PM ET","Redeem","0","0","","1772412017","0x3ce6314d6e721a826d2300306df070aaac3195c553bd43b91e52b8cdb0799653"
"Solana Up or Down - March 1, 3:45PM-3:50PM ET","Redeem","0","0","","1772412017","0x3ce6314d6e721a826d2300306df070aaac3195c553bd43b91e52b8cdb0799653"
"Solana Up or Down - March 1, 12:35PM-12:40PM ET","Redeem","0","0","","1772412017","0x3ce6314d6e721a826d2300306df070aaac3195c553bd43b91e52b8cdb0799653"
"XRP Up or Down - March 1, 3:40PM-3:45PM ET","Redeem","0","0","","1772412017","0x3ce6314d6e721a826d2300306df070aaac3195c553bd43b91e52b8cdb0799653"
"Bitcoin Up or Down - March 1, 1:30PM-1:45PM ET","Redeem","0","0","","1772412017","0x3ce6314d6e721a826d2300306df070aaac3195c553bd43b91e52b8cdb0799653"
"Solana Up or Down - March 1, 1:10PM-1:15PM ET","Redeem","0","0","","1772412017","0x3ce6314d6e721a826d2300306df070aaac3195c553bd43b91e52b8cdb0799653"
"Solana Up or Down - March 1, 3:15PM-3:30PM ET","Redeem","0","0","","1772412017","0x3ce6314d6e721a826d2300306df070aaac3195c553bd43b91e52b8cdb0799653"
"Solana Up or Down - March 1, 12:25PM-12:30PM ET","Redeem","0","0","","1772412017","0x3ce6314d6e721a826d2300306df070aaac3195c553bd43b91e52b8cdb0799653"
"Bitcoin Up or Down - March 1, 4:20PM-4:25PM ET","Redeem","0","0","","1772412017","0x3ce6314d6e721a826d2300306df070aaac3195c553bd43b91e52b8cdb0799653"
"Solana Up or Down - March 1, 3:30PM-3:45PM ET","Redeem","0","0","","1772412017","0x3ce6314d6e721a826d2300306df070aaac3195c553bd43b91e52b8cdb0799653"
"Ethereum Up or Down - March 1, 3:25PM-3:30PM ET","Redeem","0","0","","1772412015","0x4a8d408666a0339b5a93e49f9491a434775482365814ce9d46b77a6428463236"
"Ethereum Up or Down - March 1, 5:45PM-6:00PM ET","Redeem","0","0","","1772412015","0x4a8d408666a0339b5a93e49f9491a434775482365814ce9d46b77a6428463236"
"Bitcoin Up or Down - March 1, 1:05PM-1:10PM ET","Redeem","0","0","","1772412015","0x4a8d408666a0339b5a93e49f9491a434775482365814ce9d46b77a6428463236"
"Bitcoin Up or Down - March 1, 5:45PM-6:00PM ET","Redeem","0","0","","1772412015","0x4a8d408666a0339b5a93e49f9491a434775482365814ce9d46b77a6428463236"
"Bitcoin Up or Down - March 1, 12:10PM-12:15PM ET","Redeem","0","0","","1772412015","0x4a8d408666a0339b5a93e49f9491a434775482365814ce9d46b77a6428463236"
"Solana Up or Down - March 1, 1:05PM-1:10PM ET","Redeem","0","0","","1772412015","0x4a8d408666a0339b5a93e49f9491a434775482365814ce9d46b77a6428463236"
"Bitcoin Up or Down - March 1, 3:00PM-3:15PM ET","Redeem","0","0","","1772412015","0x4a8d408666a0339b5a93e49f9491a434775482365814ce9d46b77a6428463236"
"Ethereum Up or Down - March 1, 5:15PM-5:30PM ET","Redeem","0","0","","1772412015","0x4a8d408666a0339b5a93e49f9491a434775482365814ce9d46b77a6428463236"
"Ethereum Up or Down - March 1, 4:40PM-4:45PM ET","Redeem","0","0","","1772412015","0x4a8d408666a0339b5a93e49f9491a434775482365814ce9d46b77a6428463236"
"Solana Up or Down - March 1, 4:15PM-4:30PM ET","Redeem","0","0","","1772412015","0x4a8d408666a0339b5a93e49f9491a434775482365814ce9d46b77a6428463236"
"Bitcoin Up or Down - March 1, 6:30PM-6:45PM ET","Redeem","8.491997","8.491997","","1772412001","0x14b6a10a8071f4e979155a818a47a5861dc22a7a6e63ab97dd177edc47b61ee4"
"Bitcoin Up or Down - March 1, 6:05PM-6:10PM ET","Redeem","6.41","6.41","","1772408127","0x47e93bd7a38fa3d989502469a4fb76f6454e52fd184cb2622f19edaaf865eef0"
"Bitcoin Up or Down - March 1, 5:55PM-6:00PM ET","Redeem","6.41","6.41","","1772408127","0x47e93bd7a38fa3d989502469a4fb76f6454e52fd184cb2622f19edaaf865eef0"
"Bitcoin Up or Down - March 1, 6:20PM-6:25PM ET","Redeem","6.41","6.41","","1772408127","0x47e93bd7a38fa3d989502469a4fb76f6454e52fd184cb2622f19edaaf865eef0"
"Bitcoin Up or Down - March 1, 6:15PM-6:20PM ET","Redeem","12.82","12.82","","1772408127","0x47e93bd7a38fa3d989502469a4fb76f6454e52fd184cb2622f19edaaf865eef0"
"Ethereum Up or Down - March 1, 3PM ET","Redeem","13.67","13.67","","1772408127","0x47e93bd7a38fa3d989502469a4fb76f6454e52fd184cb2622f19edaaf865eef0"
"Solana Up or Down - March 1, 3PM ET","Redeem","14.07","14.07","","1772408127","0x47e93bd7a38fa3d989502469a4fb76f6454e52fd184cb2622f19edaaf865eef0"
"Bitcoin Up or Down - March 1, 6:15PM-6:30PM ET","Redeem","16.015381","16.015381","","1772408127","0x47e93bd7a38fa3d989502469a4fb76f6454e52fd184cb2622f19edaaf865eef0"
"Bitcoin Up or Down - March 1, 3PM ET","Redeem","20.72","20.72","","1772408127","0x47e93bd7a38fa3d989502469a4fb76f6454e52fd184cb2622f19edaaf865eef0"
"Bitcoin Up or Down - March 1, 6PM ET","Buy","4.995","5.55","Up","1772407955","0xc076d6937ed87310a02e3d36759df507a020f521281a2164d304a0e6cd2439ce"
"Bitcoin Up or Down - March 1, 6:30PM-6:35PM ET","Buy","4.995","9.1074","Up","1772407953","0x29b3d4b19718eeed5d769a872b465fbc0b5df69289847272d2e43f0b0630332f"
"Bitcoin Up or Down - March 1, 6:30PM-6:45PM ET","Buy","0.724137","1.724135","Down","1772407951","0xfb18b714b831bb44ac9ca42aadbbb4e7980e542658a8b548a95dc665fa9e5c17"
"Bitcoin Up or Down - March 1, 6:30PM-6:45PM ET","Buy","0.724137","1.724135","Down","1772407951","0x956fff42a3f705c0a51bce2a326c074c1abbad67fd23c0d38c890afdd33ae175"
"Bitcoin Up or Down - March 1, 6:30PM-6:45PM ET","Buy","4.991021","8.491997","Up","1772407951","0x085937dfd6e6ce00b727a792f232102875cf9ac4615a6a01050d1e5ae84b7b05"
"Bitcoin Up or Down - March 1, 6:30PM-6:45PM ET","Buy","3.5448","8.44","Down","1772407951","0x14e278650b6f5fd4fc68a694d0b4f333dadd1ce037cb4d19974dc387e90c431a"
"Ethereum Up or Down - March 1, 6:30PM-6:45PM ET","Buy","4.8267","15.392","Down","1772407947","0x0c1122d27d59af1ad15f36d8c94bc1408dd4b9041dd2f89fd56b47fc91a4a8d0"
"Bitcoin Up or Down - March 1, 6:25PM-6:30PM ET","Buy","3.689","11.7639","Up","1772407647","0x93090d8be09d203e7516edcb6895740e7d61076b45af568a6e8dabfa776526dc"
"Bitcoin Up or Down - March 1, 6:15PM-6:30PM ET","Buy","3.610399","17.121898","Up","1772407647","0x495cda8284a9f8d8f238c6de3dc9f6d5309b029556897db5bd24ddc88ccd7665"
"Bitcoin Up or Down - March 1, 6:20PM-6:25PM ET","Buy","4.9998","6.41","Down","1772407481","0x7f687c2f027859ec7f41bd419b8888839b3b62b2a52009a6df14ae80042c1df3"
"Bitcoin Up or Down - March 1, 6:20PM-6:25PM ET","Buy","3.6352","22.6175","Up","1772407345","0x09130ef0553e6d960162a87b7ddc1f6f470d866b028850f2c55d6dc00ba0859e"
"Bitcoin Up or Down - March 1, 6:15PM-6:30PM ET","Buy","4.9248","6.7706","Down","1772407343","0xac4d55f2774ff5283a5272fbd3dbd84c413a73baad221f96501c1549478861d8"
"Bitcoin Up or Down - March 1, 6:15PM-6:20PM ET","Buy","4.9989","8.77","Down","1772407059","0x2fe0ff21f2f39af26f72f489b5ba705857a9e843be63900f73146edc45dd8de8"
"Bitcoin Up or Down - March 1, 6:15PM-6:30PM ET","Buy","3.204782","5.934781","Down","1772407057","0xefd15a42577ffe5f00fa9707073e30a3a0e4390ed7e02a4f5bd0f5c036a3856f"
"Bitcoin Up or Down - March 1, 6:15PM-6:30PM ET","Buy","1.7874","3.31","Down","1772407057","0x0bd46c066d1c094e94dba1006df27906fe7cc5e20f83d1eeb6aee693f6b8a406"
"Bitcoin Up or Down - March 1, 6:15PM-6:20PM ET","Buy","4.9998","12.82","Up","1772407049","0x7f78b6a13a266e3faa5b5691f8c42f69a1780446d8540ea4872e7f4c48d7d9fe"
"Bitcoin Up or Down - March 1, 6:10PM-6:15PM ET","Buy","2.9988","14.181799999999999","Up","1772406745","0xfe857a9a39b9bd50cb0e23c56fe6209077cd6b96bceb8d266397c5028a18252e"
"Bitcoin Up or Down - March 1, 6PM ET","Buy","2.8994","20.71","Down","1772406459","0xd628cf8aae2c699c8dd6295e704bcf75cb082dab827a9bd27b03b9924fdb6f82"
"Bitcoin Up or Down - March 1, 6PM ET","Buy","1.4","10","Down","1772406457","0x21073ac3f5f6eb781ff8a473dbe6a659ad7c7fe6db58518e6d0fb76368c071de"
"Bitcoin Up or Down - March 1, 6PM ET","Buy","0.7","5","Down","1772406457","0xabbc55f2ce2369b61dc72c10a5b19b89dba25e8cef1a21519a673a013183ac66"
"Bitcoin Up or Down - March 1, 6:05PM-6:10PM ET","Buy","4.9998","6.41","Up","1772406443","0xa34e90d25407b7b580289b21b105b93bcf2f71aa8a91e591004d8ac5e23a5a48"
"Bitcoin Up or Down - March 1, 6:05PM-6:10PM ET","Buy","2.028227","9.658223","Down","1772406441","0x857de8d83de86c00870a80b0781f83179f0e8b4a8e9a3e3e64abde42a943d57d"
"Bitcoin Up or Down - March 1, 6:05PM-6:10PM ET","Buy","0.0819","0.39","Down","1772406441","0xa767218ecf0413eeba591cdcee7c8d2aeb8361adece428c7a222d40d80096d42"
"Bitcoin Up or Down - March 1, 6:05PM-6:10PM ET","Buy","0.292405","1.392404","Down","1772406441","0x1df2506485417fd7d2e7c5faff9f409c2bb8e7483d601c997a3bf54d84c20ca2"
"Bitcoin Up or Down - March 1, 6:05PM-6:10PM ET","Buy","2.5935","12.35","Down","1772406441","0x17cf7900dc5748c7a7d7d612609848023a5cc19acd3dfe77355879ee7afbe530"
"Bitcoin Up or Down - March 1, 6:00PM-6:05PM ET","Buy","4.998","14.514999999999999","Down","1772406179","0x6e60fcd5626ca122a34059754048347199f7a65c496050a7054fec722f2f59a1"
"Bitcoin Up or Down - March 1, 5:45PM-6:00PM ET","Buy","4.9994","71.42","Up","1772405937","0xc3bc135e8eea69dcfd91eb3a8630dba734e53ad24ad6798dabefb9c60b852017"
"Bitcoin Up or Down - March 1, 5:55PM-6:00PM ET","Buy","4.9998","6.41","Down","1772405867","0xb5e58db0988c0932ee169eedeeb5c233f6854a8fa932b5c07d25bbb14d0db18b"
"Bitcoin Up or Down - March 1, 5:55PM-6:00PM ET","Buy","0.3542","2.53","Up","1772405837","0xb513b5d6f095561e2f3e484d19c7d1261670775a58aadccc8fbd33efc20798d9"
"Bitcoin Up or Down - March 1, 5:55PM-6:00PM ET","Buy","4.6452","33.18","Up","1772405837","0xa4d30d6015134e45861b5f5f2012697afbeffaf60cf2d5e56bf4748ad493e82d"
"Ethereum Up or Down - March 1, 5:45PM-6:00PM ET","Buy","4.5","49.9162","Up","1772405837","0xf6c00bab212ebb613d92318ca58c30ac7f7353f1beea91f4cad5b233f8fd0447"
"Bitcoin Up or Down - March 1, 5:40PM-5:45PM ET","Redeem","5.7192","5.7192","","1772405755","0x8f625db55a5f838c7a9a62f68161061b0f83bc5cc5a295fc36d98cebea2d0934"
"Bitcoin Up or Down - March 1, 5:10PM-5:15PM ET","Redeem","0","0","","1772405755","0x8f625db55a5f838c7a9a62f68161061b0f83bc5cc5a295fc36d98cebea2d0934"
"Bitcoin Up or Down - March 1, 5:05PM-5:10PM ET","Redeem","0","0","","1772405755","0x8f625db55a5f838c7a9a62f68161061b0f83bc5cc5a295fc36d98cebea2d0934"
"Bitcoin Up or Down - March 1, 5:35PM-5:40PM ET","Redeem","0","0","","1772405755","0x8f625db55a5f838c7a9a62f68161061b0f83bc5cc5a295fc36d98cebea2d0934"
"Bitcoin Up or Down - March 1, 5:20PM-5:25PM ET","Redeem","0","0","","1772405755","0x8f625db55a5f838c7a9a62f68161061b0f83bc5cc5a295fc36d98cebea2d0934"
"Bitcoin Up or Down - March 1, 5:15PM-5:30PM ET","Redeem","0","0","","1772405755","0x8f625db55a5f838c7a9a62f68161061b0f83bc5cc5a295fc36d98cebea2d0934"
"Bitcoin Up or Down - March 1, 5PM ET","Sell","291.6379","300.07","Down","1772405719","0x938e9dcf485ba268a495ae039db3e45da11e513ed3d29cfe8843909eb061ad6d"
"Bitcoin Up or Down - March 1, 5PM ET","Buy","255.069999","283.41111","Down","1772405163","0xd50334ecbeb009d5be40c6634ec1e58dc5bec3805f486041b16f5867a900e1ba"
"Bitcoin Up or Down - March 1, 5:10PM-5:15PM ET","Redeem","0","0","","1772405009","0x783d222c920c921003953fa573104e47cee7189153e6c2930389f50d1bfceb14"
"Bitcoin Up or Down - March 1, 5:05PM-5:10PM ET","Redeem","0","0","","1772405009","0x783d222c920c921003953fa573104e47cee7189153e6c2930389f50d1bfceb14"
"Bitcoin Up or Down - March 1, 5:35PM-5:40PM ET","Redeem","14.5204","14.5204","","1772405009","0x783d222c920c921003953fa573104e47cee7189153e6c2930389f50d1bfceb14"
"Bitcoin Up or Down - March 1, 5:20PM-5:25PM ET","Redeem","0","0","","1772405009","0x783d222c920c921003953fa573104e47cee7189153e6c2930389f50d1bfceb14"
"Bitcoin Up or Down - March 1, 5:15PM-5:30PM ET","Redeem","0","0","","1772405009","0x783d222c920c921003953fa573104e47cee7189153e6c2930389f50d1bfceb14"
"Bitcoin Up or Down - March 1, 5PM ET","Buy","4.263","14.7","Up","1772404931","0xd8cabe0d1345028e425a99a10d64067fe4db1533e0179c15deaa2dc82c0a5963"
"Bitcoin Up or Down - March 1, 5:40PM-5:45PM ET","Buy","4.9364","5.7192","Up","1772404929","0xe8029d42c28c7cc9b3357ea50304875adf78e0bf67b0e9990e4883730e8da51c"
"Bitcoin Up or Down - March 1, 5PM ET","Sell","8.2065","54.71","Up","1772404785","0xa5e0858f11026005b1b15b658fdbf6bb3898625230dc1337e916c442005c3dbf"
"Bitcoin Up or Down - March 1, 5PM ET","Buy","1.8161","13.97","Up","1772404717","0x041e0a503641304945454da9d728aacc4ffecee65791ce8f4264fb7b6bf372ab"
"Bitcoin Up or Down - March 1, 5PM ET","Buy","0.164367","1.264361","Up","1772404711","0x531e5422bd56b3fb630c94da8a94eeb3017fad4d65e22e699fa554691b57b12b"
"Bitcoin Up or Down - March 1, 5PM ET","Buy","0.91","7","Up","1772404711","0xc8855496c582f5df1bdfe46b2deb074626f762a2dd85c671e24886f3c52ae27e"
"Bitcoin Up or Down - March 1, 5PM ET","Buy","0.448275","3.448269","Up","1772404711","0x73ff88175d3b8f6db8efd2a0697e2efeff1f86b86b66d49dc32c4f101aff169b"
"Bitcoin Up or Down - March 1, 5PM ET","Buy","0.164367","1.264361","Up","1772404709","0xcf8ce95ed362951f78e83e58d7fe9c95fc8b574448229984385001e2fe752867"
"Bitcoin Up or Down - March 1, 5PM ET","Buy","1.494252","11.494246","Up","1772404709","0x94fdfc05119bd1602b4b82fb67a2adac8b5b9d120f859ab77f43f671c5655c26"
"Bitcoin Up or Down - March 1, 5:35PM-5:40PM ET","Buy","4.9972","9.61","Down","1772404635","0xee4422ae7e5201bc1f355efb8d64d82b6164e5f2a74701220a351dd71b66bff7"
"Bitcoin Up or Down - March 1, 5:35PM-5:40PM ET","Buy","4.851","14.520399999999999","Up","1772404629","0xd9e3493a5aa4c55417b695598a75cbbfc1b7c9df8e959813e10d8f8457689f57"
"Bitcoin Up or Down - March 1, 5:10PM-5:15PM ET","Redeem","6.1752","6.1752","","1772404461","0x667206ec17ae1a7b0ee7182819127c1e5a1b9e96cc65ebe4699b993d0f2b3e3d"
"Bitcoin Up or Down - March 1, 5:05PM-5:10PM ET","Redeem","10","10","","1772404461","0x667206ec17ae1a7b0ee7182819127c1e5a1b9e96cc65ebe4699b993d0f2b3e3d"
"Bitcoin Up or Down - March 1, 5:20PM-5:25PM ET","Redeem","15.0169","15.0169","","1772404461","0x667206ec17ae1a7b0ee7182819127c1e5a1b9e96cc65ebe4699b993d0f2b3e3d"
"Bitcoin Up or Down - March 1, 5:15PM-5:30PM ET","Redeem","19.49","19.49","","1772404461","0x667206ec17ae1a7b0ee7182819127c1e5a1b9e96cc65ebe4699b993d0f2b3e3d"
"Bitcoin Up or Down - March 1, 5:30PM-5:45PM ET","Buy","4.177268","8.949895999999999","Up","1772404329","0xb8283f3bab713ce754221e291fd09a4bd2439c2f1b242069a11d4d1b6a18d946"
"Bitcoin Up or Down - March 1, 5PM ET","Buy","2.898","9.66","Down","1772404153","0x6988b367a2f2b91c804cdcef3248aae0799730d7f5e69973bfe8be1667cade4a"
"Bitcoin Up or Down - March 1, 5PM ET","Buy","2.1","7","Down","1772404153","0x320ba1021010d6836b30b90dea208d3a69cbb86085534c2ea7dc18c3f5ed1c56"
"Ethereum Up or Down - March 1, 5:15PM-5:30PM ET","Buy","4.4285","249.9811","Up","1772404027","0x8d3399f2f0d3fbc22fb6887383c424ec4f653e078c25971f43f3b9320b249a83"
"Bitcoin Up or Down - March 1, 5PM ET","Buy","4.7775","7.35","Up","1772404025","0x023229cf083be5e8960c3a8fbbc528357ba4af59cdc8132816b93568c0836e3a"
"Bitcoin Up or Down - March 1, 5:15PM-5:30PM ET","Buy","4.4494","71.3591","Up","1772404025","0x094682cba05c03a20326e203593288c24f14cea034adad9ce3323cf9c24dda45"
"Bitcoin Up or Down - March 1, 5:20PM-5:25PM ET","Buy","4.9962","7.57","Down","1772403777","0x813430c0d64191505346f30c146931115d20d5e9a22895425fbaa15a23ae4d6f"
"Bitcoin Up or Down - March 1, 5:15PM-5:30PM ET","Buy","4.802","9.647","Up","1772403725","0x782050c32a4fe7049bb879ddcb2a5868b707db03df57a85d838bcfdf35e51a3a"
"Bitcoin Up or Down - March 1, 5:15PM-5:30PM ET","Buy","4.9764","9.57","Down","1772403725","0xe25b931a688d830ff312a8aa8a213143bec8982b3dcd86eb1958983a0b945f1f"
"Bitcoin Up or Down - March 1, 5:20PM-5:25PM ET","Buy","3.7875","15.0169","Up","1772403723","0x6b76df72df4d416f70c770c2152ee509cbf003b218eb8706f10226b1b0b7adcf"
"Bitcoin Up or Down - March 1, 5:15PM-5:30PM ET","Buy","4.96","9.92","Down","1772403427","0x429d011d76e4480f6175f813318a025778a5243c1e832cf88b660983adf3b828"
"Bitcoin Up or Down - March 1, 5:15PM-5:20PM ET","Buy","4.214","9.6529","Down","1772403423","0x4be51284e4b392aa4b7aa21e659cb2a6c2563f1af1b70433f606ed02e40b4d76"
"Bitcoin Up or Down - March 1, 5:10PM-5:15PM ET","Buy","4.9977","6.17","Up","1772403135","0xe7d92478bdbdab260215637f1fde735af0cd03ecb65e6307dfe1a9bbca3fe127"
"Ethereum Up or Down - March 1, 5:00PM-5:15PM ET","Buy","3.9179","13.3669","Down","1772403119","0x52e1ec863d70255820f6e6ca08fc6e8a215b60446c43667033e5ebaac50e011f"
"Bitcoin Up or Down - March 1, 5:00PM-5:05PM ET","Redeem","7.8097","7.8097","","1772402959","0xfd47c33e2449034580b8240e96953f6af2362e8eb279654da7ba976a6133fb33"
"Bitcoin Up or Down - March 1, 5:05PM-5:10PM ET","Buy","5","10","Down","1772402851","0x7047e3923968f9b4a033537781b46aa1e240e658b1f8a150da0c27d92d9299e0"
"Ethereum Up or Down - March 1, 5PM ET","Buy","4.906","8.92","Up","1772402817","0x710c03b7b7a25ba4236be2953587f3e124f08496c840622831a72e905f8e131f"
"Bitcoin Up or Down - March 1, 5PM ET","Buy","4.9952","8.92","Up","1772402815","0x1c67adba65a7374d678f16137a89c6e21feb502f7daae1e3ff571322f94fd5ac"
"Bitcoin Up or Down - March 1, 5:00PM-5:05PM ET","Buy","4.4408","7.809699999999999","Up","1772402513","0x27bdbaeb11228663c5f94022163ef50664f3ba87fb534cb7240b03a425887fed"
"Bitcoin Up or Down - March 1, 4:30PM-4:35PM ET","Redeem","11.5401","11.5401","","1772401951","0x7467ba570730c1096b73405217090d9f5e553aa874d1de872532d8e12370bc79"
"Ethereum Up or Down - March 1, 4:40PM-4:45PM ET","Buy","0.9999","99.99","Up","1772401463","0x0d2d24c52a5a53e015ca25fe3b1ce1a075094b5267c7ec1800d12a1dde4e2546"
"Ethereum Up or Down - March 1, 4:40PM-4:45PM ET","Buy","0.10101","10.101","Up","1772401463","0xd958c76e88492cb9471f8fc28c284edb0cb98748b696db81a1d5bb092ea740b1"
"Ethereum Up or Down - March 1, 4:40PM-4:45PM ET","Buy","0.05","5","Up","1772401463","0x5fa41d4cf3318161cc24e493dc3d689d07d6ecebd5c4af92ac9827435cef2155"
"Ethereum Up or Down - March 1, 4:40PM-4:45PM ET","Buy","0.05","5","Up","1772401463","0x6a4bbec3d752e29347dd43ec748001041b3c84fc9ed6d1b0847a351470dc836d"
"Ethereum Up or Down - March 1, 4:40PM-4:45PM ET","Buy","0.191","19.1","Up","1772401463","0xf67000a3ad5ceebdd779cc221b625a02a672e172bda31696118c367dc421f024"
"Ethereum Up or Down - March 1, 4:40PM-4:45PM ET","Buy","0.02","2","Up","1772401463","0x9758163b4e092d6bec761eb3594d239c2f2561a4168f4458db1b13d29d235bac"
"Ethereum Up or Down - March 1, 4:40PM-4:45PM ET","Buy","0.390404","39.0404","Up","1772401463","0xd0b84ddf693f591671f8e8d765e14c2d8801a4c3feb3c4c08ad4006b9e7cd5a0"
"Ethereum Up or Down - March 1, 4:40PM-4:45PM ET","Buy","0.0141","1.41","Up","1772401461","0xfdec7b3f0a87425e9607078ca00899388b0dc5e0fd37fd50e4339c957c302abd"
"Ethereum Up or Down - March 1, 4:40PM-4:45PM ET","Buy","0.57","57","Up","1772401461","0x545a728d2849eebfcc483413b96cc76b8b7e180640ec52bf7cc4064decddb1d0"
"Ethereum Up or Down - March 1, 4:40PM-4:45PM ET","Buy","0.10101","10.101","Up","1772401461","0xe036a8c97bc4f7139c45f85e815750468f31d64d8f72fbdf06eef40483449db2"
"Ethereum Up or Down - March 1, 4:40PM-4:45PM ET","Buy","0.17","17","Up","1772401461","0x723c6873c1aa17c7f21c62628475a66b7cfeeda82e8ddfb2cc2b6292fac3b579"
"Ethereum Up or Down - March 1, 4:40PM-4:45PM ET","Buy","0.0731","7.31","Up","1772401461","0x4a6c55a58f98e7c208042054a29478318153b13dd290525750495e60d37ce32f"
"Ethereum Up or Down - March 1, 4:40PM-4:45PM ET","Buy","0.15","15","Up","1772401461","0xa9374caa211be9f8fcee22c2f1fef782612278973931400b256884c75ba10a32"
"Ethereum Up or Down - March 1, 4:40PM-4:45PM ET","Buy","0.25","25","Up","1772401461","0xa35c0ca44fa038497655bbe5eb741113bd704d6c0ea2cc6bb163d514fa07e74c"
"Ethereum Up or Down - March 1, 4:40PM-4:45PM ET","Buy","0.06","6","Up","1772401461","0xf3bf1748329818b562dfb82fb970bb01e248ce00589158dfa27e01d7b743540f"
"Ethereum Up or Down - March 1, 4:40PM-4:45PM ET","Buy","0.1","10","Up","1772401459","0x59211bb726d6b9f216f16c04fb02448b48282fa22b7d139916827c8b15636b06"
"Ethereum Up or Down - March 1, 4:40PM-4:45PM ET","Buy","1.7092","170.9159","Up","1772401459","0x68996cbdbf0fbc98c207f3d74aeccdbf1dd9c3cb08a2edb01d269c28b9d9f4ca"
"Bitcoin Up or Down - March 1, 4:30PM-4:35PM ET","Buy","2.4402","11.540099999999999","Down","1772400857","0xe12cf0c7abc4afb19545c09cfb5a69f0563ef3fc7f32b416edffcf5e2d53c04a"
"Solana Up or Down - March 1, 4:30PM-4:45PM ET","Buy","4.9245","10.05","Down","1772400845","0x52bf3a406d0904fedc16c318f963503090747380cd1c32e757550439bea13a34"
"Solana Up or Down - March 1, 4:30PM-4:45PM ET","Buy","0.0735","0.15","Down","1772400845","0x5a6f7721602c0d4cb03d1bcb16b27d3b0a09145aa7426d608a2b9003f4638359"
"Ethereum Up or Down - March 1, 4:05PM-4:10PM ET","Redeem","10.2","10.2","","1772400613","0xc6274957a8729582a710f6e68e03d27840d87b27862d98f57364d6dbc16402ed"
"Bitcoin Up or Down - March 1, 3:55PM-4:00PM ET","Redeem","0","0","","1772400613","0xc6274957a8729582a710f6e68e03d27840d87b27862d98f57364d6dbc16402ed"
"Solana Up or Down - March 1, 4:15PM-4:30PM ET","Buy","5","499.9878","Down","1772400555","0xc6879959e1a9b75254f2ecb257138c603c0586216b221bfb36eb798950baf8e3"
"Bitcoin Up or Down - March 1, 4:20PM-4:25PM ET","Buy","0.529411","3.529406","Down","1772400261","0x46844876daa61dd63ca48c75537bd646d871fec9b926ce5208e630fab27f7a8c"
"Bitcoin Up or Down - March 1, 4:20PM-4:25PM ET","Buy","0.12","0.8","Down","1772400259","0x1b131316b30b8cda0997a94e67d5fe01583073c9b38ccf47f511e04ffb1b5690"
"Bitcoin Up or Down - March 1, 4:20PM-4:25PM ET","Buy","4.35","29","Down","1772400259","0xea0efebfd4538c031d90e0c1580567fd0152c2d6641e6118f74c9dd391bbfd30"
"Bitcoin Up or Down - March 1, 4:15PM-4:20PM ET","Buy","3.2219","10.9923","Down","1772399951","0x9bb24e069aa3003034a9b65f67fee2aefdec2dbf49567cba7fb504b33593da7c"
"Bitcoin Up or Down - March 1, 3:55PM-4:00PM ET","Redeem","11.3156","11.3156","","1772399537","0xfeb0d2e66608c14fdd2331b8df153cdad22c51f81c6bc47edfae155286750fbc"
"Ethereum Up or Down - March 1, 4:05PM-4:10PM ET","Buy","2.058","4.2","Up","1772399081","0xebcdb6ad36ae583588d3db3162fa0fb48cc85ed7be0ba02d2c5bf7e80f47bd43"
"Ethereum Up or Down - March 1, 4:05PM-4:10PM ET","Buy","2.94","6","Up","1772399067","0xe2589f9edeb563fa4f34c9ac2c785d40d33489b47122d45288cdd36b7c17818c"
"Ethereum Up or Down - March 1, 3:45PM-3:50PM ET","Redeem","6.75","6.75","","1772398773","0x7bf14c81da4a7b5652ec25180d3af55f622f6e6f30f9bd17319e803451635404"
"Ethereum Up or Down - March 1, 3:40PM-3:45PM ET","Redeem","6.8665","6.8665","","1772398773","0x7bf14c81da4a7b5652ec25180d3af55f622f6e6f30f9bd17319e803451635404"
"Bitcoin Up or Down - March 1, 3:30PM-3:45PM ET","Redeem","7.57","7.57","","1772398773","0x7bf14c81da4a7b5652ec25180d3af55f622f6e6f30f9bd17319e803451635404"
"Bitcoin Up or Down - March 1, 3:45PM-3:50PM ET","Redeem","7.8223","7.8223","","1772398773","0x7bf14c81da4a7b5652ec25180d3af55f622f6e6f30f9bd17319e803451635404"
"Bitcoin Up or Down - March 1, 3:40PM-3:45PM ET","Redeem","9.09","9.09","","1772398773","0x7bf14c81da4a7b5652ec25180d3af55f622f6e6f30f9bd17319e803451635404"
"Bitcoin Up or Down - March 1, 3:55PM-4:00PM ET","Buy","1.6643","11.3156","Down","1772398755","0xc66129014f78405f8bf8a648f68ee19969f7c700d2d8f578944c3c7d454f6094"
"Solana Up or Down - March 1, 3:45PM-3:50PM ET","Buy","4.662307","21.192304","Up","1772398165","0x3dfc9782a812cde6fa17dacae4d96a167e4ba28c7e6c603e9db6e67f95f083e4"
"Solana Up or Down - March 1, 3:45PM-3:50PM ET","Buy","0.3344","1.52","Up","1772398165","0xe4fa4fa442bdb2cbf0d101537a30f902ae4ba9978de10f3a39ae51ce8ab541dd"
"Ethereum Up or Down - March 1, 3:45PM-3:50PM ET","Buy","4.44","6","Down","1772398145","0x2df30fb1fdff21cd081c5568c55bcd00e73584ccdd75784ec7babf5d22aee6bb"
"Ethereum Up or Down - March 1, 3:45PM-3:50PM ET","Buy","0.555","0.75","Down","1772398145","0x018007e31f898abf3e1b3cc13542dec4f427d9a5dfe0c7013ca8c1faa18a4e13"
"Ethereum Up or Down - March 1, 3:45PM-3:50PM ET","Buy","2.7264","22.656699999999997","Up","1772398131","0x21a5e830af8f1be18519f620abfb9905298dc7c4a1b98aa822eac624b71823ed"
"Bitcoin Up or Down - March 1, 3:45PM-3:50PM ET","Buy","4.2218","10.9559","Up","1772398131","0x01b9333b4f77a1be376317b11de0335f6654079e802db0a3e350411dabfe9124"
"Bitcoin Up or Down - March 1, 3:45PM-3:50PM ET","Buy","4.9959","7.822299999999999","Down","1772398129","0x65860e7350976491602c659d8c6572ac90a60e16d217a8474bacba72447920ac"
"Solana Up or Down - March 1, 3:40PM-3:45PM ET","Buy","4.9995","11.11","Down","1772397871","0xc1df4a967c1c78d7053bff81963e87d57f9bc23b04045d4c2857d2664dc69aed"
"Bitcoin Up or Down - March 1, 3:40PM-3:45PM ET","Buy","4.9995","9.09","Up","1772397847","0x70fdb51b7804893422c7ba72ee857f9ec60a7a802c0f4d179b0e5e0007241cdf"
"Bitcoin Up or Down - March 1, 3:40PM-3:45PM ET","Buy","4.6613","10.3698","Down","1772397827","0x2bcae6f880216526df4f9e9692db982f1e2507f5d2af690ad96b84007e1d91b6"
"Ethereum Up or Down - March 1, 3:40PM-3:45PM ET","Buy","4.9274","6.8665","Down","1772397827","0x358b8607ccb2de7b703b89a217d889d90618ecf3804107b796e931294be095c0"
"XRP Up or Down - March 1, 3:40PM-3:45PM ET","Buy","4.45","24.8662","Up","1772397827","0xc3fdeaddc6bfec2b955ec0a34ecff2d3fbaa98d5c031d03f214aa4951616f1dd"
"Ethereum Up or Down - March 1, 3:15PM-3:30PM ET","Redeem","5.05","5.05","","1772397763","0x56531208d97175843478e7098837b51fa03a6ce1d25481f4c032e3f598666b3a"
"Ethereum Up or Down - March 1, 3:30PM-3:35PM ET","Redeem","5.733075","5.733075","","1772397763","0x56531208d97175843478e7098837b51fa03a6ce1d25481f4c032e3f598666b3a"
"Solana Up or Down - March 1, 3:25PM-3:30PM ET","Redeem","11.11","11.11","","1772397763","0x56531208d97175843478e7098837b51fa03a6ce1d25481f4c032e3f598666b3a"
"Bitcoin Up or Down - March 1, 3:15PM-3:30PM ET","Redeem","12.5","12.5","","1772397763","0x56531208d97175843478e7098837b51fa03a6ce1d25481f4c032e3f598666b3a"
"Solana Up or Down - March 1, 3:30PM-3:45PM ET","Buy","3.636","45.3885","Up","1772397525","0xe090b784334dd423547a1d05b93eefa29d9e3ff7393e337d91459c21596befb8"
"Bitcoin Up or Down - March 1, 3:35PM-3:40PM ET","Buy","4.3064","7.573300000000001","Up","1772397523","0xd5dc1f8ad5a268d7f28e3beda1ada89a300d05978b8fd1eeeb22f9ddf9b43e02"
"Ethereum Up or Down - March 1, 3:30PM-3:35PM ET","Buy","2.3751","2.73","Down","1772397277","0xb1eb081c6ec28fbbebe1825b0cd70341a923e031401888f1d2afe13208461b9e"
"Bitcoin Up or Down - March 1, 3:30PM-3:45PM ET","Buy","4.9962","7.57","Down","1772397275","0x6cf0f404872d704127542fbbf984706a95ec2bdbc8112ceddaff7751664c56d3"
"Ethereum Up or Down - March 1, 3:30PM-3:35PM ET","Buy","2.612676","3.003075","Down","1772397275","0xd5b025556a3ff54aae36ddf022832dd7c494346cd78ccc789a8d77d3567d68e0"
"Bitcoin Up or Down - March 1, 3:30PM-3:35PM ET","Buy","1.5904","22.695999999999998","Up","1772397225","0x17512b6d5d46946fa9937776311a685af7966eb73d0d7b9beaac3745775256b2"
"Bitcoin Up or Down - March 1, 3:30PM-3:45PM ET","Buy","4.3524","15.963500000000002","Up","1772397223","0x8782d39393cbff60f0cbd518311dd5a0f204b01e3d9c1c72cd0c05ddb25ec4b9"
"Solana Up or Down - March 1, 3:10PM-3:15PM ET","Redeem","5.15","5.15","","1772397039","0x1c99d233ef5c8741db3a90598dcb70f39ad30f4e79ba599c3064a229507aae4f"
"Bitcoin Up or Down - March 1, 3:10PM-3:15PM ET","Redeem","5.15","5.15","","1772397039","0x1c99d233ef5c8741db3a90598dcb70f39ad30f4e79ba599c3064a229507aae4f"
"Ethereum Up or Down - March 1, 3:20PM-3:25PM ET","Redeem","6.57","6.57","","1772397039","0x1c99d233ef5c8741db3a90598dcb70f39ad30f4e79ba599c3064a229507aae4f"
"Ethereum Up or Down - March 1, 2:45PM-3:00PM ET","Redeem","0","0","","1772397039","0x1c99d233ef5c8741db3a90598dcb70f39ad30f4e79ba599c3064a229507aae4f"
"Ethereum Up or Down - March 1, 3:00PM-3:15PM ET","Redeem","12.559","12.559","","1772397039","0x1c99d233ef5c8741db3a90598dcb70f39ad30f4e79ba599c3064a229507aae4f"
"Solana Up or Down - March 1, 3:25PM-3:30PM ET","Buy","4.9995","11.11","Down","1772396953","0x1de571a5cbf10bb88b6126900ef7e233c78c23b1225a59b36cc4367d3486012e"
"Ethereum Up or Down - March 1, 3:15PM-3:30PM ET","Buy","4.9995","5.05","Down","1772396933","0xae8f6a47d57a66d58b886ffb3a03325a4a93bdd81f681b18b126559d827a9ab1"
"Bitcoin Up or Down - March 1, 3:25PM-3:30PM ET","Buy","3.8864","13.739","Up","1772396933","0x26621276bb4d30d7abcac128198af0379e297b0d5cbd18b2be6ec4607a1dd9e0"
"Solana Up or Down - March 1, 3:15PM-3:30PM ET","Buy","3.947","28.448700000000002","Up","1772396933","0x1f273a275e8fe8e65cf8637e3d776e966858df7cb4860771e7d30986aeb07f06"
"Ethereum Up or Down - March 1, 3:25PM-3:30PM ET","Buy","1.818","45.4333","Up","1772396923","0xa4812d816a8c0c3a4f20448325931107b17c21b68f78dd317874f2f186edd1f2"
"XRP Up or Down - March 1, 3:15PM-3:30PM ET","Buy","4.9977","18.3303","Up","1772396923","0x8f83caf8f7108b1536b33341813487cc74066b7edeb77b298f5197a81d1ad4c4"
"Solana Up or Down - March 1, 3:25PM-3:30PM ET","Buy","3.7711","8.6383","Up","1772396921","0x008e609efb9e918bcd780e32070bd8abc0ec4829131c8cc16adfd13b956dba9d"
"Ethereum Up or Down - March 1, 3:20PM-3:25PM ET","Buy","0.4332","0.57","Down","1772396629","0xd5d034eaa8cd1d120d0a0f5aad6ddb3d823688ccc72dc164750b829bf4761f88"
"Ethereum Up or Down - March 1, 3:20PM-3:25PM ET","Buy","4.56","6","Down","1772396629","0xae7680edc08fc14afef99ffa288251da1c6c74b26c61c1f4cd358f43eb08570b"
"Ethereum Up or Down - March 1, 3PM ET","Buy","4.992","5.2","Down","1772396617","0x03b942cca3aeca5572f5ad41dc778c50920583ed10f2bcb27524b5b5f458bf7b"
"Bitcoin Up or Down - March 1, 3:20PM-3:25PM ET","Buy","4.0896","22.5963","Up","1772396617","0xe8a25c69df60f954cb000886a5fa2e59978c082676549e0a76b99b9198dbd136"
"Solana Up or Down - March 1, 3PM ET","Buy","0.3564","2.97","Up","1772396373","0x75ab2212a9ab5df3b152383a11a5717078021019a7414cdf8636bdd9461f1bb2"
"Solana Up or Down - March 1, 3PM ET","Buy","4.9938","5.74","Down","1772396363","0x0154f12eadbd7b4dbf3a29708b36a2d357c6e562d01d8d732cfd763cd03c0c56"
"Solana Up or Down - March 1, 3PM ET","Buy","0.201818","1.681816","Up","1772396347","0x846f7bc539308a2543e547f2b90feaf9fb982543a262687a106b3553f6cff73c"
"Solana Up or Down - March 1, 3PM ET","Buy","4.44","37","Up","1772396347","0x5d8e0bf6fbcec86586567e34f3095203ca7c6a96243e018920fbba0feeac797a"
"Bitcoin Up or Down - March 1, 3PM ET","Buy","2.988","29.88","Up","1772396347","0xe4b946ea5c93070f709a36d676ebc1dbfaf1f3c96928cce781e1661d85587eb4"
"Bitcoin Up or Down - March 1, 3PM ET","Buy","0.111111","1.11111","Up","1772396343","0x30334ba31ce047928aa5864a007bc364e8ff4bb2f0cc451f08c0f72f03043d55"
"Bitcoin Up or Down - March 1, 3:15PM-3:30PM ET","Buy","2.596","6.49","Down","1772396331","0x871f27ad93c474e50b456639c184eea9af574689a9f622e4304048b0a8461456"
"Bitcoin Up or Down - March 1, 3:15PM-3:30PM ET","Buy","2.404","6.01","Down","1772396331","0xd928a3adcc78c9a219f75e0350c327fd59032f03224308a054a794b727d665b8"
"Bitcoin Up or Down - March 1, 3PM ET","Buy","1.4","14","Up","1772396329","0x94fbfff5cafb6158089d50b0caf3521387f299da8f56a0ad91d081636def56cf"
"Solana Up or Down - March 1, 3:15PM-3:20PM ET","Buy","4.6698","10.6969","Up","1772396319","0x9fafdfdc0bc0c5f6d647d7a3e27101f9c503733a2fb40eb58f0d4fc1c9c590e1"
"Bitcoin Up or Down - March 1, 3PM ET","Buy","0.5","5","Up","1772396319","0x934adb153e39825ed6b8f00eb2377a7391ae2452075c67274225121e016c7275"
"Bitcoin Up or Down - March 1, 3:15PM-3:20PM ET","Buy","4.5551","10.9475","Down","1772396317","0xb6ffd41e85f0e10aa2d91508afa6b59b575dc0b8dc321d699454baa8c21be7a5"
"Bitcoin Up or Down - March 1, 3PM ET","Buy","4.995","5.55","Down","1772396317","0x606a41080df3701d096369cffed4953f2d82d026031ab5dc0c67b2cec499b1b4"
"Solana Up or Down - March 1, 3:10PM-3:15PM ET","Buy","4.9955","5.15","Down","1772396043","0xe12ae800d28449f9bc74e88dfbaa8923a02cb7da75b3e598921ac759e34aef01"
"Bitcoin Up or Down - March 1, 3:10PM-3:15PM ET","Buy","4.9955","5.15","Down","1772396033","0xf5d68f46c8ed0da269b2d59f9865e563449ce8d3454031ed57edbefc88355720"
"Ethereum Up or Down - March 1, 3:00PM-3:05PM ET","Redeem","5.61","5.61","","1772395811","0x9d8207e763742c7c2459dca0de8b6b5ab58291aee429e8a2763fdf7e35286aea"
"Solana Up or Down - March 1, 2:55PM-3:00PM ET","Redeem","6.1761","6.1761","","1772395811","0x9d8207e763742c7c2459dca0de8b6b5ab58291aee429e8a2763fdf7e35286aea"
"Ethereum Up or Down - March 1, 2:45PM-3:00PM ET","Redeem","7.04","7.04","","1772395811","0x9d8207e763742c7c2459dca0de8b6b5ab58291aee429e8a2763fdf7e35286aea"
"Ethereum Up or Down - March 1, 2:50PM-2:55PM ET","Redeem","13.3308","13.3308","","1772395811","0x9d8207e763742c7c2459dca0de8b6b5ab58291aee429e8a2763fdf7e35286aea"
"Solana Up or Down - March 1, 2:45PM-3:00PM ET","Redeem","13.3321","13.3321","","1772395811","0x9d8207e763742c7c2459dca0de8b6b5ab58291aee429e8a2763fdf7e35286aea"
"Ethereum Up or Down - March 1, 3PM ET","Buy","4.9998","19.23","Up","1772395741","0xffbd38eeae7a4b1d2aa2fbb125370553cc86ae703ae03176ea1c5f741e0bea41"
"Bitcoin Up or Down - March 1, 3:00PM-3:15PM ET","Buy","0.63","9","Up","1772395731","0x23bb7f2d35728d59b25d598eddd5be8a997a4ee6abdd876926e0f5113ab4dbeb"
"Bitcoin Up or Down - March 1, 3:00PM-3:15PM ET","Buy","1.12","16","Up","1772395731","0xe431c1c471149626650401705ab4a89daa152894575e7122fe6da2d03579d01d"
"Bitcoin Up or Down - March 1, 3:00PM-3:15PM ET","Buy","0.7","10","Up","1772395731","0x31088781ecf88c144094a934b6a5df3759f960b37afcb1de340b30415fdd33e9"
"Bitcoin Up or Down - March 1, 3:00PM-3:15PM ET","Buy","0.7294","10.42","Up","1772395731","0x7296254a1b73e22240992b2cd282d24ddd7a016f8bd99f627033e2a69a638bcb"
"Bitcoin Up or Down - March 1, 3:00PM-3:15PM ET","Buy","1.19","17","Up","1772395731","0xe4135c3c48c931d388ecc6a298d1b777a80f9466286649235d20f63d1fd35c3e"
"Bitcoin Up or Down - March 1, 3:00PM-3:15PM ET","Buy","0.63","9","Up","1772395731","0xce7a781b0167c60b5ec6b895b95d3a7800a99c8396c310c9dafba36be8c10838"
"Bitcoin Up or Down - March 1, 3PM ET","Buy","4.3776","6.84","Down","1772395715","0x8eb5e7ff106a1406de34cef7f2d5e46ff423eee7ecd43491135ccd79bdf06ea0"
"Ethereum Up or Down - March 1, 3:00PM-3:15PM ET","Buy","3.5685","5.4190000000000005","Down","1772395715","0x2308a1d93dc188e464a33a7d1af587ae05f987bb5b3eb60791db93d2c088aab4"
"Bitcoin Up or Down - March 1, 3PM ET","Buy","4.998","8.33","Down","1772395459","0xa1a3b6af7832db790e3186a734822d63fef6546a1a72a196d59de246adb769c5"
"Ethereum Up or Down - March 1, 3:00PM-3:05PM ET","Buy","4.1029","4.61","Down","1772395459","0x372bf09dd4f9b115c69f3a36bb9b6f4a15ec509b9389aff5f557647dcf2f4a9f"
"Ethereum Up or Down - March 1, 3:00PM-3:05PM ET","Buy","0.89","1","Down","1772395457","0x5046d17fc8a3deccec5dc058b1f3f6acac9c664d179b103398fb0cc7146088a4"
"Solana Up or Down - March 1, 3PM ET","Buy","4.998","8.33","Down","1772395447","0xf4450a0b5fa891512b8a7aea17145cb91884be454bdd8acca723a376dcb504c4"
"Ethereum Up or Down - March 1, 3:00PM-3:15PM ET","Buy","4.998","7.14","Down","1772395447","0x334248e1610f35bf50f033231048a404bb0b0e699a8ad74aad131eb94728f026"
"Ethereum Up or Down - March 1, 3PM ET","Buy","2.0473","3.47","Down","1772395447","0x8878285f7d40db9442ec3ee148bd1cfcabe7d6a2e38dd7e859d311c70cd561cb"
"Ethereum Up or Down - March 1, 3PM ET","Buy","2.95","5","Down","1772395447","0x7fdf1fe708910a95ce519b3cce9fde72546e2aa646aea72e469bcb6de184b48a"
"Bitcoin Up or Down - March 1, 3:00PM-3:05PM ET","Buy","1.6659","18.479000000000003","Up","1772395415","0xc9a47ada2e64b2802fdff5860e343ab5a3bcca56b8be8017ae289a5bb0fa06a8"
"Bitcoin Up or Down - March 1, 3:00PM-3:15PM ET","Buy","4.544","22.5746","Up","1772395413","0x228ca048748715a8b756f3f86b46c7c3e80fe0d046b23c8e7a80a1b438c147c5"
"Bitcoin Up or Down - March 1, 3PM ET","Buy","4.75","12.5","Up","1772395413","0xfc54977670f72e0db6001b5d092d766958058fdccdcd42f64d38f79dcf72b6b0"
"Solana Up or Down - March 1, 2:55PM-3:00PM ET","Buy","0.9541","3.29","Down","1772395203","0x41409a5e092edfa7f7c9b227ffbdcf5bddc2d2777501641d99864e57f906bb38"
"Solana Up or Down - March 1, 2:55PM-3:00PM ET","Buy","4.043661","13.943658","Down","1772395201","0x5a0f736df6196d065c96d7d170b64932724cc2ada03d9a6ba5f416fd79cd4962"
"Solana Up or Down - March 1, 2:45PM-3:00PM ET","Buy","4.997","5.26","Up","1772395129","0x7b85d5968e3ca0fbb01d88d121cfd1180b5f4ce3eafffa37e07606a2c2971d22"
"Solana Up or Down - March 1, 2:55PM-3:00PM ET","Buy","4.25","6.1761","Up","1772395113","0xdb2a75b964d1ff6ea59ebf2b498ce86cb7d5737570c4cc2496df20679778c368"
"Bitcoin Up or Down - March 1, 2:55PM-3:00PM ET","Buy","4.07","9.1097","Down","1772395111","0x639583c9a505a58c918bcb63c49869a65b904ab44454ae9659f45b9d1fa3ce09"
"Ethereum Up or Down - March 1, 2:45PM-3:00PM ET","Buy","4.9984","7.04","Up","1772394815","0x174ca5a02816e7e30ae22eec44a80a3d457b9ba8cb2b919cc6f46d72598a8707"
"Solana Up or Down - March 1, 2:45PM-3:00PM ET","Buy","4.914","8.072099999999999","Up","1772394813","0x171e6b3d8bd1a24b6c3ae9ca0428eb59147bbc73e73f1ab891f1eb6efc8f7663"
"Bitcoin Up or Down - March 1, 2:50PM-2:55PM ET","Buy","4.3524","7.935700000000001","Down","1772394813","0xe15848d5437eb94256bf5f13a6333aaa892612b2e2a2af1d9a7b259fd8e59531"
"Solana Up or Down - March 1, 2:50PM-2:55PM ET","Buy","2.9616","18.4265","Up","1772394813","0x61849c8fd4ad577730243c5e4b8ebcd2a6285daf497031a1ebd242cd78466620"
"Ethereum Up or Down - March 1, 2:50PM-2:55PM ET","Buy","4.8636","13.3308","Up","1772394811","0x7773c5992540dbc8d84cc362faca688be06b7bc0d2de04d5aa5a03da8eba9180"
"Ethereum Up or Down - March 1, 2:50PM-2:55PM ET","Buy","4.849","7.3635","Down","1772394809","0x2e67fe2287d12b3e8f1faa2b4cd7740544796633cb9be95eeace92059fa2247b"
"Bitcoin Up or Down - March 1, 12:45PM-1:00PM ET","Redeem","10.987796","10.987796","","1772392565","0x6d24ff191b9fcdcc3eb3b4e67a2d632cbaaf6ce7a0d5d90a2753fe059ed16416"
"Bitcoin Up or Down - March 1, 12:55PM-1:00PM ET","Redeem","12.0145","12.0145","","1772392565","0x6d24ff191b9fcdcc3eb3b4e67a2d632cbaaf6ce7a0d5d90a2753fe059ed16416"
"Bitcoin Up or Down - March 1, 2:00PM-2:05PM ET","Buy","4.557","14.531899999999998","Up","1772391847","0x516123489e5b5e9ce35ff741389d564975b3a470da01d495f5f10a8b87e026cf"
"Bitcoin Up or Down - March 1, 1:45PM-1:50PM ET","Buy","4.9979","12.19","Down","1772390955","0xe70deb74c56254ccc3f4afd99d4148901b40ae3e464631a4fb5f136b50807295"
"Solana Up or Down - March 1, 1:45PM-1:50PM ET","Buy","3.2944","11.2396","Up","1772390941","0xb9507da8be437d9f8a695f0b7f4d8ab86291fcba744e8a2ccb5d4188d255d498"
"Bitcoin Up or Down - March 1, 1:40PM-1:45PM ET","Buy","4.9995","11.11","Up","1772390651","0x4a4dc916ce13df0f53eb545464dde14542cd2b38ac3ae0408e92d98e037489d7"
"Bitcoin Up or Down - March 1, 1:30PM-1:45PM ET","Buy","2.425799","12.744598","Up","1772390641","0xeac25bdfa35b1d7b20df38dbf7a013d7f9efdcf50bd9a1f44fe4b4c7372b5566"
"Bitcoin Up or Down - March 1, 1:30PM-1:45PM ET","Buy","4.997","13.15","Up","1772390347","0x0fbb22468819164c15b8618cc1a1da2ba015a54d833d8b164f5db971a4854be5"
"Bitcoin Up or Down - March 1, 1:35PM-1:40PM ET","Buy","2.3296","7.28","Up","1772390345","0xad97e93909da4436688e9e3136d840b40bda56b51bd81f56c42a40589e989c8f"
"Bitcoin Up or Down - March 1, 1:35PM-1:40PM ET","Buy","0.418447","1.307646","Up","1772390345","0x96bf428c319bce90421244169fd608217f0e42fa4aef9d6f9197b1c104e476e9"
"Bitcoin Up or Down - March 1, 1:35PM-1:40PM ET","Buy","2.24","7","Up","1772390345","0xbdff57bcad916cbaf57c2d3189da18b800484885f5372d0b7abc48d8370e43ae"
"Bitcoin Up or Down - March 1, 1:15PM-1:30PM ET","Buy","2.413999","15.082098","Down","1772389735","0x5489a55d5560586b2b5e70145cdb8f5a4c93636c2cb526c6ef16e90962450247"
"Solana Up or Down - March 1, 1:10PM-1:15PM ET","Buy","3.0547","27.7035","Up","1772388833","0x55d10134501fa043c6bc620d9ed9aa824c9f793176f3e32e189ae7477516cdb7"
"Bitcoin Up or Down - March 1, 1:05PM-1:10PM ET","Buy","4.0652","71.3686","Down","1772388531","0x328f5efea1b4207812a797f51add16d3364c1d5059b01737aee130cd76932d9c"
"Solana Up or Down - March 1, 1:05PM-1:10PM ET","Buy","3.3865","83.2984","Down","1772388531","0x9fe71f2db5a626b3a81863c118b88cf7bb3ae61cda7cab92466f60cfcd98c1e0"
"Solana Up or Down - March 1, 1:00PM-1:05PM ET","Buy","4.3935","14.9895","Down","1772388227","0x787fb2be5e25b311c0b9b5d26f9db54080f3c12040c740bf542ab1d86aa8f4e6"
"Bitcoin Up or Down - March 1, 12:55PM-1:00PM ET","Buy","2.2954","4.99","Up","1772387947","0xb064eadc875c31259e1bb847a3c83f9cbbc3a8c81d068256509ec738213ca999"
"Bitcoin Up or Down - March 1, 12:55PM-1:00PM ET","Buy","2.7002","5.87","Up","1772387947","0xe2cc61dcc8c107ec89d5e44f13744735215b0c58457a7041acc2955812e9f3b1"
"Bitcoin Up or Down - March 1, 12:55PM-1:00PM ET","Buy","4.876","12.0145","Down","1772387927","0xd5219bf73c667c27521d72f40154fe40f1a40478b3c2e70e0be8f69832eeeef1"
"Bitcoin Up or Down - March 1, 12:45PM-1:00PM ET","Buy","3.327974","10.987796000000001","Down","1772387329","0xf989128a689e20aa84164bb9825637351e6dbeface159a52e8e4079db692d1ca"
"Bitcoin Up or Down - March 1, 12:45PM-12:50PM ET","Buy","2.38","11.8239","Down","1772387327","0x21204e3f90225fa6f440d7e743f3c7aa1cb438abdbc9ec206690cb5270d5221f"
"Solana Up or Down - March 1, 12:35PM-12:40PM ET","Buy","4.948","23.6387","Down","1772386721","0x00008c7f6b16b3bc1c6f09dd397603fbbcd938bd69eb984118bffcc43e9c2573"
"XRP Up or Down - March 1, 10AM ET","Redeem","16.12","16.12","","1772386623","0x1f4d0dc36acca4c139bef61db31e2a7f38e953b0f9009039c84889db3ed5669b"
"Bitcoin Up or Down - March 1, 10AM ET","Redeem","250","250","","1772386623","0x1f4d0dc36acca4c139bef61db31e2a7f38e953b0f9009039c84889db3ed5669b"
"Solana Up or Down - March 1, 12:30PM-12:45PM ET","Buy","4.9966","11.62","Down","1772386431","0xbb5cff4a4616ea44b2fc1f07529fa269cf88dd6ff2c8ad303c1246305e2b3fd2"
"Solana Up or Down - March 1, 12:25PM-12:30PM ET","Buy","0.513529","3.423526","Down","1772386123","0xc74e32992ed86c66c833c8cf2eb56b0489ead6f2b30a9d9a94874aee0f69180d"
"Solana Up or Down - March 1, 12:25PM-12:30PM ET","Buy","0.735","4.9","Down","1772386123","0xc8ffbd1a9826e9998b6ddb704ddbfd039c46d13655b3c5f4aeb25c51867b3e40"
"Solana Up or Down - March 1, 12:25PM-12:30PM ET","Buy","1.5","10","Down","1772386123","0xfada4807ca6746ba1594f246504ccb530b3bb23b05b363eb76d2d45b7336da0c"
"Solana Up or Down - March 1, 12:25PM-12:30PM ET","Buy","2.25","15","Down","1772386123","0xe87b7e4740ab7cdc03e8800c59edb61eb616bd315294d278fbffb22e48d71292"
"Solana Up or Down - March 1, 12:20PM-12:25PM ET","Buy","2.52","9","Down","1772385845","0xf451d43cb934100f7d7b6a3227233e4439093e6ff8fdb556a32563c24f15a1f7"
"Solana Up or Down - March 1, 12:20PM-12:25PM ET","Buy","2.478","8.85","Down","1772385845","0x89eda759632762848117bb2a1d31d8235f1747d12859615bedf4f0a6287b3ccc"
"Bitcoin Up or Down - March 1, 12:00PM-12:15PM ET","Buy","2.3513","21.7796","Up","1772385209","0x8d9f41d24d359eda152a8926a813d828120374cc43a320c72672e84c319e2092"
"Bitcoin Up or Down - March 1, 12:10PM-12:15PM ET","Buy","4.9998","83.2638","Up","1772385209","0x5770722e02ed70099f4babdef788636a06e057561e45d9f4fe2293d4c883ea29"
"Bitcoin Up or Down - March 1, 8:00AM-12:00PM ET","Redeem","0","0","","1772384623","0xd8e3c1852a9be1b1d463031912eefa391cd8a907f972a7a941303bff0fa393e4"
"XRP Up or Down - March 1, 10:35AM-10:40AM ET","Redeem","0","0","","1772383809","0x4d2901c32643516466a73c9f4983fe0a17b63b2ea249150ad773819274f0a5fd"
"Bitcoin Up or Down - March 1, 10:15AM-10:20AM ET","Redeem","0","0","","1772383809","0x4d2901c32643516466a73c9f4983fe0a17b63b2ea249150ad773819274f0a5fd"
"Solana Up or Down - March 1, 10:20AM-10:25AM ET","Redeem","0","0","","1772383809","0x4d2901c32643516466a73c9f4983fe0a17b63b2ea249150ad773819274f0a5fd"
"Bitcoin Up or Down - March 1, 10:05AM-10:10AM ET","Redeem","0","0","","1772383809","0x4d2901c32643516466a73c9f4983fe0a17b63b2ea249150ad773819274f0a5fd"
"Solana Up or Down - March 1, 10:30AM-10:35AM ET","Redeem","0","0","","1772383809","0x4d2901c32643516466a73c9f4983fe0a17b63b2ea249150ad773819274f0a5fd"
"Bitcoin Up or Down - March 1, 10:20AM-10:25AM ET","Redeem","0","0","","1772383809","0x4d2901c32643516466a73c9f4983fe0a17b63b2ea249150ad773819274f0a5fd"
"Solana Up or Down - March 1, 10:40AM-10:45AM ET","Redeem","0","0","","1772383809","0x4d2901c32643516466a73c9f4983fe0a17b63b2ea249150ad773819274f0a5fd"
"Solana Up or Down - March 1, 10:15AM-10:30AM ET","Redeem","8.2008","8.2008","","1772383781","0x83422f14fd8ebb186f751d164eb0e656db4b09819ef9310d1216a87faef7c155"
"Ethereum Up or Down - March 1, 10:35AM-10:40AM ET","Redeem","8.3377","8.3377","","1772383781","0x83422f14fd8ebb186f751d164eb0e656db4b09819ef9310d1216a87faef7c155"
"Bitcoin Up or Down - March 1, 10:45AM-11:00AM ET","Redeem","8.3403","8.3403","","1772383781","0x83422f14fd8ebb186f751d164eb0e656db4b09819ef9310d1216a87faef7c155"
"Ethereum Up or Down - March 1, 10:30AM-10:45AM ET","Redeem","8.6383","8.6383","","1772383781","0x83422f14fd8ebb186f751d164eb0e656db4b09819ef9310d1216a87faef7c155"
"Bitcoin Up or Down - March 1, 10:35AM-10:40AM ET","Redeem","9.8483","9.8483","","1772383781","0x83422f14fd8ebb186f751d164eb0e656db4b09819ef9310d1216a87faef7c155"
"Bitcoin Up or Down - March 1, 10:30AM-10:45AM ET","Redeem","14.0562","14.0562","","1772383781","0x83422f14fd8ebb186f751d164eb0e656db4b09819ef9310d1216a87faef7c155"
"XRP Up or Down - March 1, 10:15AM-10:30AM ET","Redeem","14.5584","14.5584","","1772383781","0x83422f14fd8ebb186f751d164eb0e656db4b09819ef9310d1216a87faef7c155"
"Solana Up or Down - March 1, 10:30AM-10:45AM ET","Redeem","14.6386","14.6386","","1772383781","0x83422f14fd8ebb186f751d164eb0e656db4b09819ef9310d1216a87faef7c155"
"Bitcoin Up or Down - March 1, 10:15AM-10:30AM ET","Redeem","14.81","14.81","","1772383781","0x83422f14fd8ebb186f751d164eb0e656db4b09819ef9310d1216a87faef7c155"
"Ethereum Up or Down - March 1, 10:15AM-10:30AM ET","Redeem","18.4971","18.4971","","1772383781","0x83422f14fd8ebb186f751d164eb0e656db4b09819ef9310d1216a87faef7c155"
"Solana Up or Down - March 1, 10:00AM-10:15AM ET","Redeem","5.74","5.74","","1772383781","0xfbfb9998d08a3db82b311bc2bd19ae2c93ffede839a3322e22c3d11085e82d8b"
"Bitcoin Up or Down - March 1, 10:00AM-10:15AM ET","Redeem","6.056594","6.056594","","1772383781","0xfbfb9998d08a3db82b311bc2bd19ae2c93ffede839a3322e22c3d11085e82d8b"
"XRP Up or Down - March 1, 10:00AM-10:15AM ET","Redeem","6.21","6.21","","1772383781","0xfbfb9998d08a3db82b311bc2bd19ae2c93ffede839a3322e22c3d11085e82d8b"
"Ethereum Up or Down - March 1, 10:00AM-10:15AM ET","Redeem","6.31476","6.31476","","1772383781","0xfbfb9998d08a3db82b311bc2bd19ae2c93ffede839a3322e22c3d11085e82d8b"
"Bitcoin Up or Down - March 1, 10:30AM-10:35AM ET","Redeem","7.1489","7.1489","","1772383781","0xfbfb9998d08a3db82b311bc2bd19ae2c93ffede839a3322e22c3d11085e82d8b"
"XRP Up or Down - March 1, 10:45AM-11:00AM ET","Redeem","7.576","7.576","","1772383781","0xfbfb9998d08a3db82b311bc2bd19ae2c93ffede839a3322e22c3d11085e82d8b"
"XRP Up or Down - March 1, 10:30AM-10:45AM ET","Redeem","7.6983","7.6983","","1772383781","0xfbfb9998d08a3db82b311bc2bd19ae2c93ffede839a3322e22c3d11085e82d8b"
"Solana Up or Down - March 1, 10:45AM-11:00AM ET","Redeem","7.944","7.944","","1772383781","0xfbfb9998d08a3db82b311bc2bd19ae2c93ffede839a3322e22c3d11085e82d8b"
"Bitcoin Up or Down - March 1, 10:40AM-10:45AM ET","Redeem","8.0742","8.0742","","1772383781","0xfbfb9998d08a3db82b311bc2bd19ae2c93ffede839a3322e22c3d11085e82d8b"
"Solana Up or Down - March 1, 10:45AM-11:00AM ET","Buy","3.50619","9.476189","Up","1772380025","0xf625f57e6e1854aeb73651c63207edb6fa14a0cea154debec24ede241f2e6ba4"
"Solana Up or Down - March 1, 10:45AM-11:00AM ET","Buy","1.4911","4.03","Up","1772380025","0x7e81f14fa87d4ac02e709771ac9e6611a8ae108ba60c8fe2e076305b5d2a33e6"
"XRP Up or Down - March 1, 10:45AM-11:00AM ET","Buy","4.4602","7.5760000000000005","Down","1772380009","0x797806f69b172d801b79d5f1baf49b389f75eda695fb9c4684499ce9f9b0dc60"
"Bitcoin Up or Down - March 1, 10AM ET","Buy","5","250","Down","1772380009","0x3403a9272d9245046e841088c1ab7041198919c51da1a2ab578afe1251c687fd"
"Solana Up or Down - March 1, 10:45AM-11:00AM ET","Buy","4.836","7.944000000000001","Down","1772380007","0xb1475333bb0ba2ac5d4f4aa1e3f1e8e7ed21e86e333a1fd6ca201f5774ee9c1e"
"Bitcoin Up or Down - March 1, 10:45AM-11:00AM ET","Buy","4.6585","8.340300000000001","Down","1772380005","0x89ee226ee3d2c7fc7cf07e4baf5b70708965b35f84b89271fc39bb332ba768e7"
"Solana Up or Down - March 1, 10:40AM-10:45AM ET","Buy","4.228","30.2","Down","1772379875","0xde4a0a4a7efd37ae6551ec78677b58715d54b02352b31103699bbdb79b31cd27"
"Solana Up or Down - March 1, 10:40AM-10:45AM ET","Buy","0.7714","5.51","Down","1772379875","0xdc30535054ba7e3213c290801bc31608c0739b17c7982ffbe24a1ef10f124170"
"Bitcoin Up or Down - March 1, 10:40AM-10:45AM ET","Buy","4.9979","12.19","Down","1772379871","0xb681a985b4da599f0c83b7b3ec804fe61cbccb1a56cc5c483d30ce39268d755e"
"Bitcoin Up or Down - March 1, 10:40AM-10:45AM ET","Buy","3.1941","8.0742","Up","1772379703","0x8e5f4ee1f9e7578120b7c5b78de1f057a8bb8b3d4bd5c23987e5e7f50ee44e01"
"Bitcoin Up or Down - March 1, 10:35AM-10:40AM ET","Buy","4.9961","10.63","Down","1772379571","0xb67a9fb1bbbc94486dc519605717aceed83cfa8888c4125de297e47e57052d88"
"Bitcoin Up or Down - March 1, 10:30AM-10:45AM ET","Buy","4.8716","6.3567","Up","1772379405","0xb0038805faa9ab040ab216a8d7432e43a7060d8c42ec2412035f61e5af222ebe"
"Ethereum Up or Down - March 1, 10:35AM-10:40AM ET","Buy","4.9961","10.63","Down","1772379405","0x31be081c61a7935b3d371410b54555e4779e6deab7cdabe4c704487e57938e05"
"Solana Up or Down - March 1, 10:30AM-10:45AM ET","Buy","4.948","5.8539","Up","1772379403","0xfd242e2ba735dc904cc11d872fa499a8544a48b95c2a2ce0735c6dde95e5f96c"
"XRP Up or Down - March 1, 10:35AM-10:40AM ET","Buy","4.9995","10.9399","Down","1772379403","0x18158e0f3fec8157dcbe96fa2901b35e351fa8baea70c9f36ff03034427b758b"
"Ethereum Up or Down - March 1, 10:35AM-10:40AM ET","Buy","4.235","8.3377","Up","1772379403","0xf8b74698497a56faf2d39a437ea71b0d4c1c07d5fa4effe948378ac81c62f783"
"Bitcoin Up or Down - March 1, 10:35AM-10:40AM ET","Buy","4.4","9.8483","Up","1772379401","0x522943c87d877642cdb168443be2311a658eefe8b21561cba2665e5df9c3d110"
"Bitcoin Up or Down - March 1, 10:30AM-10:35AM ET","Buy","3.3192","13.83","Down","1772379215","0x97e41dd2108df5b84c2999054ecd7f573cbb466d7a6447e19a0db496077511f1"
"Bitcoin Up or Down - March 1, 10:30AM-10:35AM ET","Buy","1.68","7","Down","1772379215","0x76ee2f9f91be014fd0f149685523ae502f4093f72c1cc814063b6f8056330bcb"